fecha,estacion,direccion
2010-01-01,Arrasate,231
2010-01-01,Berastegi,337
2010-01-01,Bidania,272
2010-01-02,Arrasate,215
2010-01-03,Arrasate,229
2010-01-03,Berastegi,140
2010-01-03,Bidania,159
2010-01-04,Arrasate,37
2010-01-04,Berastegi,338
2010-01-04,Bidania,132
2010-01-05,Arrasate,353
2010-01-06,Arrasate,274
2010-01-06,Berastegi,325
2010-01-06,Bidania,324
2010-01-07,Arrasate,355
2010-01-08,Arrasate,355
2010-01-08,Berastegi,295
2010-01-08,Bidania,323
2010-01-09,Arrasate,316
2010-01-09,Berastegi,326
2010-01-09,Bidania,321
2010-01-10,Arrasate,184
2010-01-11,Arrasate,189
2010-01-11,Berastegi,168
2010-01-11,Bidania,118
2010-01-12,Arrasate,232
2010-01-12,Berastegi,139
2010-01-13,Arrasate,210
2010-01-13,Berastegi,149
2010-01-13,Bidania,157
2010-01-14,Arrasate,279
2010-01-14,Berastegi,275
2010-01-15,Arrasate,227
2010-01-15,Berastegi,132
2010-01-15,Bidania,165
2010-01-16,Arrasate,211
2010-01-16,Berastegi,141
2010-01-16,Bidania,157
2010-01-17,Arrasate,127
2010-01-18,Arrasate,165
2010-01-18,Berastegi,154
2010-01-18,Bidania,139
2010-01-19,Arrasate,191
2010-01-19,Berastegi,140
2010-01-19,Bidania,166
2010-01-20,Arrasate,260
2010-01-20,Berastegi,324
2010-01-21,Arrasate,243
2010-01-21,Berastegi,294
2010-01-21,Bidania,148
2010-01-22,Arrasate,197
2010-01-22,Berastegi,266
2010-01-22,Bidania,130
2010-01-23,Arrasate,162
2010-01-23,Berastegi,158
2010-01-24,Arrasate,343
2010-01-25,Arrasate,16
2010-01-25,Berastegi,312
2010-01-25,Bidania,351
2010-01-26,Arrasate,338
2010-01-26,Berastegi,323
2010-01-26,Bidania,335
2010-01-27,Arrasate,352
2010-01-27,Berastegi,303
2010-01-27,Bidania,331
2010-01-28,Arrasate,305
2010-01-28,Berastegi,335
2010-01-28,Bidania,318
2010-01-29,Arrasate,293
2010-01-30,Arrasate,291
2010-01-31,Arrasate,36
2010-02-01,Arrasate,315
2010-02-01,Berastegi,304
2010-02-02,Arrasate,211
2010-02-02,Berastegi,145
2010-02-02,Bidania,149
2010-02-03,Arrasate,192
2010-02-03,Berastegi,147
2010-02-03,Bidania,131
2010-02-04,Arrasate,166
2010-02-04,Berastegi,150
2010-02-04,Bidania,155
2010-02-05,Arrasate,210
2010-02-05,Berastegi,226
2010-02-05,Bidania,249
2010-02-06,Arrasate,261
2010-02-07,Arrasate,114
2010-02-07,Berastegi,328
2010-02-07,Bidania,348
2010-02-08,Arrasate,300
2010-02-08,Berastegi,130
2010-02-08,Bidania,254
2010-02-09,Arrasate,333
2010-02-10,Arrasate,346
2010-02-10,Berastegi,338
2010-02-10,Bidania,327
2010-02-11,Arrasate,330
2010-02-12,Arrasate,2
2010-02-12,Berastegi,331
2010-02-13,Arrasate,29
2010-02-13,Berastegi,323
2010-02-13,Bidania,337
2010-02-14,Arrasate,44
2010-02-14,Berastegi,354
2010-02-15,Arrasate,112
2010-02-15,Berastegi,158
2010-02-15,Bidania,136
2010-02-16,Arrasate,168
2010-02-16,Berastegi,148
2010-02-16,Bidania,137
2010-02-17,Arrasate,269
2010-02-18,Arrasate,211
2010-02-18,Berastegi,159
2010-02-18,Bidania,162
2010-02-19,Arrasate,321
2010-02-19,Berastegi,342
2010-02-19,Bidania,318
2010-02-20,Arrasate,201
2010-02-20,Berastegi,244
2010-02-20,Bidania,244
2010-02-21,Arrasate,153
2010-02-21,Berastegi,148
2010-02-21,Bidania,155
2010-02-22,Arrasate,197
2010-02-22,Berastegi,152
2010-02-22,Bidania,167
2010-02-23,Arrasate,204
2010-02-23,Berastegi,177
2010-02-23,Bidania,193
2010-02-24,Arrasate,215
2010-02-24,Berastegi,182
2010-02-24,Bidania,207
2010-02-25,Arrasate,221
2010-02-25,Berastegi,169
2010-02-25,Bidania,188
2010-02-26,Arrasate,197
2010-02-26,Berastegi,219
2010-02-26,Bidania,198
2010-02-27,Arrasate,160
2010-02-27,Berastegi,154
2010-02-27,Bidania,159
2010-02-28,Arrasate,215
2010-02-28,Berastegi,246
2010-02-28,Bidania,215
2010-03-01,Arrasate,201
2010-03-01,Berastegi,185
2010-03-01,Bidania,194
2010-03-02,Arrasate,139
2010-03-02,Berastegi,160
2010-03-02,Bidania,138
2010-03-03,Arrasate,164
2010-03-03,Berastegi,152
2010-03-03,Bidania,159
2010-03-04,Arrasate,302
2010-03-05,Arrasate,8
2010-03-05,Berastegi,316
2010-03-05,Bidania,11
2010-03-06,Arrasate,104
2010-03-06,Berastegi,145
2010-03-06,Bidania,124
2010-03-07,Arrasate,342
2010-03-07,Berastegi,330
2010-03-07,Bidania,317
2010-03-08,Arrasate,341
2010-03-08,Berastegi,320
2010-03-08,Bidania,331
2010-03-09,Arrasate,340
2010-03-09,Berastegi,331
2010-03-09,Bidania,323
2010-03-09,Zegama,333
2010-03-10,Arrasate,337
2010-03-10,Berastegi,328
2010-03-10,Bidania,328
2010-03-10,Zegama,333
2010-03-11,Arrasate,19
2010-03-11,Berastegi,324
2010-03-11,Bidania,332
2010-03-11,Zegama,319
2010-03-12,Arrasate,357
2010-03-12,Berastegi,311
2010-03-12,Bidania,337
2010-03-12,Zegama,331
2010-03-13,Arrasate,350
2010-03-13,Berastegi,324
2010-03-13,Bidania,322
2010-03-13,Zegama,325
2010-03-14,Arrasate,14
2010-03-14,Berastegi,307
2010-03-14,Bidania,338
2010-03-14,Zegama,338
2010-03-15,Arrasate,27
2010-03-15,Berastegi,317
2010-03-15,Bidania,323
2010-03-15,Zegama,328
2010-03-16,Arrasate,182
2010-03-16,Berastegi,142
2010-03-16,Bidania,142
2010-03-16,Zegama,128
2010-03-17,Arrasate,149
2010-03-17,Berastegi,146
2010-03-17,Bidania,153
2010-03-17,Zegama,127
2010-03-18,Arrasate,155
2010-03-18,Berastegi,148
2010-03-18,Bidania,161
2010-03-18,Zegama,135
2010-03-19,Arrasate,182
2010-03-19,Berastegi,146
2010-03-19,Bidania,158
2010-03-19,Zegama,141
2010-03-20,Arrasate,217
2010-03-20,Berastegi,149
2010-03-20,Bidania,173
2010-03-20,Zegama,133
2010-03-21,Arrasate,10
2010-03-21,Zegama,337
2010-03-22,Arrasate,346
2010-03-22,Berastegi,342
2010-03-22,Zegama,322
2010-03-23,Arrasate,149
2010-03-23,Berastegi,143
2010-03-23,Bidania,158
2010-03-23,Zegama,127
2010-03-24,Arrasate,151
2010-03-24,Berastegi,151
2010-03-24,Bidania,159
2010-03-24,Zegama,130
2010-03-25,Arrasate,183
2010-03-25,Berastegi,158
2010-03-25,Bidania,164
2010-03-25,Zegama,139
2010-03-26,Arrasate,210
2010-03-26,Berastegi,185
2010-03-26,Bidania,199
2010-03-26,Zegama,148
2010-03-27,Arrasate,242
2010-03-27,Berastegi,316
2010-03-27,Bidania,275
2010-03-27,Zegama,147
2010-03-28,Arrasate,199
2010-03-28,Berastegi,148
2010-03-28,Bidania,141
2010-03-28,Zegama,133
2010-03-29,Arrasate,204
2010-03-29,Berastegi,151
2010-03-29,Bidania,166
2010-03-29,Zegama,139
2010-03-30,Arrasate,256
2010-03-30,Berastegi,309
2010-03-30,Bidania,271
2010-03-30,Zegama,101
2010-03-31,Arrasate,220
2010-03-31,Berastegi,219
2010-03-31,Bidania,238
2010-03-31,Zegama,180
2010-04-01,Arrasate,360
2010-04-01,Berastegi,347
2010-04-01,Bidania,309
2010-04-01,Zegama,25
2010-04-02,Arrasate,209
2010-04-02,Berastegi,187
2010-04-02,Bidania,188
2010-04-02,Zegama,190
2010-04-03,Arrasate,218
2010-04-03,Berastegi,195
2010-04-03,Bidania,212
2010-04-03,Zegama,141
2010-04-04,Arrasate,298
2010-04-04,Berastegi,326
2010-04-04,Zegama,331
2010-04-05,Arrasate,156
2010-04-05,Berastegi,132
2010-04-05,Bidania,140
2010-04-05,Zegama,128
2010-04-06,Arrasate,154
2010-04-06,Berastegi,149
2010-04-06,Bidania,163
2010-04-06,Zegama,127
2010-04-07,Arrasate,332
2010-04-07,Zegama,331
2010-04-08,Arrasate,343
2010-04-08,Berastegi,328
2010-04-08,Zegama,338
2010-04-09,Arrasate,16
2010-04-09,Berastegi,338
2010-04-09,Bidania,23
2010-04-09,Zegama,337
2010-04-10,Arrasate,11
2010-04-10,Berastegi,331
2010-04-10,Bidania,105
2010-04-10,Zegama,21
2010-04-11,Arrasate,347
2010-04-11,Berastegi,325
2010-04-11,Bidania,315
2010-04-11,Zegama,0
2010-04-12,Arrasate,338
2010-04-12,Berastegi,320
2010-04-12,Bidania,320
2010-04-12,Zegama,335
2010-04-13,Arrasate,360
2010-04-13,Berastegi,315
2010-04-13,Bidania,328
2010-04-13,Zegama,357
2010-04-14,Arrasate,14
2010-04-14,Berastegi,319
2010-04-14,Bidania,57
2010-04-14,Zegama,343
2010-04-15,Arrasate,128
2010-04-15,Berastegi,169
2010-04-15,Bidania,128
2010-04-15,Zegama,132
2010-04-16,Arrasate,13
2010-04-16,Berastegi,312
2010-04-16,Bidania,73
2010-04-16,Zegama,359
2010-04-17,Arrasate,145
2010-04-17,Berastegi,159
2010-04-17,Bidania,131
2010-04-17,Zegama,134
2010-04-18,Arrasate,166
2010-04-18,Berastegi,146
2010-04-18,Bidania,152
2010-04-18,Zegama,128
2010-04-19,Arrasate,326
2010-04-19,Berastegi,319
2010-04-19,Bidania,280
2010-04-19,Zegama,128
2010-04-20,Arrasate,341
2010-04-20,Berastegi,332
2010-04-20,Bidania,317
2010-04-20,Zegama,350
2010-04-21,Arrasate,181
2010-04-21,Berastegi,143
2010-04-21,Bidania,148
2010-04-21,Zegama,119
2010-04-22,Arrasate,359
2010-04-22,Zegama,12
2010-04-23,Arrasate,340
2010-04-23,Zegama,344
2010-04-24,Arrasate,6
2010-04-24,Berastegi,329
2010-04-24,Bidania,297
2010-04-24,Zegama,10
2010-04-25,Arrasate,23
2010-04-25,Berastegi,329
2010-04-25,Zegama,340
2010-04-26,Arrasate,344
2010-04-26,Berastegi,326
2010-04-26,Bidania,322
2010-04-26,Zegama,338
2010-04-27,Arrasate,47
2010-04-27,Berastegi,313
2010-04-27,Bidania,39
2010-04-27,Zegama,348
2010-04-28,Arrasate,153
2010-04-28,Berastegi,149
2010-04-28,Bidania,148
2010-04-28,Zegama,126
2010-04-29,Arrasate,63
2010-04-29,Berastegi,123
2010-04-29,Bidania,152
2010-04-29,Zegama,116
2010-04-30,Arrasate,4
2010-04-30,Berastegi,326
2010-04-30,Zegama,349
2010-05-01,Arrasate,18
2010-05-01,Miramon,307
2010-05-01,Zegama,342
2010-05-02,Arrasate,324
2010-05-02,Miramon,229
2010-05-02,Zegama,334
2010-05-03,Arrasate,321
2010-05-03,Berastegi,323
2010-05-03,Miramon,341
2010-05-03,Zegama,319
2010-05-04,Arrasate,332
2010-05-04,Berastegi,313
2010-05-04,Miramon,354
2010-05-04,Zegama,322
2010-05-05,Arrasate,299
2010-05-05,Miramon,323
2010-05-05,Zegama,322
2010-05-06,Arrasate,307
2010-05-06,Berastegi,329
2010-05-06,Bidania,314
2010-05-06,Miramon,312
2010-05-06,Zegama,323
2010-05-07,Arrasate,222
2010-05-07,Berastegi,336
2010-05-07,Bidania,164
2010-05-07,Miramon,277
2010-05-07,Zegama,123
2010-05-08,Arrasate,213
2010-05-08,Berastegi,158
2010-05-08,Bidania,150
2010-05-08,Miramon,159
2010-05-08,Zegama,144
2010-05-09,Arrasate,167
2010-05-09,Berastegi,153
2010-05-09,Bidania,148
2010-05-09,Miramon,172
2010-05-09,Zegama,139
2010-05-10,Arrasate,208
2010-05-10,Berastegi,230
2010-05-10,Bidania,230
2010-05-10,Miramon,215
2010-05-10,Zegama,161
2010-05-11,Arrasate,345
2010-05-11,Berastegi,327
2010-05-11,Bidania,308
2010-05-11,Miramon,269
2010-05-11,Zegama,246
2010-05-12,Arrasate,337
2010-05-12,Miramon,308
2010-05-12,Zegama,341
2010-05-13,Arrasate,351
2010-05-13,Berastegi,325
2010-05-13,Miramon,316
2010-05-13,Zegama,318
2010-05-14,Arrasate,342
2010-05-14,Berastegi,322
2010-05-14,Bidania,314
2010-05-14,Miramon,241
2010-05-14,Zegama,329
2010-05-15,Arrasate,297
2010-05-15,Berastegi,310
2010-05-15,Miramon,296
2010-05-15,Zegama,326
2010-05-16,Arrasate,332
2010-05-16,Berastegi,328
2010-05-16,Bidania,313
2010-05-16,Miramon,303
2010-05-16,Zegama,325
2010-05-17,Arrasate,7
2010-05-17,Berastegi,324
2010-05-17,Bidania,322
2010-05-17,Miramon,286
2010-05-17,Zegama,351
2010-05-18,Arrasate,351
2010-05-18,Berastegi,320
2010-05-18,Bidania,315
2010-05-18,Miramon,277
2010-05-18,Zegama,334
2010-05-19,Arrasate,351
2010-05-19,Berastegi,322
2010-05-19,Bidania,315
2010-05-19,Miramon,285
2010-05-19,Zegama,340
2010-05-20,Arrasate,10
2010-05-20,Berastegi,314
2010-05-20,Bidania,6
2010-05-20,Miramon,294
2010-05-20,Zegama,353
2010-05-21,Arrasate,10
2010-05-21,Berastegi,326
2010-05-21,Bidania,55
2010-05-21,Miramon,260
2010-05-21,Zegama,356
2010-05-22,Arrasate,14
2010-05-22,Berastegi,336
2010-05-22,Bidania,99
2010-05-22,Miramon,240
2010-05-22,Zegama,358
2010-05-23,Arrasate,36
2010-05-23,Berastegi,202
2010-05-23,Bidania,120
2010-05-23,Miramon,218
2010-05-23,Zegama,124
2010-05-24,Arrasate,167
2010-05-24,Berastegi,143
2010-05-24,Bidania,138
2010-05-24,Miramon,177
2010-05-24,Zegama,133
2010-05-25,Arrasate,213
2010-05-25,Berastegi,157
2010-05-25,Bidania,154
2010-05-25,Miramon,250
2010-05-25,Zegama,133
2010-05-26,Arrasate,274
2010-05-26,Berastegi,312
2010-05-26,Bidania,270
2010-05-26,Miramon,278
2010-05-26,Zegama,96
2010-05-27,Arrasate,356
2010-05-27,Berastegi,346
2010-05-27,Bidania,329
2010-05-27,Miramon,303
2010-05-27,Zegama,341
2010-05-28,Arrasate,31
2010-05-28,Berastegi,320
2010-05-28,Miramon,272
2010-05-28,Zegama,337
2010-05-29,Arrasate,346
2010-05-29,Berastegi,333
2010-05-29,Bidania,311
2010-05-29,Miramon,233
2010-05-29,Zegama,346
2010-05-30,Arrasate,348
2010-05-30,Miramon,280
2010-05-30,Zegama,346
2010-05-31,Arrasate,347
2010-05-31,Berastegi,318
2010-05-31,Bidania,311
2010-05-31,Miramon,309
2010-05-31,Zegama,330
2010-06-01,Arrasate,349
2010-06-01,Berastegi,326
2010-06-01,Bidania,312
2010-06-01,Miramon,309
2010-06-01,Zegama,355
2010-06-02,Arrasate,5
2010-06-02,Berastegi,327
2010-06-02,Bidania,313
2010-06-02,Miramon,322
2010-06-02,Zegama,340
2010-06-03,Arrasate,10
2010-06-03,Berastegi,323
2010-06-03,Bidania,307
2010-06-03,Miramon,305
2010-06-03,Zegama,341
2010-06-04,Arrasate,350
2010-06-04,Berastegi,312
2010-06-04,Bidania,316
2010-06-04,Miramon,261
2010-06-04,Zegama,343
2010-06-05,Arrasate,2
2010-06-05,Berastegi,339
2010-06-05,Bidania,267
2010-06-05,Miramon,312
2010-06-05,Zegama,45
2010-06-06,Arrasate,48
2010-06-06,Berastegi,323
2010-06-06,Miramon,284
2010-06-06,Zegama,348
2010-06-07,Arrasate,338
2010-06-07,Berastegi,26
2010-06-07,Bidania,172
2010-06-07,Miramon,300
2010-06-07,Zegama,42
2010-06-08,Arrasate,15
2010-06-08,Berastegi,334
2010-06-08,Bidania,330
2010-06-08,Miramon,358
2010-06-08,Zegama,353
2010-06-09,Arrasate,143
2010-06-09,Berastegi,157
2010-06-09,Bidania,139
2010-06-09,Miramon,156
2010-06-09,Zegama,133
2010-06-10,Arrasate,194
2010-06-10,Berastegi,162
2010-06-10,Bidania,171
2010-06-10,Miramon,194
2010-06-10,Zegama,146
2010-06-11,Arrasate,210
2010-06-11,Berastegi,199
2010-06-11,Bidania,201
2010-06-11,Miramon,218
2010-06-11,Zegama,190
2010-06-12,Arrasate,3
2010-06-12,Berastegi,331
2010-06-12,Miramon,245
2010-06-13,Arrasate,332
2010-06-13,Berastegi,333
2010-06-13,Miramon,292
2010-06-13,Zegama,336
2010-06-14,Arrasate,311
2010-06-14,Miramon,277
2010-06-14,Zegama,337
2010-06-15,Arrasate,335
2010-06-15,Berastegi,332
2010-06-15,Miramon,280
2010-06-15,Zegama,349
2010-06-16,Arrasate,293
2010-06-16,Miramon,294
2010-06-16,Zegama,323
2010-06-17,Arrasate,289
2010-06-17,Miramon,263
2010-06-17,Zegama,335
2010-06-18,Arrasate,349
2010-06-18,Miramon,260
2010-06-18,Zegama,343
2010-06-19,Arrasate,307
2010-06-19,Berastegi,333
2010-06-19,Bidania,309
2010-06-19,Miramon,300
2010-06-19,Zegama,331
2010-06-20,Arrasate,336
2010-06-20,Berastegi,328
2010-06-20,Bidania,327
2010-06-20,Miramon,345
2010-06-20,Zegama,336
2010-06-21,Arrasate,12
2010-06-21,Berastegi,309
2010-06-21,Bidania,318
2010-06-21,Miramon,2
2010-06-21,Zegama,341
2010-06-22,Arrasate,9
2010-06-22,Berastegi,318
2010-06-22,Bidania,332
2010-06-22,Miramon,313
2010-06-22,Zegama,358
2010-06-23,Arrasate,16
2010-06-23,Berastegi,314
2010-06-23,Bidania,356
2010-06-23,Miramon,247
2010-06-23,Zegama,352
2010-06-24,Arrasate,355
2010-06-24,Berastegi,324
2010-06-24,Bidania,311
2010-06-24,Miramon,226
2010-06-24,Zegama,336
2010-06-25,Arrasate,6
2010-06-25,Berastegi,328
2010-06-25,Bidania,316
2010-06-25,Miramon,237
2010-06-25,Zegama,334
2010-06-26,Arrasate,343
2010-06-26,Berastegi,313
2010-06-26,Bidania,313
2010-06-26,Miramon,305
2010-06-26,Zegama,359
2010-06-27,Arrasate,347
2010-06-27,Berastegi,329
2010-06-27,Miramon,302
2010-06-27,Zegama,348
2010-06-28,Arrasate,342
2010-06-28,Berastegi,322
2010-06-28,Miramon,309
2010-06-28,Zegama,14
2010-06-29,Arrasate,7
2010-06-29,Berastegi,318
2010-06-29,Bidania,338
2010-06-29,Miramon,298
2010-06-29,Zegama,354
2010-06-30,Arrasate,27
2010-06-30,Berastegi,316
2010-06-30,Bidania,334
2010-06-30,Miramon,263
2010-06-30,Zegama,347
2010-07-01,Arrasate,4
2010-07-01,Berastegi,13
2010-07-01,Bidania,122
2010-07-01,Miramon,253
2010-07-01,Zegama,107
2010-07-02,Arrasate,356
2010-07-02,Berastegi,338
2010-07-02,Bidania,82
2010-07-02,Miramon,326
2010-07-02,Zegama,120
2010-07-03,Arrasate,360
2010-07-03,Berastegi,338
2010-07-03,Miramon,327
2010-07-03,Zegama,344
2010-07-04,Arrasate,2
2010-07-04,Miramon,324
2010-07-04,Zegama,337
2010-07-05,Arrasate,343
2010-07-05,Berastegi,327
2010-07-05,Miramon,309
2010-07-05,Zegama,345
2010-07-06,Arrasate,20
2010-07-06,Berastegi,325
2010-07-06,Miramon,334
2010-07-06,Zegama,337
2010-07-07,Arrasate,95
2010-07-07,Berastegi,335
2010-07-07,Bidania,159
2010-07-07,Miramon,247
2010-07-07,Zegama,350
2010-07-08,Arrasate,303
2010-07-08,Berastegi,115
2010-07-08,Bidania,134
2010-07-08,Miramon,313
2010-07-08,Zegama,135
2010-07-09,Arrasate,344
2010-07-09,Miramon,292
2010-07-09,Zegama,340
2010-07-10,Arrasate,7
2010-07-10,Berastegi,332
2010-07-10,Bidania,323
2010-07-10,Miramon,315
2010-07-10,Zegama,315
2010-07-11,Arrasate,357
2010-07-11,Berastegi,334
2010-07-11,Miramon,302
2010-07-11,Zegama,338
2010-07-12,Arrasate,355
2010-07-12,Berastegi,337
2010-07-12,Miramon,319
2010-07-12,Zegama,337
2010-07-13,Arrasate,6
2010-07-13,Berastegi,333
2010-07-13,Bidania,309
2010-07-13,Miramon,336
2010-07-13,Zegama,352
2010-07-14,Arrasate,359
2010-07-14,Berastegi,337
2010-07-14,Miramon,302
2010-07-14,Zegama,345
2010-07-15,Arrasate,17
2010-07-15,Berastegi,315
2010-07-15,Bidania,298
2010-07-15,Miramon,330
2010-07-15,Zegama,331
2010-07-16,Arrasate,358
2010-07-16,Berastegi,334
2010-07-16,Bidania,316
2010-07-16,Miramon,288
2010-07-16,Zegama,351
2010-07-17,Arrasate,7
2010-07-17,Berastegi,335
2010-07-17,Miramon,152
2010-07-17,Zegama,335
2010-07-18,Arrasate,12
2010-07-18,Berastegi,320
2010-07-18,Bidania,336
2010-07-18,Miramon,318
2010-07-18,Zegama,339
2010-07-19,Arrasate,336
2010-07-19,Berastegi,325
2010-07-19,Bidania,322
2010-07-19,Miramon,263
2010-07-19,Zegama,353
2010-07-20,Arrasate,360
2010-07-20,Berastegi,334
2010-07-20,Miramon,255
2010-07-20,Zegama,1
2010-07-21,Arrasate,358
2010-07-21,Miramon,227
2010-07-21,Zegama,346
2010-07-22,Arrasate,350
2010-07-22,Miramon,183
2010-07-22,Zegama,334
2010-07-23,Arrasate,342
2010-07-23,Berastegi,332
2010-07-23,Miramon,266
2010-07-23,Zegama,345
2010-07-24,Arrasate,8
2010-07-24,Berastegi,323
2010-07-24,Miramon,300
2010-07-24,Zegama,354
2010-07-25,Arrasate,358
2010-07-25,Berastegi,332
2010-07-25,Miramon,231
2010-07-25,Zegama,335
2010-07-26,Arrasate,356
2010-07-26,Berastegi,330
2010-07-26,Miramon,301
2010-07-26,Zegama,334
2010-07-27,Arrasate,18
2010-07-27,Berastegi,330
2010-07-27,Bidania,50
2010-07-27,Miramon,347
2010-07-27,Zegama,337
2010-07-28,Arrasate,10
2010-07-28,Berastegi,328
2010-07-28,Miramon,282
2010-07-28,Zegama,344
2010-07-29,Arrasate,342
2010-07-29,Berastegi,327
2010-07-29,Miramon,308
2010-07-29,Zegama,331
2010-07-30,Arrasate,0
2010-07-30,Berastegi,335
2010-07-30,Miramon,309
2010-07-30,Zegama,342
2010-07-31,Arrasate,356
2010-07-31,Berastegi,337
2010-07-31,Miramon,290
2010-07-31,Zegama,353
2010-08-01,Arrasate,16
2010-08-01,Berastegi,322
2010-08-01,Miramon,274
2010-08-01,Zegama,340
2010-08-02,Arrasate,357
2010-08-02,Berastegi,319
2010-08-02,Miramon,220
2010-08-02,Zegama,323
2010-08-03,Arrasate,332
2010-08-03,Miramon,282
2010-08-03,Zegama,342
2010-08-04,Arrasate,328
2010-08-04,Berastegi,340
2010-08-04,Miramon,258
2010-08-04,Zegama,333
2010-08-05,Arrasate,344
2010-08-05,Berastegi,332
2010-08-05,Bidania,318
2010-08-05,Miramon,323
2010-08-05,Zegama,342
2010-08-06,Arrasate,36
2010-08-06,Berastegi,321
2010-08-06,Bidania,3
2010-08-06,Miramon,112
2010-08-06,Zegama,346
2010-08-07,Arrasate,351
2010-08-07,Berastegi,326
2010-08-07,Bidania,311
2010-08-07,Miramon,254
2010-08-07,Zegama,349
2010-08-08,Arrasate,9
2010-08-08,Berastegi,323
2010-08-08,Miramon,19
2010-08-08,Zegama,336
2010-08-09,Arrasate,8
2010-08-09,Berastegi,327
2010-08-09,Miramon,307
2010-08-09,Zegama,321
2010-08-10,Arrasate,2
2010-08-10,Berastegi,332
2010-08-10,Bidania,317
2010-08-10,Miramon,220
2010-08-10,Zegama,335
2010-08-11,Arrasate,353
2010-08-11,Berastegi,326
2010-08-11,Bidania,314
2010-08-11,Miramon,232
2010-08-11,Zegama,325
2010-08-12,Arrasate,349
2010-08-12,Miramon,339
2010-08-12,Zegama,332
2010-08-13,Arrasate,341
2010-08-13,Berastegi,335
2010-08-13,Miramon,346
2010-08-13,Zegama,321
2010-08-14,Arrasate,342
2010-08-14,Berastegi,328
2010-08-14,Miramon,298
2010-08-14,Zegama,327
2010-08-15,Arrasate,348
2010-08-15,Berastegi,329
2010-08-15,Miramon,235
2010-08-15,Zegama,7
2010-08-16,Arrasate,21
2010-08-16,Berastegi,334
2010-08-16,Bidania,344
2010-08-16,Miramon,239
2010-08-16,Zegama,0
2010-08-17,Arrasate,0
2010-08-17,Berastegi,323
2010-08-17,Bidania,310
2010-08-17,Miramon,230
2010-08-17,Zegama,352
2010-08-18,Arrasate,10
2010-08-18,Berastegi,322
2010-08-18,Bidania,316
2010-08-18,Miramon,212
2010-08-18,Zegama,355
2010-08-19,Arrasate,355
2010-08-19,Berastegi,319
2010-08-19,Miramon,267
2010-08-19,Zegama,339
2010-08-20,Arrasate,17
2010-08-20,Berastegi,326
2010-08-20,Bidania,46
2010-08-20,Miramon,312
2010-08-20,Zegama,325
2010-08-21,Arrasate,119
2010-08-21,Berastegi,129
2010-08-21,Bidania,131
2010-08-21,Miramon,313
2010-08-21,Zegama,120
2010-08-22,Arrasate,4
2010-08-22,Berastegi,322
2010-08-22,Bidania,321
2010-08-22,Miramon,295
2010-08-22,Zegama,332
2010-08-23,Arrasate,4
2010-08-23,Berastegi,315
2010-08-23,Bidania,322
2010-08-23,Miramon,41
2010-08-23,Zegama,50
2010-08-24,Arrasate,357
2010-08-24,Berastegi,339
2010-08-24,Miramon,341
2010-08-24,Zegama,237
2010-08-25,Arrasate,114
2010-08-25,Berastegi,310
2010-08-25,Bidania,149
2010-08-25,Miramon,162
2010-08-25,Zegama,130
2010-08-26,Arrasate,212
2010-08-26,Berastegi,156
2010-08-26,Bidania,154
2010-08-26,Miramon,188
2010-08-26,Zegama,139
2010-08-27,Arrasate,335
2010-08-27,Berastegi,340
2010-08-27,Bidania,302
2010-08-27,Miramon,294
2010-08-27,Zegama,306
2010-08-28,Arrasate,353
2010-08-28,Berastegi,339
2010-08-28,Bidania,322
2010-08-28,Miramon,346
2010-08-28,Zegama,346
2010-08-29,Arrasate,1
2010-08-29,Berastegi,324
2010-08-29,Bidania,324
2010-08-29,Miramon,311
2010-08-29,Zegama,348
2010-08-30,Arrasate,16
2010-08-30,Berastegi,331
2010-08-30,Bidania,334
2010-08-30,Miramon,318
2010-08-30,Zegama,347
2010-08-31,Arrasate,27
2010-08-31,Berastegi,338
2010-08-31,Bidania,131
2010-08-31,Miramon,122
2010-08-31,Zegama,17
2010-09-01,Arrasate,206
2010-09-01,Berastegi,153
2010-09-01,Bidania,147
2010-09-01,Miramon,205
2010-09-01,Zegama,152
2010-09-02,Arrasate,350
2010-09-02,Berastegi,338
2010-09-02,Miramon,266
2010-09-02,Zegama,342
2010-09-03,Arrasate,359
2010-09-03,Berastegi,308
2010-09-03,Bidania,319
2010-09-03,Miramon,228
2010-09-03,Zegama,328
2010-09-04,Arrasate,347
2010-09-04,Berastegi,314
2010-09-04,Bidania,322
2010-09-04,Miramon,220
2010-09-04,Zegama,336
2010-09-05,Arrasate,69
2010-09-05,Berastegi,116
2010-09-05,Bidania,126
2010-09-05,Miramon,221
2010-09-05,Zegama,70
2010-09-06,Arrasate,314
2010-09-06,Berastegi,330
2010-09-06,Bidania,306
2010-09-06,Miramon,302
2010-09-06,Zegama,88
2010-09-07,Arrasate,226
2010-09-07,Berastegi,214
2010-09-07,Bidania,275
2010-09-07,Miramon,242
2010-09-07,Zegama,135
2010-09-08,Arrasate,326
2010-09-08,Berastegi,310
2010-09-08,Bidania,294
2010-09-08,Miramon,263
2010-09-08,Zegama,350
2010-09-09,Arrasate,327
2010-09-09,Berastegi,333
2010-09-09,Miramon,265
2010-09-09,Zegama,333
2010-09-10,Arrasate,56
2010-09-10,Berastegi,303
2010-09-10,Bidania,181
2010-09-10,Miramon,180
2010-09-10,Zegama,325
2010-09-11,Arrasate,334
2010-09-11,Berastegi,142
2010-09-11,Bidania,129
2010-09-11,Miramon,228
2010-09-11,Zegama,125
2010-09-12,Arrasate,348
2010-09-12,Berastegi,332
2010-09-12,Miramon,322
2010-09-12,Zegama,346
2010-09-13,Arrasate,14
2010-09-13,Berastegi,321
2010-09-13,Bidania,343
2010-09-13,Miramon,279
2010-09-13,Zegama,348
2010-09-14,Arrasate,1
2010-09-14,Berastegi,309
2010-09-14,Bidania,94
2010-09-14,Miramon,209
2010-09-14,Zegama,30
2010-09-15,Arrasate,19
2010-09-15,Berastegi,329
2010-09-15,Bidania,351
2010-09-15,Miramon,215
2010-09-15,Zegama,135
2010-09-16,Arrasate,28
2010-09-16,Berastegi,339
2010-09-16,Miramon,199
2010-09-16,Zegama,314
2010-09-17,Arrasate,9
2010-09-17,Miramon,91
2010-09-17,Zegama,334
2010-09-18,Arrasate,2
2010-09-18,Berastegi,318
2010-09-18,Bidania,335
2010-09-18,Miramon,225
2010-09-18,Zegama,343
2010-09-19,Arrasate,84
2010-09-19,Berastegi,317
2010-09-19,Bidania,278
2010-09-19,Miramon,178
2010-09-19,Zegama,113
2010-09-20,Arrasate,133
2010-09-20,Berastegi,133
2010-09-20,Bidania,147
2010-09-20,Miramon,198
2010-09-20,Zegama,128
2010-09-21,Arrasate,287
2010-09-21,Berastegi,163
2010-09-21,Bidania,148
2010-09-21,Miramon,239
2010-09-21,Zegama,133
2010-09-22,Arrasate,188
2010-09-22,Berastegi,145
2010-09-22,Bidania,147
2010-09-22,Miramon,220
2010-09-22,Zegama,125
2010-09-23,Arrasate,1
2010-09-23,Berastegi,332
2010-09-23,Bidania,323
2010-09-23,Miramon,307
2010-09-23,Zegama,84
2010-09-24,Arrasate,296
2010-09-24,Berastegi,327
2010-09-24,Miramon,256
2010-09-24,Zegama,330
2010-09-25,Arrasate,330
2010-09-25,Berastegi,344
2010-09-25,Miramon,303
2010-09-25,Zegama,317
2010-09-26,Arrasate,359
2010-09-26,Berastegi,324
2010-09-26,Bidania,327
2010-09-26,Miramon,349
2010-09-26,Zegama,330
2010-09-27,Arrasate,24
2010-09-27,Berastegi,326
2010-09-27,Bidania,328
2010-09-27,Miramon,192
2010-09-27,Zegama,351
2010-09-28,Arrasate,48
2010-09-28,Berastegi,306
2010-09-28,Bidania,314
2010-09-28,Miramon,162
2010-09-28,Zegama,93
2010-09-29,Arrasate,0
2010-09-29,Berastegi,324
2010-09-29,Bidania,323
2010-09-29,Miramon,201
2010-09-29,Zegama,326
2010-09-30,Arrasate,4
2010-09-30,Berastegi,319
2010-09-30,Miramon,239
2010-09-30,Zegama,352
2010-10-01,Arrasate,194
2010-10-01,Berastegi,299
2010-10-01,Bidania,158
2010-10-01,Miramon,194
2010-10-01,Zegama,129
2010-10-02,Arrasate,169
2010-10-02,Berastegi,153
2010-10-02,Bidania,155
2010-10-02,Miramon,180
2010-10-02,Zegama,134
2010-10-03,Arrasate,160
2010-10-03,Berastegi,154
2010-10-03,Bidania,154
2010-10-03,Miramon,175
2010-10-03,Zegama,133
2010-10-04,Arrasate,247
2010-10-04,Berastegi,274
2010-10-04,Miramon,254
2010-10-04,Zegama,191
2010-10-05,Arrasate,178
2010-10-05,Berastegi,154
2010-10-05,Bidania,151
2010-10-05,Miramon,182
2010-10-05,Zegama,156
2010-10-06,Arrasate,13
2010-10-06,Berastegi,139
2010-10-06,Bidania,155
2010-10-06,Miramon,325
2010-10-06,Zegama,124
2010-10-07,Arrasate,148
2010-10-07,Berastegi,151
2010-10-07,Bidania,147
2010-10-07,Miramon,171
2010-10-07,Zegama,143
2010-10-08,Arrasate,144
2010-10-08,Berastegi,154
2010-10-08,Bidania,150
2010-10-08,Miramon,164
2010-10-08,Zegama,134
2010-10-09,Arrasate,149
2010-10-09,Berastegi,152
2010-10-09,Miramon,158
2010-10-09,Zegama,144
2010-10-10,Arrasate,156
2010-10-10,Miramon,221
2010-10-10,Zegama,132
2010-10-11,Arrasate,359
2010-10-11,Miramon,21
2010-10-11,Zegama,96
2010-10-12,Arrasate,352
2010-10-12,Berastegi,323
2010-10-12,Miramon,280
2010-10-12,Zegama,337
2010-10-13,Arrasate,326
2010-10-13,Berastegi,339
2010-10-13,Miramon,293
2010-10-13,Zegama,324
2010-10-14,Arrasate,347
2010-10-14,Berastegi,333
2010-10-14,Bidania,316
2010-10-14,Miramon,303
2010-10-14,Zegama,320
2010-10-15,Arrasate,353
2010-10-15,Berastegi,333
2010-10-15,Miramon,329
2010-10-15,Zegama,333
2010-10-16,Arrasate,6
2010-10-16,Berastegi,331
2010-10-16,Miramon,216
2010-10-16,Zegama,322
2010-10-17,Arrasate,5
2010-10-17,Berastegi,318
2010-10-17,Miramon,346
2010-10-17,Zegama,324
2010-10-18,Arrasate,352
2010-10-18,Berastegi,332
2010-10-18,Bidania,325
2010-10-18,Miramon,42
2010-10-18,Zegama,323
2010-10-19,Arrasate,8
2010-10-19,Berastegi,322
2010-10-19,Bidania,335
2010-10-19,Miramon,197
2010-10-19,Zegama,322
2010-10-20,Arrasate,9
2010-10-20,Miramon,191
2010-10-20,Zegama,152
2010-10-21,Arrasate,248
2010-10-21,Berastegi,146
2010-10-21,Bidania,132
2010-10-21,Miramon,178
2010-10-21,Zegama,141
2010-10-22,Arrasate,209
2010-10-22,Berastegi,147
2010-10-22,Bidania,131
2010-10-22,Miramon,235
2010-10-22,Zegama,138
2010-10-23,Arrasate,346
2010-10-23,Berastegi,312
2010-10-23,Bidania,313
2010-10-23,Miramon,210
2010-10-23,Zegama,142
2010-10-24,Arrasate,325
2010-10-24,Berastegi,340
2010-10-24,Miramon,278
2010-10-24,Zegama,28
2010-10-25,Arrasate,356
2010-10-25,Berastegi,312
2010-10-25,Bidania,329
2010-10-25,Miramon,38
2010-10-25,Zegama,322
2010-10-26,Arrasate,174
2010-10-26,Berastegi,269
2010-10-26,Bidania,46
2010-10-26,Miramon,173
2010-10-26,Zegama,345
2010-10-27,Arrasate,59
2010-10-27,Berastegi,316
2010-10-27,Bidania,320
2010-10-27,Miramon,194
2010-10-27,Zegama,165
2010-10-28,Arrasate,177
2010-10-28,Berastegi,141
2010-10-28,Bidania,136
2010-10-28,Miramon,182
2010-10-28,Zegama,135
2010-10-29,Arrasate,167
2010-10-29,Berastegi,156
2010-10-29,Bidania,158
2010-10-29,Miramon,180
2010-10-29,Zegama,138
2010-10-30,Arrasate,191
2010-10-30,Berastegi,145
2010-10-30,Bidania,153
2010-10-30,Miramon,183
2010-10-30,Zegama,153
2010-10-31,Arrasate,198
2010-10-31,Berastegi,168
2010-10-31,Bidania,222
2010-10-31,Miramon,233
2010-10-31,Zegama,176
2010-11-01,Arrasate,319
2010-11-01,Berastegi,331
2010-11-01,Miramon,329
2010-11-01,Zegama,322
2010-11-02,Arrasate,327
2010-11-02,Berastegi,336
2010-11-02,Miramon,281
2010-11-02,Zegama,335
2010-11-03,Arrasate,354
2010-11-03,Berastegi,315
2010-11-03,Miramon,220
2010-11-03,Zegama,336
2010-11-04,Arrasate,19
2010-11-04,Berastegi,332
2010-11-04,Miramon,265
2010-11-04,Zegama,331
2010-11-05,Arrasate,209
2010-11-05,Berastegi,161
2010-11-05,Miramon,32
2010-11-05,Zegama,124
2010-11-06,Arrasate,133
2010-11-06,Berastegi,331
2010-11-06,Miramon,204
2010-11-06,Zegama,143
2010-11-07,Arrasate,281
2010-11-07,Berastegi,324
2010-11-07,Miramon,286
2010-11-07,Zegama,321
2010-11-08,Arrasate,234
2010-11-08,Berastegi,290
2010-11-08,Miramon,237
2010-11-08,Zegama,140
2010-11-09,Arrasate,239
2010-11-09,Berastegi,345
2010-11-09,Bidania,259
2010-11-09,Miramon,245
2010-11-09,Zegama,120
2010-11-10,Arrasate,264
2010-11-10,Berastegi,315
2010-11-10,Miramon,274
2010-11-10,Zegama,18
2010-11-11,Arrasate,230
2010-11-11,Berastegi,142
2010-11-11,Bidania,149
2010-11-11,Miramon,201
2010-11-11,Zegama,227
2010-11-12,Arrasate,217
2010-11-12,Berastegi,229
2010-11-12,Bidania,149
2010-11-12,Miramon,199
2010-11-12,Zegama,240
2010-11-13,Arrasate,209
2010-11-13,Berastegi,147
2010-11-13,Bidania,160
2010-11-13,Miramon,180
2010-11-13,Zegama,202
2010-11-14,Arrasate,172
2010-11-14,Berastegi,145
2010-11-14,Miramon,196
2010-11-14,Zegama,141
2010-11-15,Arrasate,266
2010-11-15,Berastegi,294
2010-11-15,Bidania,295
2010-11-15,Miramon,270
2010-11-15,Zegama,301
2010-11-16,Arrasate,217
2010-11-16,Miramon,218
2010-11-16,Zegama,282
2010-11-17,Arrasate,211
2010-11-17,Miramon,217
2010-11-17,Zegama,240
2010-11-18,Arrasate,253
2010-11-18,Berastegi,329
2010-11-18,Bidania,291
2010-11-18,Miramon,215
2010-11-18,Zegama,132
2010-11-19,Arrasate,169
2010-11-19,Berastegi,147
2010-11-19,Bidania,158
2010-11-19,Miramon,177
2010-11-19,Zegama,142
2010-11-20,Arrasate,195
2010-11-20,Berastegi,158
2010-11-20,Bidania,178
2010-11-20,Miramon,198
2010-11-20,Zegama,157
2010-11-21,Arrasate,282
2010-11-21,Berastegi,320
2010-11-21,Miramon,296
2010-11-21,Zegama,309
2010-11-22,Arrasate,290
2010-11-22,Miramon,242
2010-11-22,Zegama,331
2010-11-23,Arrasate,228
2010-11-23,Miramon,217
2010-11-23,Zegama,137
2010-11-24,Arrasate,293
2010-11-24,Miramon,198
2010-11-24,Zegama,109
2010-11-25,Arrasate,268
2010-11-25,Berastegi,309
2010-11-25,Bidania,294
2010-11-25,Miramon,269
2010-11-25,Zegama,322
2010-11-26,Arrasate,129
2010-11-26,Miramon,213
2010-11-26,Zegama,326
2010-11-27,Arrasate,276
2010-11-27,Berastegi,164
2010-11-27,Miramon,206
2010-11-27,Zegama,163
2010-11-28,Arrasate,267
2010-11-28,Berastegi,247
2010-11-28,Miramon,203
2010-11-28,Zegama,156
2010-11-29,Arrasate,153
2010-11-29,Berastegi,150
2010-11-29,Bidania,134
2010-11-29,Miramon,175
2010-11-29,Zegama,133
2010-11-30,Arrasate,166
2010-11-30,Berastegi,151
2010-11-30,Miramon,174
2010-11-30,Zegama,134
2010-12-01,Arrasate,300
2010-12-01,Miramon,214
2010-12-01,Zegama,243
2010-12-02,Arrasate,282
2010-12-02,Berastegi,262
2010-12-02,Miramon,212
2010-12-02,Zegama,175
2010-12-03,Arrasate,316
2010-12-03,Miramon,236
2010-12-03,Zegama,324
2010-12-04,Arrasate,167
2010-12-04,Berastegi,153
2010-12-04,Bidania,151
2010-12-04,Miramon,175
2010-12-04,Zegama,133
2010-12-05,Arrasate,160
2010-12-05,Berastegi,150
2010-12-05,Bidania,155
2010-12-05,Miramon,170
2010-12-05,Zegama,137
2010-12-06,Arrasate,211
2010-12-06,Berastegi,141
2010-12-06,Miramon,193
2010-12-06,Zegama,135
2010-12-07,Arrasate,191
2010-12-07,Berastegi,148
2010-12-07,Bidania,161
2010-12-07,Miramon,197
2010-12-07,Zegama,130
2010-12-08,Arrasate,228
2010-12-08,Berastegi,164
2010-12-08,Bidania,198
2010-12-08,Miramon,247
2010-12-08,Zegama,120
2010-12-09,Arrasate,6
2010-12-09,Miramon,44
2010-12-09,Zegama,345
2010-12-10,Arrasate,142
2010-12-10,Berastegi,322
2010-12-10,Bidania,6
2010-12-10,Miramon,179
2010-12-10,Zegama,145
2010-12-11,Arrasate,158
2010-12-11,Berastegi,267
2010-12-11,Bidania,155
2010-12-11,Miramon,177
2010-12-11,Zegama,136
2010-12-12,Arrasate,267
2010-12-12,Berastegi,172
2010-12-12,Bidania,336
2010-12-12,Miramon,197
2010-12-12,Zegama,138
2010-12-13,Arrasate,73
2010-12-13,Miramon,221
2010-12-13,Zegama,310
2010-12-14,Arrasate,342
2010-12-14,Berastegi,323
2010-12-14,Bidania,323
2010-12-14,Miramon,40
2010-12-14,Zegama,322
2010-12-15,Arrasate,1
2010-12-15,Berastegi,337
2010-12-15,Bidania,345
2010-12-15,Miramon,76
2010-12-15,Zegama,335
2010-12-16,Arrasate,36
2010-12-16,Berastegi,291
2010-12-16,Bidania,320
2010-12-16,Miramon,191
2010-12-16,Zegama,99
2010-12-17,Arrasate,286
2010-12-17,Berastegi,279
2010-12-17,Miramon,222
2010-12-17,Zegama,287
2010-12-18,Arrasate,177
2010-12-18,Berastegi,151
2010-12-18,Bidania,151
2010-12-18,Miramon,186
2010-12-18,Zegama,134
2010-12-19,Arrasate,248
2010-12-19,Berastegi,135
2010-12-19,Bidania,153
2010-12-19,Miramon,202
2010-12-19,Zegama,153
2010-12-20,Arrasate,206
2010-12-20,Berastegi,143
2010-12-20,Bidania,184
2010-12-20,Miramon,186
2010-12-20,Zegama,216
2010-12-21,Arrasate,152
2010-12-21,Berastegi,153
2010-12-21,Miramon,218
2010-12-21,Zegama,139
2010-12-22,Arrasate,171
2010-12-22,Berastegi,150
2010-12-22,Bidania,152
2010-12-22,Miramon,185
2010-12-22,Zegama,131
2010-12-23,Arrasate,293
2010-12-23,Berastegi,319
2010-12-23,Miramon,310
2010-12-23,Zegama,335
2010-12-24,Arrasate,303
2010-12-24,Berastegi,339
2010-12-24,Miramon,339
2010-12-24,Zegama,325
2010-12-25,Arrasate,59
2010-12-25,Berastegi,307
2010-12-25,Bidania,345
2010-12-25,Miramon,80
2010-12-25,Zegama,318
2010-12-26,Arrasate,182
2010-12-26,Berastegi,194
2010-12-26,Bidania,117
2010-12-26,Miramon,161
2010-12-26,Zegama,131
2010-12-27,Arrasate,281
2010-12-27,Berastegi,137
2010-12-27,Bidania,146
2010-12-27,Miramon,183
2010-12-27,Zegama,173
2010-12-28,Arrasate,257
2010-12-28,Berastegi,153
2010-12-28,Bidania,136
2010-12-28,Miramon,194
2010-12-28,Zegama,154
2010-12-29,Arrasate,255
2010-12-29,Berastegi,145
2010-12-29,Bidania,136
2010-12-29,Miramon,196
2010-12-29,Zegama,138
2010-12-30,Arrasate,147
2010-12-30,Berastegi,153
2010-12-30,Bidania,145
2010-12-30,Miramon,167
2010-12-30,Zegama,135
2010-12-31,Arrasate,199
2010-12-31,Berastegi,148
2010-12-31,Bidania,138
2010-12-31,Miramon,181
2010-12-31,Zegama,130
2011-01-01,Arrasate,350
2011-01-01,Berastegi,327
2011-01-01,Bidania,317
2011-01-01,Miramon,223
2011-01-01,Zegama,61
2011-01-02,Arrasate,357
2011-01-02,Miramon,353
2011-01-02,Zegama,337
2011-01-03,Arrasate,44
2011-01-03,Miramon,133
2011-01-03,Zegama,342
2011-01-04,Arrasate,251
2011-01-04,Berastegi,136
2011-01-04,Miramon,179
2011-01-04,Zegama,168
2011-01-05,Arrasate,199
2011-01-05,Berastegi,133
2011-01-05,Bidania,159
2011-01-05,Miramon,184
2011-01-05,Zegama,175
2011-01-06,Arrasate,198
2011-01-06,Berastegi,138
2011-01-06,Bidania,158
2011-01-06,Miramon,189
2011-01-06,Zegama,139
2011-01-07,Arrasate,214
2011-01-07,Berastegi,145
2011-01-07,Bidania,163
2011-01-07,Miramon,185
2011-01-07,Zegama,127
2011-01-08,Arrasate,202
2011-01-08,Berastegi,149
2011-01-08,Bidania,161
2011-01-08,Miramon,183
2011-01-08,Zegama,135
2011-01-09,Arrasate,273
2011-01-09,Berastegi,311
2011-01-09,Miramon,261
2011-01-09,Zegama,100
2011-01-10,Arrasate,207
2011-01-10,Berastegi,174
2011-01-10,Bidania,151
2011-01-10,Miramon,188
2011-01-10,Zegama,230
2011-01-11,Arrasate,294
2011-01-11,Miramon,273
2011-01-11,Zegama,271
2011-01-12,Arrasate,125
2011-01-12,Miramon,191
2011-01-12,Zegama,330
2011-01-13,Arrasate,194
2011-01-13,Bidania,161
2011-01-13,Miramon,195
2011-01-13,Zegama,126
2011-01-14,Arrasate,294
2011-01-14,Berastegi,304
2011-01-14,Bidania,166
2011-01-14,Miramon,195
2011-01-14,Zegama,129
2011-01-15,Arrasate,206
2011-01-15,Berastegi,142
2011-01-15,Bidania,145
2011-01-15,Miramon,193
2011-01-15,Zegama,141
2011-01-16,Arrasate,247
2011-01-16,Berastegi,140
2011-01-16,Bidania,157
2011-01-16,Miramon,215
2011-01-16,Zegama,148
2011-01-17,Arrasate,246
2011-01-17,Berastegi,128
2011-01-17,Bidania,154
2011-01-17,Miramon,204
2011-01-17,Zegama,181
2011-01-18,Arrasate,7
2011-01-18,Berastegi,358
2011-01-18,Miramon,119
2011-01-18,Zegama,339
2011-01-19,Arrasate,10
2011-01-19,Miramon,59
2011-01-19,Zegama,338
2011-01-20,Arrasate,10
2011-01-20,Berastegi,321
2011-01-20,Bidania,347
2011-01-20,Miramon,50
2011-01-20,Zegama,330
2011-01-21,Arrasate,3
2011-01-21,Berastegi,305
2011-01-21,Bidania,338
2011-01-21,Miramon,43
2011-01-21,Zegama,331
2011-01-22,Arrasate,343
2011-01-22,Berastegi,321
2011-01-22,Bidania,326
2011-01-22,Miramon,69
2011-01-22,Zegama,341
2011-01-23,Arrasate,352
2011-01-23,Berastegi,332
2011-01-23,Bidania,326
2011-01-23,Miramon,107
2011-01-23,Zegama,331
2011-01-24,Arrasate,357
2011-01-24,Berastegi,323
2011-01-24,Bidania,311
2011-01-24,Miramon,184
2011-01-24,Zegama,334
2011-01-25,Arrasate,34
2011-01-25,Berastegi,308
2011-01-25,Bidania,230
2011-01-25,Miramon,152
2011-01-25,Zegama,314
2011-01-26,Arrasate,67
2011-01-26,Berastegi,323
2011-01-26,Bidania,133
2011-01-26,Miramon,187
2011-01-26,Zegama,120
2011-01-27,Arrasate,146
2011-01-27,Berastegi,144
2011-01-27,Bidania,133
2011-01-27,Miramon,160
2011-01-27,Zegama,132
2011-01-28,Arrasate,125
2011-01-28,Berastegi,168
2011-01-28,Bidania,128
2011-01-28,Miramon,139
2011-01-28,Zegama,137
2011-01-29,Arrasate,311
2011-01-29,Miramon,209
2011-01-29,Zegama,39
2011-01-30,Arrasate,345
2011-01-30,Berastegi,332
2011-01-30,Miramon,331
2011-01-30,Zegama,328
2011-01-31,Arrasate,339
2011-01-31,Miramon,357
2011-01-31,Zegama,330
2011-02-01,Arrasate,329
2011-02-01,Berastegi,335
2011-02-01,Miramon,338
2011-02-01,Zegama,331
2011-02-02,Arrasate,3
2011-02-02,Miramon,175
2011-02-02,Zegama,326
2011-02-03,Arrasate,97
2011-02-03,Berastegi,319
2011-02-03,Miramon,185
2011-02-03,Zegama,331
2011-02-04,Arrasate,117
2011-02-04,Berastegi,295
2011-02-04,Bidania,319
2011-02-04,Miramon,198
2011-02-04,Zegama,151
2011-02-05,Arrasate,139
2011-02-05,Berastegi,328
2011-02-05,Bidania,307
2011-02-05,Miramon,194
2011-02-05,Zegama,139
2011-02-06,Arrasate,174
2011-02-06,Berastegi,296
2011-02-06,Bidania,138
2011-02-06,Miramon,192
2011-02-06,Zegama,138
2011-02-07,Arrasate,223
2011-02-07,Berastegi,286
2011-02-07,Bidania,130
2011-02-07,Miramon,207
2011-02-07,Zegama,133
2011-02-08,Arrasate,222
2011-02-08,Berastegi,148
2011-02-08,Bidania,142
2011-02-08,Miramon,185
2011-02-08,Zegama,143
2011-02-09,Arrasate,233
2011-02-09,Berastegi,137
2011-02-09,Bidania,153
2011-02-09,Miramon,202
2011-02-09,Zegama,138
2011-02-10,Arrasate,247
2011-02-10,Berastegi,140
2011-02-10,Bidania,154
2011-02-10,Miramon,193
2011-02-10,Zegama,138
2011-02-11,Arrasate,214
2011-02-11,Berastegi,138
2011-02-11,Bidania,154
2011-02-11,Miramon,192
2011-02-11,Zegama,221
2011-02-12,Arrasate,19
2011-02-12,Berastegi,295
2011-02-12,Miramon,202
2011-02-12,Zegama,156
2011-02-13,Arrasate,213
2011-02-13,Berastegi,142
2011-02-13,Bidania,167
2011-02-13,Miramon,196
2011-02-13,Zegama,188
2011-02-14,Arrasate,195
2011-02-14,Berastegi,166
2011-02-14,Bidania,190
2011-02-14,Miramon,207
2011-02-14,Zegama,158
2011-02-15,Arrasate,203
2011-02-15,Berastegi,132
2011-02-15,Bidania,164
2011-02-15,Miramon,185
2011-02-15,Zegama,176
2011-02-16,Arrasate,180
2011-02-16,Berastegi,151
2011-02-16,Bidania,156
2011-02-16,Miramon,174
2011-02-16,Zegama,150
2011-02-17,Arrasate,212
2011-02-17,Berastegi,322
2011-02-17,Bidania,301
2011-02-17,Miramon,291
2011-02-17,Zegama,258
2011-02-18,Arrasate,202
2011-02-18,Berastegi,195
2011-02-18,Bidania,251
2011-02-18,Miramon,198
2011-02-18,Zegama,236
2011-02-19,Arrasate,221
2011-02-19,Miramon,233
2011-02-19,Zegama,229
2011-02-20,Arrasate,251
2011-02-20,Berastegi,312
2011-02-20,Bidania,293
2011-02-20,Miramon,198
2011-02-20,Zegama,94
2011-02-21,Arrasate,268
2011-02-21,Berastegi,325
2011-02-21,Miramon,263
2011-02-21,Zegama,216
2011-02-22,Arrasate,301
2011-02-22,Miramon,301
2011-02-22,Zegama,334
2011-02-23,Arrasate,297
2011-02-23,Miramon,306
2011-02-23,Zegama,334
2011-02-24,Arrasate,1
2011-02-24,Berastegi,328
2011-02-24,Bidania,325
2011-02-24,Miramon,227
2011-02-24,Zegama,2
2011-02-25,Arrasate,148
2011-02-25,Berastegi,303
2011-02-25,Bidania,319
2011-02-25,Miramon,315
2011-02-25,Zegama,345
2011-02-26,Arrasate,308
2011-02-26,Miramon,285
2011-02-26,Zegama,337
2011-02-27,Arrasate,318
2011-02-27,Berastegi,330
2011-02-27,Miramon,327
2011-02-27,Zegama,324
2011-02-28,Arrasate,328
2011-02-28,Berastegi,318
2011-02-28,Miramon,344
2011-02-28,Zegama,320
2011-03-01,Arrasate,347
2011-03-01,Berastegi,309
2011-03-01,Bidania,333
2011-03-01,Miramon,3
2011-03-01,Zegama,322
2011-03-02,Arrasate,336
2011-03-02,Berastegi,331
2011-03-02,Miramon,352
2011-03-02,Zegama,327
2011-03-03,Arrasate,6
2011-03-03,Miramon,213
2011-03-03,Zegama,346
2011-03-04,Arrasate,113
2011-03-04,Berastegi,159
2011-03-04,Bidania,122
2011-03-04,Miramon,162
2011-03-04,Zegama,152
2011-03-05,Arrasate,136
2011-03-05,Berastegi,143
2011-03-05,Bidania,132
2011-03-05,Miramon,154
2011-03-05,Zegama,137
2011-03-06,Arrasate,349
2011-03-06,Berastegi,314
2011-03-06,Bidania,318
2011-03-06,Miramon,207
2011-03-06,Zegama,16
2011-03-07,Arrasate,112
2011-03-07,Berastegi,147
2011-03-07,Bidania,140
2011-03-07,Miramon,185
2011-03-07,Zegama,144
2011-03-08,Arrasate,146
2011-03-08,Berastegi,154
2011-03-08,Bidania,155
2011-03-08,Miramon,175
2011-03-08,Zegama,141
2011-03-09,Arrasate,144
2011-03-09,Berastegi,161
2011-03-09,Bidania,154
2011-03-09,Miramon,202
2011-03-09,Zegama,126
2011-03-10,Arrasate,358
2011-03-10,Berastegi,312
2011-03-10,Bidania,326
2011-03-10,Miramon,230
2011-03-10,Zegama,322
2011-03-11,Arrasate,144
2011-03-11,Berastegi,157
2011-03-11,Bidania,151
2011-03-11,Miramon,158
2011-03-11,Zegama,132
2011-03-12,Arrasate,147
2011-03-12,Berastegi,151
2011-03-12,Bidania,163
2011-03-12,Miramon,169
2011-03-12,Zegama,137
2011-03-13,Arrasate,339
2011-03-13,Berastegi,16
2011-03-13,Bidania,320
2011-03-13,Miramon,312
2011-03-13,Zegama,274
2011-03-14,Arrasate,142
2011-03-14,Berastegi,161
2011-03-14,Bidania,139
2011-03-14,Miramon,152
2011-03-14,Zegama,138
2011-03-15,Arrasate,288
2011-03-15,Miramon,275
2011-03-15,Zegama,67
2011-03-16,Arrasate,301
2011-03-16,Miramon,311
2011-03-16,Zegama,326
2011-03-17,Arrasate,297
2011-03-17,Miramon,309
2011-03-17,Zegama,325
2011-03-18,Arrasate,347
2011-03-18,Berastegi,322
2011-03-18,Bidania,316
2011-03-18,Miramon,287
2011-03-18,Zegama,342
2011-03-19,Arrasate,348
2011-03-19,Berastegi,331
2011-03-19,Miramon,276
2011-03-19,Zegama,335
2011-03-20,Arrasate,6
2011-03-20,Berastegi,321
2011-03-20,Bidania,329
2011-03-20,Miramon,353
2011-03-20,Zegama,340
2011-03-21,Arrasate,6
2011-03-21,Berastegi,324
2011-03-21,Bidania,324
2011-03-21,Miramon,226
2011-03-21,Zegama,350
2011-03-22,Arrasate,134
2011-03-22,Berastegi,153
2011-03-22,Bidania,141
2011-03-22,Miramon,174
2011-03-22,Zegama,139
2011-03-23,Arrasate,134
2011-03-23,Berastegi,157
2011-03-23,Bidania,132
2011-03-23,Miramon,72
2011-03-23,Zegama,138
2011-03-24,Arrasate,148
2011-03-24,Berastegi,152
2011-03-24,Bidania,142
2011-03-24,Miramon,166
2011-03-24,Zegama,139
2011-03-25,Arrasate,149
2011-03-25,Berastegi,147
2011-03-25,Bidania,160
2011-03-25,Miramon,171
2011-03-25,Zegama,135
2011-03-26,Arrasate,193
2011-03-26,Berastegi,139
2011-03-26,Bidania,155
2011-03-26,Miramon,205
2011-03-26,Zegama,161
2011-03-27,Arrasate,208
2011-03-27,Berastegi,181
2011-03-27,Bidania,231
2011-03-27,Miramon,234
2011-03-27,Zegama,179
2011-03-28,Arrasate,245
2011-03-28,Berastegi,299
2011-03-28,Bidania,300
2011-03-28,Miramon,265
2011-03-28,Zegama,307
2011-03-29,Arrasate,3
2011-03-29,Berastegi,319
2011-03-29,Bidania,308
2011-03-29,Miramon,269
2011-03-29,Zegama,321
2011-03-30,Arrasate,85
2011-03-30,Berastegi,282
2011-03-30,Miramon,199
2011-03-30,Zegama,2
2011-03-31,Arrasate,85
2011-03-31,Berastegi,313
2011-03-31,Bidania,168
2011-03-31,Miramon,191
2011-03-31,Zegama,73
2011-04-01,Arrasate,168
2011-04-01,Berastegi,145
2011-04-01,Bidania,156
2011-04-01,Miramon,175
2011-04-01,Zegama,145
2011-04-02,Arrasate,26
2011-04-02,Berastegi,128
2011-04-02,Bidania,176
2011-04-02,Miramon,303
2011-04-02,Zegama,115
2011-04-03,Arrasate,9
2011-04-03,Miramon,317
2011-04-03,Zegama,343
2011-04-04,Arrasate,14
2011-04-04,Berastegi,329
2011-04-04,Miramon,21
2011-04-04,Zegama,310
2011-04-05,Arrasate,52
2011-04-05,Berastegi,327
2011-04-05,Bidania,153
2011-04-05,Miramon,199
2011-04-05,Zegama,73
2011-04-06,Arrasate,151
2011-04-06,Berastegi,151
2011-04-06,Bidania,134
2011-04-06,Miramon,189
2011-04-06,Zegama,121
2011-04-07,Arrasate,35
2011-04-07,Berastegi,325
2011-04-07,Bidania,115
2011-04-07,Miramon,221
2011-04-07,Zegama,124
2011-04-08,Arrasate,66
2011-04-08,Berastegi,324
2011-04-08,Bidania,107
2011-04-08,Miramon,200
2011-04-08,Zegama,52
2011-04-09,Arrasate,5
2011-04-09,Berastegi,313
2011-04-09,Bidania,316
2011-04-09,Miramon,279
2011-04-09,Zegama,332
2011-04-10,Arrasate,310
2011-04-10,Miramon,305
2011-04-10,Zegama,333
2011-04-11,Arrasate,325
2011-04-11,Miramon,314
2011-04-11,Zegama,333
2011-04-12,Arrasate,356
2011-04-12,Miramon,308
2011-04-12,Zegama,341
2011-04-13,Arrasate,136
2011-04-13,Berastegi,333
2011-04-13,Bidania,321
2011-04-13,Miramon,236
2011-04-13,Zegama,30
2011-04-14,Arrasate,346
2011-04-14,Berastegi,323
2011-04-14,Bidania,316
2011-04-14,Miramon,270
2011-04-14,Zegama,12
2011-04-15,Arrasate,352
2011-04-15,Berastegi,318
2011-04-15,Bidania,324
2011-04-15,Miramon,285
2011-04-15,Zegama,355
2011-04-16,Arrasate,21
2011-04-16,Berastegi,338
2011-04-16,Bidania,325
2011-04-16,Miramon,237
2011-04-16,Zegama,349
2011-04-17,Arrasate,149
2011-04-17,Berastegi,140
2011-04-17,Bidania,148
2011-04-17,Miramon,181
2011-04-17,Zegama,127
2011-04-18,Arrasate,150
2011-04-18,Berastegi,147
2011-04-18,Bidania,150
2011-04-18,Miramon,176
2011-04-18,Zegama,131
2011-04-19,Arrasate,149
2011-04-19,Berastegi,148
2011-04-19,Bidania,149
2011-04-19,Miramon,169
2011-04-19,Zegama,128
2011-04-20,Arrasate,162
2011-04-20,Berastegi,158
2011-04-20,Bidania,157
2011-04-20,Miramon,171
2011-04-20,Zegama,134
2011-04-21,Arrasate,148
2011-04-21,Berastegi,156
2011-04-21,Bidania,157
2011-04-21,Miramon,170
2011-04-21,Zegama,137
2011-04-22,Arrasate,144
2011-04-22,Berastegi,161
2011-04-22,Bidania,147
2011-04-22,Miramon,156
2011-04-22,Zegama,140
2011-04-23,Arrasate,346
2011-04-23,Berastegi,322
2011-04-23,Bidania,314
2011-04-23,Miramon,291
2011-04-23,Zegama,351
2011-04-24,Arrasate,338
2011-04-24,Miramon,299
2011-04-24,Zegama,352
2011-04-25,Arrasate,303
2011-04-25,Miramon,303
2011-04-25,Zegama,319
2011-04-26,Arrasate,318
2011-04-26,Miramon,300
2011-04-26,Zegama,317
2011-04-27,Arrasate,333
2011-04-27,Berastegi,323
2011-04-27,Bidania,328
2011-04-27,Miramon,260
2011-04-27,Zegama,356
2011-04-28,Arrasate,5
2011-04-28,Berastegi,334
2011-04-28,Bidania,354
2011-04-28,Miramon,263
2011-04-28,Zegama,4
2011-04-29,Arrasate,21
2011-04-29,Berastegi,341
2011-04-29,Bidania,79
2011-04-29,Miramon,250
2011-04-29,Zegama,354
2011-04-30,Arrasate,167
2011-04-30,Berastegi,153
2011-04-30,Bidania,138
2011-04-30,Miramon,280
2011-04-30,Zegama,128
2011-05-01,Arrasate,152
2011-05-01,Berastegi,152
2011-05-01,Bidania,153
2011-05-01,Miramon,202
2011-05-01,Zegama,135
2011-05-02,Arrasate,339
2011-05-02,Berastegi,333
2011-05-02,Miramon,287
2011-05-02,Zegama,302
2011-05-03,Arrasate,354
2011-05-03,Berastegi,324
2011-05-03,Miramon,297
2011-05-03,Zegama,342
2011-05-04,Arrasate,14
2011-05-04,Berastegi,327
2011-05-04,Bidania,5
2011-05-04,Miramon,293
2011-05-04,Zegama,4
2011-05-05,Arrasate,48
2011-05-05,Berastegi,341
2011-05-05,Bidania,140
2011-05-05,Miramon,149
2011-05-05,Zegama,145
2011-05-06,Arrasate,141
2011-05-06,Berastegi,163
2011-05-06,Bidania,146
2011-05-06,Miramon,161
2011-05-06,Zegama,137
2011-05-07,Arrasate,136
2011-05-07,Berastegi,155
2011-05-07,Miramon,169
2011-05-07,Zegama,148
2011-05-08,Arrasate,221
2011-05-08,Berastegi,154
2011-05-08,Bidania,166
2011-05-08,Miramon,222
2011-05-08,Zegama,172
2011-05-09,Arrasate,357
2011-05-09,Berastegi,325
2011-05-09,Bidania,333
2011-05-09,Miramon,293
2011-05-09,Zegama,66
2011-05-10,Arrasate,7
2011-05-10,Berastegi,89
2011-05-10,Bidania,129
2011-05-10,Miramon,281
2011-05-10,Zegama,107
2011-05-11,Arrasate,356
2011-05-11,Berastegi,321
2011-05-11,Bidania,309
2011-05-11,Miramon,311
2011-05-11,Zegama,335
2011-05-12,Arrasate,349
2011-05-12,Berastegi,325
2011-05-12,Miramon,300
2011-05-12,Zegama,341
2011-05-13,Arrasate,160
2011-05-13,Berastegi,141
2011-05-13,Bidania,149
2011-05-13,Miramon,308
2011-05-13,Zegama,122
2011-05-14,Arrasate,351
2011-05-14,Miramon,319
2011-05-14,Zegama,334
2011-05-15,Berastegi,323
2011-05-15,Miramon,341
2011-05-15,Zegama,330
2011-05-16,Berastegi,308
2011-05-16,Bidania,47
2011-05-16,Miramon,335
2011-05-16,Zegama,332
2011-05-17,Berastegi,324
2011-05-17,Bidania,334
2011-05-17,Miramon,240
2011-05-17,Zegama,350
2011-05-18,Berastegi,348
2011-05-18,Bidania,16
2011-05-18,Miramon,272
2011-05-18,Zegama,22
2011-05-19,Arrasate,355
2011-05-19,Berastegi,294
2011-05-19,Bidania,33
2011-05-19,Miramon,323
2011-05-19,Zegama,38
2011-05-20,Berastegi,334
2011-05-20,Miramon,309
2011-05-20,Zegama,349
2011-05-21,Arrasate,352
2011-05-21,Berastegi,327
2011-05-21,Bidania,311
2011-05-21,Miramon,330
2011-05-21,Zegama,339
2011-05-22,Berastegi,323
2011-05-22,Miramon,3
2011-05-22,Zegama,332
2011-05-23,Arrasate,353
2011-05-23,Berastegi,324
2011-05-23,Bidania,310
2011-05-23,Miramon,319
2011-05-23,Zegama,318
2011-05-24,Arrasate,3
2011-05-24,Berastegi,323
2011-05-24,Miramon,7
2011-05-24,Zegama,337
2011-05-25,Arrasate,35
2011-05-25,Berastegi,335
2011-05-25,Bidania,154
2011-05-25,Miramon,191
2011-05-25,Zegama,53
2011-05-26,Arrasate,355
2011-05-26,Miramon,318
2011-05-26,Zegama,341
2011-05-27,Arrasate,2
2011-05-27,Berastegi,330
2011-05-27,Miramon,329
2011-05-27,Zegama,331
2011-05-28,Arrasate,10
2011-05-28,Berastegi,321
2011-05-28,Bidania,322
2011-05-28,Miramon,2
2011-05-28,Zegama,337
2011-05-29,Arrasate,191
2011-05-29,Berastegi,7
2011-05-29,Bidania,147
2011-05-29,Miramon,235
2011-05-29,Zegama,153
2011-05-30,Arrasate,320
2011-05-30,Berastegi,121
2011-05-30,Bidania,223
2011-05-30,Miramon,319
2011-05-30,Zegama,143
2011-05-31,Arrasate,333
2011-05-31,Miramon,346
2011-05-31,Zegama,329
2011-06-01,Arrasate,358
2011-06-01,Berastegi,319
2011-06-01,Bidania,325
2011-06-01,Miramon,354
2011-06-01,Zegama,334
2011-06-02,Arrasate,337
2011-06-02,Berastegi,321
2011-06-02,Bidania,319
2011-06-02,Miramon,341
2011-06-02,Zegama,334
2011-06-03,Arrasate,17
2011-06-03,Berastegi,328
2011-06-03,Miramon,313
2011-06-03,Zegama,341
2011-06-04,Arrasate,14
2011-06-04,Berastegi,321
2011-06-04,Bidania,337
2011-06-04,Miramon,271
2011-06-04,Zegama,4
2011-06-05,Arrasate,9
2011-06-05,Berastegi,326
2011-06-05,Bidania,321
2011-06-05,Miramon,285
2011-06-05,Zegama,100
2011-06-06,Arrasate,348
2011-06-06,Berastegi,334
2011-06-06,Miramon,296
2011-06-06,Zegama,335
2011-06-07,Arrasate,309
2011-06-07,Miramon,301
2011-06-07,Zegama,327
2011-06-08,Arrasate,346
2011-06-08,Berastegi,330
2011-06-08,Miramon,265
2011-06-08,Zegama,335
2011-06-09,Arrasate,7
2011-06-09,Berastegi,340
2011-06-09,Bidania,349
2011-06-09,Miramon,0
2011-06-09,Zegama,0
2011-06-10,Arrasate,65
2011-06-10,Miramon,229
2011-06-10,Zegama,353
2011-06-11,Arrasate,6
2011-06-11,Berastegi,327
2011-06-11,Bidania,351
2011-06-11,Miramon,242
2011-06-11,Zegama,331
2011-06-12,Arrasate,15
2011-06-12,Berastegi,332
2011-06-12,Bidania,152
2011-06-12,Miramon,248
2011-06-12,Zegama,106
2011-06-13,Arrasate,9
2011-06-13,Berastegi,329
2011-06-13,Miramon,318
2011-06-13,Zegama,352
2011-06-14,Arrasate,354
2011-06-14,Berastegi,322
2011-06-14,Miramon,325
2011-06-14,Zegama,344
2011-06-15,Arrasate,8
2011-06-15,Berastegi,333
2011-06-15,Miramon,326
2011-06-15,Zegama,343
2011-06-16,Arrasate,12
2011-06-16,Miramon,302
2011-06-16,Zegama,347
2011-06-17,Arrasate,299
2011-06-17,Berastegi,332
2011-06-17,Bidania,279
2011-06-17,Miramon,267
2011-06-17,Zegama,103
2011-06-18,Arrasate,335
2011-06-18,Berastegi,340
2011-06-18,Bidania,315
2011-06-18,Miramon,285
2011-06-18,Zegama,335
2011-06-19,Arrasate,359
2011-06-19,Berastegi,311
2011-06-19,Bidania,317
2011-06-19,Miramon,222
2011-06-19,Zegama,349
2011-06-20,Arrasate,8
2011-06-20,Berastegi,328
2011-06-20,Bidania,319
2011-06-20,Miramon,282
2011-06-20,Zegama,335
2011-06-21,Arrasate,25
2011-06-21,Berastegi,316
2011-06-21,Miramon,345
2011-06-21,Zegama,343
2011-06-22,Arrasate,358
2011-06-22,Berastegi,326
2011-06-22,Miramon,286
2011-06-22,Zegama,344
2011-06-23,Arrasate,359
2011-06-23,Berastegi,323
2011-06-23,Bidania,315
2011-06-23,Miramon,309
2011-06-23,Zegama,4
2011-06-24,Arrasate,37
2011-06-24,Berastegi,314
2011-06-24,Bidania,32
2011-06-24,Miramon,43
2011-06-24,Zegama,342
2011-06-25,Arrasate,74
2011-06-25,Berastegi,325
2011-06-25,Bidania,172
2011-06-25,Miramon,235
2011-06-25,Zegama,3
2011-06-26,Arrasate,207
2011-06-26,Berastegi,147
2011-06-26,Bidania,136
2011-06-26,Miramon,186
2011-06-26,Zegama,136
2011-06-27,Arrasate,167
2011-06-27,Berastegi,134
2011-06-27,Bidania,133
2011-06-27,Miramon,341
2011-06-27,Zegama,137
2011-06-28,Arrasate,345
2011-06-28,Miramon,303
2011-06-28,Zegama,337
2011-06-29,Arrasate,351
2011-06-29,Berastegi,326
2011-06-29,Miramon,346
2011-06-29,Zegama,324
2011-06-30,Arrasate,11
2011-06-30,Berastegi,318
2011-06-30,Miramon,339
2011-06-30,Zegama,328
2011-07-01,Arrasate,35
2011-07-01,Berastegi,329
2011-07-01,Bidania,6
2011-07-01,Miramon,298
2011-07-01,Zegama,339
2011-07-02,Arrasate,39
2011-07-02,Berastegi,325
2011-07-02,Bidania,329
2011-07-02,Miramon,243
2011-07-02,Zegama,349
2011-07-03,Arrasate,354
2011-07-03,Berastegi,334
2011-07-03,Bidania,316
2011-07-03,Miramon,280
2011-07-03,Zegama,349
2011-07-04,Arrasate,2
2011-07-04,Berastegi,329
2011-07-04,Bidania,316
2011-07-04,Miramon,268
2011-07-04,Zegama,2
2011-07-05,Arrasate,355
2011-07-05,Berastegi,337
2011-07-05,Bidania,306
2011-07-05,Miramon,273
2011-07-05,Zegama,12
2011-07-06,Arrasate,7
2011-07-06,Berastegi,327
2011-07-06,Miramon,240
2011-07-06,Zegama,351
2011-07-07,Arrasate,4
2011-07-07,Berastegi,336
2011-07-07,Bidania,321
2011-07-07,Miramon,246
2011-07-07,Zegama,11
2011-07-08,Arrasate,225
2011-07-08,Berastegi,259
2011-07-08,Bidania,161
2011-07-08,Miramon,172
2011-07-08,Zegama,169
2011-07-09,Arrasate,16
2011-07-09,Berastegi,320
2011-07-09,Miramon,358
2011-07-09,Zegama,344
2011-07-10,Arrasate,20
2011-07-10,Miramon,345
2011-07-10,Zegama,340
2011-07-11,Arrasate,357
2011-07-11,Berastegi,332
2011-07-11,Miramon,307
2011-07-11,Zegama,341
2011-07-12,Arrasate,326
2011-07-12,Miramon,295
2011-07-12,Zegama,343
2011-07-13,Arrasate,315
2011-07-13,Miramon,303
2011-07-13,Zegama,333
2011-07-14,Arrasate,11
2011-07-14,Berastegi,334
2011-07-14,Miramon,338
2011-07-14,Zegama,331
2011-07-15,Arrasate,16
2011-07-15,Berastegi,328
2011-07-15,Bidania,305
2011-07-15,Miramon,244
2011-07-15,Zegama,354
2011-07-16,Arrasate,351
2011-07-16,Berastegi,337
2011-07-16,Bidania,312
2011-07-16,Miramon,283
2011-07-16,Zegama,5
2011-07-17,Arrasate,317
2011-07-17,Berastegi,334
2011-07-17,Miramon,283
2011-07-17,Zegama,330
2011-07-18,Arrasate,354
2011-07-18,Berastegi,324
2011-07-18,Bidania,305
2011-07-18,Miramon,274
2011-07-18,Zegama,3
2011-07-19,Arrasate,299
2011-07-19,Berastegi,319
2011-07-19,Miramon,292
2011-07-19,Zegama,331
2011-07-20,Arrasate,7
2011-07-20,Berastegi,342
2011-07-20,Miramon,243
2011-07-20,Zegama,344
2011-07-21,Arrasate,335
2011-07-21,Berastegi,327
2011-07-21,Miramon,283
2011-07-21,Zegama,328
2011-07-22,Arrasate,1
2011-07-22,Berastegi,333
2011-07-22,Miramon,319
2011-07-22,Zegama,342
2011-07-23,Arrasate,317
2011-07-23,Berastegi,333
2011-07-23,Miramon,291
2011-07-23,Zegama,349
2011-07-24,Arrasate,317
2011-07-24,Miramon,285
2011-07-24,Zegama,340
2011-07-25,Arrasate,277
2011-07-25,Miramon,287
2011-07-25,Zegama,345
2011-07-26,Arrasate,316
2011-07-26,Berastegi,339
2011-07-26,Miramon,295
2011-07-26,Zegama,327
2011-07-27,Arrasate,337
2011-07-27,Miramon,304
2011-07-27,Zegama,339
2011-07-28,Arrasate,22
2011-07-28,Berastegi,326
2011-07-28,Miramon,318
2011-07-28,Zegama,334
2011-07-29,Arrasate,12
2011-07-29,Berastegi,335
2011-07-29,Bidania,21
2011-07-29,Miramon,299
2011-07-29,Zegama,351
2011-07-30,Arrasate,4
2011-07-30,Berastegi,320
2011-07-30,Miramon,272
2011-07-30,Zegama,351
2011-07-31,Arrasate,27
2011-07-31,Berastegi,338
2011-07-31,Bidania,81
2011-07-31,Miramon,260
2011-07-31,Zegama,357
2011-08-01,Arrasate,72
2011-08-01,Berastegi,154
2011-08-01,Bidania,132
2011-08-01,Miramon,197
2011-08-01,Zegama,123
2011-08-02,Arrasate,17
2011-08-02,Berastegi,148
2011-08-02,Bidania,162
2011-08-02,Miramon,310
2011-08-02,Zegama,126
2011-08-03,Arrasate,7
2011-08-03,Berastegi,328
2011-08-03,Bidania,313
2011-08-03,Miramon,290
2011-08-03,Zegama,346
2011-08-04,Arrasate,12
2011-08-04,Berastegi,338
2011-08-04,Bidania,24
2011-08-04,Miramon,219
2011-08-04,Zegama,27
2011-08-05,Arrasate,358
2011-08-05,Berastegi,329
2011-08-05,Miramon,265
2011-08-05,Zegama,4
2011-08-06,Arrasate,234
2011-08-06,Berastegi,196
2011-08-06,Bidania,216
2011-08-06,Miramon,240
2011-08-06,Zegama,153
2011-08-07,Arrasate,355
2011-08-07,Berastegi,326
2011-08-07,Miramon,320
2011-08-07,Zegama,329
2011-08-08,Arrasate,316
2011-08-08,Berastegi,328
2011-08-08,Bidania,312
2011-08-08,Miramon,286
2011-08-08,Zegama,332
2011-08-09,Arrasate,354
2011-08-09,Berastegi,329
2011-08-09,Miramon,340
2011-08-09,Zegama,341
2011-08-10,Arrasate,26
2011-08-10,Berastegi,313
2011-08-10,Bidania,48
2011-08-10,Miramon,356
2011-08-10,Zegama,337
2011-08-11,Arrasate,355
2011-08-11,Berastegi,332
2011-08-11,Miramon,250
2011-08-11,Zegama,352
2011-08-12,Arrasate,4
2011-08-12,Berastegi,328
2011-08-12,Miramon,292
2011-08-12,Zegama,346
2011-08-13,Arrasate,14
2011-08-13,Berastegi,327
2011-08-13,Bidania,323
2011-08-13,Miramon,302
2011-08-13,Zegama,331
2011-08-14,Arrasate,15
2011-08-14,Berastegi,331
2011-08-14,Miramon,196
2011-08-14,Zegama,336
2011-08-15,Arrasate,6
2011-08-15,Berastegi,338
2011-08-15,Miramon,290
2011-08-15,Zegama,345
2011-08-16,Arrasate,354
2011-08-16,Berastegi,329
2011-08-16,Miramon,360
2011-08-16,Zegama,335
2011-08-17,Arrasate,358
2011-08-17,Miramon,285
2011-08-17,Zegama,69
2011-08-18,Arrasate,32
2011-08-18,Berastegi,325
2011-08-18,Miramon,321
2011-08-18,Zegama,143
2011-08-19,Arrasate,9
2011-08-19,Berastegi,339
2011-08-19,Miramon,330
2011-08-19,Zegama,332
2011-08-20,Arrasate,345
2011-08-20,Berastegi,247
2011-08-20,Bidania,140
2011-08-20,Miramon,355
2011-08-20,Zegama,145
2011-08-21,Arrasate,189
2011-08-21,Berastegi,151
2011-08-21,Bidania,138
2011-08-21,Miramon,201
2011-08-21,Zegama,141
2011-08-22,Arrasate,357
2011-08-22,Berastegi,180
2011-08-22,Bidania,320
2011-08-22,Miramon,286
2011-08-22,Zegama,108
2011-08-23,Arrasate,5
2011-08-23,Berastegi,343
2011-08-23,Miramon,340
2011-08-23,Zegama,344
2011-08-24,Arrasate,9
2011-08-24,Miramon,348
2011-08-24,Zegama,343
2011-08-25,Arrasate,57
2011-08-25,Berastegi,329
2011-08-25,Bidania,323
2011-08-25,Miramon,293
2011-08-25,Zegama,121
2011-08-26,Arrasate,339
2011-08-26,Berastegi,325
2011-08-26,Bidania,304
2011-08-26,Miramon,288
2011-08-26,Zegama,334
2011-08-27,Arrasate,359
2011-08-27,Berastegi,341
2011-08-27,Bidania,324
2011-08-27,Miramon,201
2011-08-27,Zegama,3
2011-08-28,Arrasate,11
2011-08-28,Berastegi,325
2011-08-28,Bidania,318
2011-08-28,Miramon,236
2011-08-28,Zegama,333
2011-08-29,Arrasate,359
2011-08-29,Berastegi,325
2011-08-29,Miramon,291
2011-08-29,Zegama,320
2011-08-30,Arrasate,20
2011-08-30,Berastegi,335
2011-08-30,Bidania,320
2011-08-30,Miramon,296
2011-08-30,Zegama,336
2011-08-31,Arrasate,153
2011-08-31,Berastegi,327
2011-08-31,Bidania,137
2011-08-31,Miramon,222
2011-08-31,Zegama,163
2011-09-01,Arrasate,218
2011-09-01,Berastegi,170
2011-09-01,Bidania,153
2011-09-01,Miramon,193
2011-09-01,Zegama,144
2011-09-02,Arrasate,6
2011-09-02,Berastegi,78
2011-09-02,Bidania,132
2011-09-02,Miramon,251
2011-09-02,Zegama,118
2011-09-03,Arrasate,61
2011-09-03,Miramon,241
2011-09-03,Zegama,346
2011-09-04,Arrasate,19
2011-09-04,Miramon,224
2011-09-04,Zegama,345
2011-09-05,Arrasate,2
2011-09-05,Miramon,205
2011-09-05,Zegama,34
2011-09-06,Arrasate,353
2011-09-06,Berastegi,325
2011-09-06,Bidania,337
2011-09-06,Miramon,193
2011-09-06,Zegama,182
2011-09-07,Arrasate,352
2011-09-07,Berastegi,310
2011-09-07,Bidania,315
2011-09-07,Miramon,207
2011-09-07,Zegama,323
2011-09-08,Arrasate,355
2011-09-08,Berastegi,314
2011-09-08,Bidania,320
2011-09-08,Miramon,200
2011-09-08,Zegama,337
2011-09-09,Arrasate,184
2011-09-09,Berastegi,137
2011-09-09,Bidania,147
2011-09-09,Miramon,171
2011-09-09,Zegama,144
2011-09-10,Arrasate,304
2011-09-10,Berastegi,142
2011-09-10,Bidania,159
2011-09-10,Miramon,311
2011-09-10,Zegama,137
2011-09-11,Arrasate,262
2011-09-11,Berastegi,336
2011-09-11,Bidania,246
2011-09-11,Miramon,216
2011-09-11,Zegama,209
2011-09-12,Arrasate,22
2011-09-12,Berastegi,302
2011-09-12,Bidania,337
2011-09-12,Miramon,190
2011-09-12,Zegama,50
2011-09-13,Arrasate,6
2011-09-13,Berastegi,338
2011-09-13,Miramon,315
2011-09-13,Zegama,3
2011-09-14,Arrasate,20
2011-09-14,Berastegi,339
2011-09-14,Miramon,33
2011-09-14,Zegama,337
2011-09-15,Arrasate,110
2011-09-15,Berastegi,158
2011-09-15,Bidania,126
2011-09-15,Miramon,198
2011-09-15,Zegama,133
2011-09-16,Arrasate,8
2011-09-16,Berastegi,334
2011-09-16,Miramon,266
2011-09-16,Zegama,347
2011-09-17,Arrasate,1
2011-09-17,Berastegi,326
2011-09-17,Miramon,282
2011-09-17,Zegama,353
2011-09-18,Arrasate,299
2011-09-18,Berastegi,324
2011-09-18,Miramon,286
2011-09-18,Zegama,329
2011-09-19,Arrasate,317
2011-09-19,Miramon,264
2011-09-19,Zegama,326
2011-09-20,Arrasate,94
2011-09-20,Berastegi,323
2011-09-20,Bidania,352
2011-09-20,Miramon,151
2011-09-20,Zegama,36
2011-09-21,Arrasate,2
2011-09-21,Berastegi,317
2011-09-21,Bidania,309
2011-09-21,Miramon,237
2011-09-21,Zegama,354
2011-09-22,Arrasate,24
2011-09-22,Berastegi,338
2011-09-22,Miramon,297
2011-09-22,Zegama,330
2011-09-23,Arrasate,74
2011-09-23,Berastegi,337
2011-09-23,Bidania,305
2011-09-23,Miramon,278
2011-09-23,Zegama,115
2011-09-24,Arrasate,50
2011-09-24,Miramon,208
2011-09-24,Zegama,336
2011-09-25,Arrasate,178
2011-09-25,Berastegi,349
2011-09-25,Bidania,136
2011-09-25,Miramon,180
2011-09-25,Zegama,149
2011-09-26,Arrasate,40
2011-09-26,Berastegi,336
2011-09-26,Bidania,136
2011-09-26,Miramon,193
2011-09-26,Zegama,145
2011-09-27,Arrasate,86
2011-09-27,Berastegi,152
2011-09-27,Bidania,138
2011-09-27,Miramon,184
2011-09-27,Zegama,143
2011-09-28,Arrasate,140
2011-09-28,Berastegi,144
2011-09-28,Bidania,124
2011-09-28,Miramon,197
2011-09-28,Zegama,131
2011-09-29,Arrasate,151
2011-09-29,Berastegi,143
2011-09-29,Bidania,144
2011-09-29,Miramon,175
2011-09-29,Zegama,138
2011-09-30,Arrasate,160
2011-09-30,Berastegi,140
2011-09-30,Bidania,149
2011-09-30,Miramon,179
2011-09-30,Zegama,133
2011-10-01,Arrasate,150
2011-10-01,Berastegi,144
2011-10-01,Bidania,146
2011-10-01,Miramon,172
2011-10-01,Zegama,133
2011-10-02,Arrasate,216
2011-10-02,Berastegi,158
2011-10-02,Bidania,137
2011-10-02,Miramon,183
2011-10-02,Zegama,138
2011-10-03,Arrasate,11
2011-10-03,Berastegi,295
2011-10-03,Bidania,308
2011-10-03,Miramon,195
2011-10-03,Zegama,116
2011-10-04,Arrasate,1
2011-10-04,Berastegi,292
2011-10-04,Bidania,323
2011-10-04,Miramon,216
2011-10-04,Zegama,336
2011-10-05,Arrasate,15
2011-10-05,Berastegi,303
2011-10-05,Bidania,328
2011-10-05,Miramon,211
2011-10-05,Zegama,291
2011-10-06,Arrasate,340
2011-10-06,Berastegi,329
2011-10-06,Miramon,260
2011-10-06,Zegama,332
2011-10-07,Arrasate,334
2011-10-07,Berastegi,335
2011-10-07,Miramon,323
2011-10-07,Zegama,328
2011-10-08,Arrasate,344
2011-10-08,Berastegi,325
2011-10-08,Miramon,354
2011-10-08,Zegama,328
2011-10-09,Arrasate,15
2011-10-09,Berastegi,312
2011-10-09,Miramon,249
2011-10-09,Zegama,328
2011-10-10,Arrasate,130
2011-10-10,Berastegi,331
2011-10-10,Bidania,158
2011-10-10,Miramon,210
2011-10-10,Zegama,131
2011-10-11,Arrasate,20
2011-10-11,Berastegi,332
2011-10-11,Bidania,329
2011-10-11,Miramon,207
2011-10-11,Zegama,285
2011-10-12,Arrasate,28
2011-10-12,Miramon,71
2011-10-12,Zegama,321
2011-10-13,Arrasate,7
2011-10-13,Berastegi,310
2011-10-13,Miramon,83
2011-10-13,Zegama,309
2011-10-14,Arrasate,247
2011-10-14,Berastegi,333
2011-10-14,Bidania,309
2011-10-14,Miramon,210
2011-10-14,Zegama,147
2011-10-15,Arrasate,171
2011-10-15,Berastegi,150
2011-10-15,Bidania,142
2011-10-15,Miramon,206
2011-10-15,Zegama,132
2011-10-16,Arrasate,27
2011-10-16,Berastegi,332
2011-10-16,Bidania,123
2011-10-16,Miramon,211
2011-10-16,Zegama,150
2011-10-17,Arrasate,140
2011-10-17,Berastegi,300
2011-10-17,Bidania,149
2011-10-17,Miramon,178
2011-10-17,Zegama,134
2011-10-18,Arrasate,7
2011-10-18,Berastegi,327
2011-10-18,Bidania,328
2011-10-18,Miramon,229
2011-10-18,Zegama,138
2011-10-19,Arrasate,357
2011-10-19,Berastegi,325
2011-10-19,Miramon,99
2011-10-19,Zegama,327
2011-10-20,Arrasate,10
2011-10-20,Berastegi,298
2011-10-20,Bidania,354
2011-10-20,Miramon,132
2011-10-20,Zegama,324
2011-10-21,Arrasate,155
2011-10-21,Berastegi,196
2011-10-21,Bidania,142
2011-10-21,Miramon,176
2011-10-21,Zegama,129
2011-10-22,Arrasate,239
2011-10-22,Berastegi,148
2011-10-22,Bidania,147
2011-10-22,Miramon,188
2011-10-22,Zegama,136
2011-10-23,Arrasate,149
2011-10-23,Berastegi,151
2011-10-23,Bidania,150
2011-10-23,Miramon,163
2011-10-23,Zegama,134
2011-10-24,Arrasate,147
2011-10-24,Berastegi,155
2011-10-24,Bidania,154
2011-10-24,Miramon,173
2011-10-24,Zegama,138
2011-10-25,Arrasate,206
2011-10-25,Berastegi,179
2011-10-25,Bidania,199
2011-10-25,Miramon,209
2011-10-25,Zegama,164
2011-10-26,Arrasate,156
2011-10-26,Berastegi,150
2011-10-26,Bidania,151
2011-10-26,Miramon,170
2011-10-26,Zegama,147
2011-10-27,Arrasate,155
2011-10-27,Berastegi,159
2011-10-27,Miramon,177
2011-10-27,Zegama,156
2011-10-28,Arrasate,299
2011-10-28,Miramon,266
2011-10-28,Zegama,340
2011-10-29,Arrasate,170
2011-10-29,Berastegi,319
2011-10-29,Miramon,194
2011-10-29,Zegama,127
2011-10-30,Arrasate,158
2011-10-30,Berastegi,299
2011-10-30,Bidania,149
2011-10-30,Miramon,177
2011-10-30,Zegama,142
2011-10-31,Arrasate,227
2011-10-31,Berastegi,136
2011-10-31,Bidania,154
2011-10-31,Miramon,187
2011-10-31,Zegama,142
2011-11-01,Arrasate,138
2011-11-01,Berastegi,147
2011-11-01,Miramon,246
2011-11-01,Zegama,133
2011-11-02,Arrasate,146
2011-11-02,Berastegi,153
2011-11-02,Bidania,154
2011-11-02,Miramon,168
2011-11-02,Zegama,135
2011-11-03,Arrasate,182
2011-11-03,Berastegi,150
2011-11-03,Bidania,158
2011-11-03,Miramon,178
2011-11-03,Zegama,147
2011-11-04,Arrasate,166
2011-11-04,Berastegi,152
2011-11-04,Bidania,160
2011-11-04,Miramon,172
2011-11-04,Zegama,138
2011-11-05,Arrasate,315
2011-11-05,Miramon,311
2011-11-05,Zegama,323
2011-11-06,Arrasate,302
2011-11-06,Miramon,331
2011-11-06,Zegama,322
2011-11-07,Arrasate,325
2011-11-07,Miramon,319
2011-11-07,Zegama,328
2011-11-08,Arrasate,192
2011-11-08,Berastegi,282
2011-11-08,Miramon,183
2011-11-08,Zegama,220
2011-11-09,Arrasate,228
2011-11-09,Berastegi,133
2011-11-09,Bidania,160
2011-11-09,Miramon,193
2011-11-09,Zegama,181
2011-11-10,Arrasate,176
2011-11-10,Berastegi,147
2011-11-10,Bidania,154
2011-11-10,Miramon,178
2011-11-10,Zegama,143
2011-11-11,Arrasate,162
2011-11-11,Berastegi,154
2011-11-11,Bidania,157
2011-11-11,Miramon,172
2011-11-11,Zegama,127
2011-11-12,Arrasate,159
2011-11-12,Berastegi,157
2011-11-12,Bidania,151
2011-11-12,Miramon,181
2011-11-12,Zegama,139
2011-11-13,Arrasate,150
2011-11-13,Berastegi,145
2011-11-13,Bidania,149
2011-11-13,Miramon,162
2011-11-13,Zegama,140
2011-11-14,Arrasate,156
2011-11-14,Berastegi,157
2011-11-14,Bidania,154
2011-11-14,Miramon,173
2011-11-14,Zegama,139
2011-11-15,Arrasate,176
2011-11-15,Berastegi,147
2011-11-15,Bidania,154
2011-11-15,Miramon,177
2011-11-15,Zegama,149
2011-11-16,Arrasate,212
2011-11-16,Berastegi,133
2011-11-16,Bidania,164
2011-11-16,Miramon,210
2011-11-16,Zegama,179
2011-11-17,Arrasate,187
2011-11-17,Berastegi,138
2011-11-17,Bidania,145
2011-11-17,Miramon,195
2011-11-17,Zegama,129
2011-11-18,Arrasate,159
2011-11-18,Berastegi,150
2011-11-18,Bidania,156
2011-11-18,Miramon,171
2011-11-18,Zegama,134
2011-11-19,Arrasate,160
2011-11-19,Berastegi,155
2011-11-19,Bidania,154
2011-11-19,Miramon,159
2011-11-19,Zegama,133
2011-11-20,Arrasate,155
2011-11-20,Berastegi,160
2011-11-20,Bidania,138
2011-11-20,Miramon,148
2011-11-20,Zegama,138
2011-11-21,Arrasate,162
2011-11-21,Berastegi,146
2011-11-21,Bidania,150
2011-11-21,Miramon,172
2011-11-21,Zegama,134
2011-11-22,Arrasate,339
2011-11-22,Miramon,261
2011-11-22,Zegama,345
2011-11-23,Arrasate,355
2011-11-23,Berastegi,330
2011-11-23,Bidania,325
2011-11-23,Miramon,316
2011-11-23,Zegama,333
2011-11-24,Arrasate,123
2011-11-24,Berastegi,329
2011-11-24,Miramon,153
2011-11-24,Zegama,112
2011-11-25,Arrasate,8
2011-11-25,Miramon,204
2011-11-25,Zegama,340
2011-11-26,Arrasate,38
2011-11-26,Berastegi,299
2011-11-26,Bidania,342
2011-11-26,Miramon,187
2011-11-26,Zegama,342
2011-11-27,Arrasate,17
2011-11-27,Berastegi,314
2011-11-27,Miramon,195
2011-11-27,Zegama,131
2011-11-28,Arrasate,262
2011-11-28,Berastegi,148
2011-11-28,Bidania,143
2011-11-28,Miramon,180
2011-11-28,Zegama,136
2011-11-29,Arrasate,255
2011-11-29,Berastegi,144
2011-11-29,Bidania,142
2011-11-29,Miramon,202
2011-11-29,Zegama,168
2011-11-30,Arrasate,243
2011-11-30,Berastegi,142
2011-11-30,Bidania,146
2011-11-30,Miramon,199
2011-11-30,Zegama,145
2011-12-01,Arrasate,238
2011-12-01,Berastegi,136
2011-12-01,Bidania,156
2011-12-01,Miramon,182
2011-12-01,Zegama,201
2011-12-02,Arrasate,270
2011-12-02,Miramon,258
2011-12-02,Zegama,306
2011-12-03,Arrasate,277
2011-12-03,Berastegi,203
2011-12-03,Bidania,295
2011-12-03,Miramon,202
2011-12-03,Zegama,154
2011-12-04,Arrasate,255
2011-12-04,Berastegi,269
2011-12-04,Bidania,214
2011-12-04,Miramon,224
2011-12-04,Zegama,202
2011-12-05,Arrasate,289
2011-12-05,Miramon,261
2011-12-05,Zegama,325
2011-12-06,Arrasate,297
2011-12-06,Berastegi,307
2011-12-06,Miramon,256
2011-12-06,Zegama,336
2011-12-07,Arrasate,252
2011-12-07,Berastegi,305
2011-12-07,Bidania,292
2011-12-07,Miramon,240
2011-12-07,Zegama,298
2011-12-08,Arrasate,238
2011-12-08,Berastegi,317
2011-12-08,Bidania,132
2011-12-08,Miramon,203
2011-12-08,Zegama,135
2011-12-09,Arrasate,232
2011-12-09,Bidania,129
2011-12-09,Miramon,193
2011-12-09,Zegama,141
2011-12-10,Arrasate,252
2011-12-10,Berastegi,183
2011-12-10,Bidania,145
2011-12-10,Miramon,194
2011-12-10,Zegama,192
2011-12-11,Arrasate,212
2011-12-11,Berastegi,152
2011-12-11,Bidania,183
2011-12-11,Miramon,203
2011-12-11,Zegama,222
2011-12-12,Arrasate,194
2011-12-12,Berastegi,205
2011-12-12,Bidania,245
2011-12-12,Miramon,221
2011-12-12,Zegama,207
2011-12-13,Arrasate,204
2011-12-13,Berastegi,171
2011-12-13,Bidania,192
2011-12-13,Miramon,196
2011-12-13,Zegama,210
2011-12-14,Arrasate,229
2011-12-14,Miramon,244
2011-12-14,Zegama,129
2011-12-15,Arrasate,192
2011-12-15,Berastegi,181
2011-12-15,Bidania,217
2011-12-15,Miramon,218
2011-12-15,Zegama,152
2011-12-16,Arrasate,242
2011-12-16,Berastegi,245
2011-12-16,Miramon,259
2011-12-16,Zegama,178
2011-12-17,Arrasate,252
2011-12-17,Berastegi,293
2011-12-17,Miramon,282
2011-12-17,Zegama,324
2011-12-18,Arrasate,188
2011-12-18,Miramon,214
2011-12-18,Zegama,321
2011-12-19,Arrasate,293
2011-12-19,Miramon,219
2011-12-19,Zegama,335
2011-12-20,Arrasate,300
2011-12-20,Miramon,291
2011-12-20,Zegama,333
2011-12-21,Arrasate,301
2011-12-21,Miramon,302
2011-12-21,Zegama,338
2011-12-22,Arrasate,334
2011-12-22,Miramon,270
2011-12-22,Zegama,323
2011-12-23,Arrasate,351
2011-12-23,Berastegi,328
2011-12-23,Miramon,243
2011-12-23,Zegama,1
2011-12-24,Arrasate,4
2011-12-24,Berastegi,316
2011-12-24,Miramon,24
2011-12-24,Zegama,320
2011-12-25,Arrasate,43
2011-12-25,Berastegi,318
2011-12-25,Bidania,100
2011-12-25,Miramon,177
2011-12-25,Zegama,349
2011-12-26,Arrasate,153
2011-12-26,Berastegi,154
2011-12-26,Bidania,141
2011-12-26,Miramon,185
2011-12-26,Zegama,147
2011-12-27,Arrasate,139
2011-12-27,Berastegi,159
2011-12-27,Bidania,126
2011-12-27,Miramon,188
2011-12-27,Zegama,152
2011-12-28,Arrasate,326
2011-12-28,Berastegi,326
2011-12-28,Bidania,326
2011-12-28,Miramon,213
2011-12-28,Zegama,3
2011-12-29,Arrasate,333
2011-12-29,Berastegi,327
2011-12-29,Miramon,320
2011-12-29,Zegama,325
2011-12-30,Arrasate,180
2011-12-30,Miramon,247
2011-12-30,Zegama,339
2011-12-31,Arrasate,30
2011-12-31,Zegama,23
2012-01-01,Arrasate,216
2012-01-01,Berastegi,145
2012-01-01,Bidania,162
2012-01-01,Zegama,202
2012-01-02,Arrasate,261
2012-01-02,Berastegi,291
2012-01-02,Bidania,293
2012-01-02,Miramon,261
2012-01-02,Zegama,294
2012-01-03,Arrasate,247
2012-01-03,Berastegi,251
2012-01-03,Bidania,138
2012-01-03,Miramon,195
2012-01-03,Zegama,226
2012-01-04,Arrasate,276
2012-01-04,Miramon,244
2012-01-04,Zegama,285
2012-01-05,Arrasate,304
2012-01-05,Berastegi,311
2012-01-05,Miramon,277
2012-01-05,Zegama,346
2012-01-06,Arrasate,324
2012-01-06,Berastegi,329
2012-01-06,Miramon,319
2012-01-06,Zegama,337
2012-01-07,Arrasate,78
2012-01-07,Berastegi,336
2012-01-07,Miramon,236
2012-01-07,Zegama,335
2012-01-08,Arrasate,10
2012-01-08,Miramon,240
2012-01-08,Zegama,333
2012-01-09,Arrasate,35
2012-01-09,Berastegi,322
2012-01-09,Miramon,67
2012-01-09,Zegama,321
2012-01-10,Arrasate,149
2012-01-10,Berastegi,337
2012-01-10,Miramon,189
2012-01-10,Zegama,149
2012-01-11,Arrasate,204
2012-01-11,Berastegi,334
2012-01-11,Bidania,153
2012-01-11,Miramon,196
2012-01-11,Zegama,137
2012-01-12,Arrasate,188
2012-01-12,Berastegi,324
2012-01-12,Bidania,23
2012-01-12,Miramon,176
2012-01-12,Zegama,151
2012-01-13,Arrasate,20
2012-01-13,Berastegi,311
2012-01-13,Bidania,52
2012-01-13,Miramon,133
2012-01-13,Zegama,307
2012-01-14,Arrasate,322
2012-01-14,Berastegi,336
2012-01-14,Miramon,156
2012-01-14,Zegama,306
2012-01-15,Arrasate,234
2012-01-15,Berastegi,285
2012-01-15,Bidania,144
2012-01-15,Miramon,188
2012-01-15,Zegama,215
2012-01-16,Arrasate,67
2012-01-16,Miramon,201
2012-01-16,Zegama,352
2012-01-17,Arrasate,160
2012-01-17,Berastegi,284
2012-01-17,Bidania,303
2012-01-17,Miramon,210
2012-01-17,Zegama,127
2012-01-18,Arrasate,312
2012-01-18,Berastegi,314
2012-01-18,Bidania,312
2012-01-18,Miramon,195
2012-01-18,Zegama,108
2012-01-19,Arrasate,328
2012-01-19,Miramon,228
2012-01-19,Zegama,329
2012-01-20,Arrasate,307
2012-01-20,Miramon,293
2012-01-20,Zegama,332
2012-01-21,Arrasate,295
2012-01-21,Miramon,293
2012-01-21,Zegama,333
2012-01-22,Arrasate,7
2012-01-22,Miramon,289
2012-01-22,Zegama,330
2012-01-23,Arrasate,10
2012-01-23,Miramon,325
2012-01-23,Zegama,343
2012-01-24,Arrasate,3
2012-01-24,Berastegi,318
2012-01-24,Miramon,79
2012-01-24,Zegama,334
2012-01-25,Arrasate,255
2012-01-25,Berastegi,152
2012-01-25,Miramon,194
2012-01-25,Zegama,138
2012-01-26,Arrasate,284
2012-01-26,Berastegi,328
2012-01-26,Miramon,213
2012-01-26,Zegama,11
2012-01-27,Arrasate,3
2012-01-27,Miramon,233
2012-01-27,Zegama,316
2012-01-28,Arrasate,326
2012-01-28,Miramon,300
2012-01-28,Zegama,330
2012-01-29,Arrasate,32
2012-01-29,Miramon,186
2012-01-29,Zegama,318
2012-01-30,Arrasate,99
2012-01-30,Bidania,278
2012-01-30,Miramon,188
2012-01-30,Zegama,147
2012-01-31,Arrasate,252
2012-01-31,Berastegi,262
2012-01-31,Bidania,307
2012-01-31,Miramon,200
2012-01-31,Zegama,7
2012-02-01,Arrasate,339
2012-02-01,Miramon,7
2012-02-01,Zegama,332
2012-02-02,Arrasate,334
2012-02-02,Miramon,47
2012-02-02,Zegama,332
2012-02-03,Arrasate,347
2012-02-03,Berastegi,315
2012-02-03,Miramon,30
2012-02-03,Zegama,340
2012-02-04,Arrasate,358
2012-02-04,Berastegi,340
2012-02-04,Miramon,345
2012-02-04,Zegama,327
2012-02-05,Arrasate,322
2012-02-05,Berastegi,330
2012-02-05,Miramon,333
2012-02-05,Zegama,325
2012-02-06,Arrasate,357
2012-02-06,Miramon,25
2012-02-06,Zegama,332
2012-02-07,Arrasate,356
2012-02-07,Berastegi,322
2012-02-07,Miramon,7
2012-02-07,Zegama,327
2012-02-08,Arrasate,39
2012-02-08,Berastegi,333
2012-02-08,Miramon,99
2012-02-08,Zegama,335
2012-02-09,Arrasate,22
2012-02-09,Miramon,164
2012-02-09,Zegama,329
2012-02-10,Arrasate,12
2012-02-10,Berastegi,339
2012-02-10,Bidania,323
2012-02-10,Miramon,15
2012-02-10,Zegama,321
2012-02-11,Arrasate,342
2012-02-11,Berastegi,333
2012-02-11,Bidania,327
2012-02-11,Miramon,356
2012-02-11,Zegama,330
2012-02-12,Arrasate,345
2012-02-12,Berastegi,317
2012-02-12,Bidania,331
2012-02-12,Miramon,30
2012-02-12,Zegama,337
2012-02-13,Arrasate,33
2012-02-13,Berastegi,319
2012-02-13,Bidania,329
2012-02-13,Miramon,283
2012-02-13,Zegama,321
2012-02-14,Arrasate,349
2012-02-14,Berastegi,318
2012-02-14,Miramon,19
2012-02-14,Zegama,324
2012-02-15,Arrasate,344
2012-02-15,Miramon,258
2012-02-15,Zegama,330
2012-02-16,Arrasate,358
2012-02-16,Berastegi,318
2012-02-16,Miramon,28
2012-02-16,Zegama,326
2012-02-17,Arrasate,25
2012-02-17,Berastegi,132
2012-02-17,Bidania,166
2012-02-17,Miramon,73
2012-02-17,Zegama,314
2012-02-18,Arrasate,337
2012-02-18,Berastegi,325
2012-02-18,Bidania,312
2012-02-18,Miramon,199
2012-02-18,Zegama,20
2012-02-19,Arrasate,5
2012-02-19,Miramon,344
2012-02-19,Zegama,327
2012-02-20,Arrasate,21
2012-02-20,Berastegi,303
2012-02-20,Bidania,358
2012-02-20,Miramon,43
2012-02-20,Zegama,333
2012-02-21,Arrasate,354
2012-02-21,Berastegi,322
2012-02-21,Bidania,334
2012-02-21,Miramon,181
2012-02-21,Zegama,2
2012-02-22,Arrasate,354
2012-02-22,Berastegi,314
2012-02-22,Bidania,331
2012-02-22,Miramon,193
2012-02-22,Zegama,314
2012-02-23,Arrasate,1
2012-02-23,Berastegi,316
2012-02-23,Bidania,329
2012-02-23,Miramon,197
2012-02-23,Zegama,327
2012-02-24,Arrasate,13
2012-02-24,Berastegi,318
2012-02-24,Bidania,351
2012-02-24,Miramon,227
2012-02-24,Zegama,332
2012-02-25,Arrasate,14
2012-02-25,Miramon,241
2012-02-25,Zegama,326
2012-02-26,Arrasate,358
2012-02-26,Miramon,330
2012-02-26,Zegama,333
2012-02-27,Arrasate,358
2012-02-27,Berastegi,316
2012-02-27,Miramon,313
2012-02-27,Zegama,332
2012-02-28,Arrasate,169
2012-02-28,Berastegi,330
2012-02-28,Bidania,148
2012-02-28,Miramon,201
2012-02-28,Zegama,60
2012-02-29,Arrasate,18
2012-02-29,Berastegi,318
2012-02-29,Bidania,70
2012-02-29,Miramon,222
2012-02-29,Zegama,140
2012-03-01,Arrasate,21
2012-03-01,Berastegi,335
2012-03-01,Bidania,338
2012-03-01,Miramon,224
2012-03-01,Zegama,326
2012-03-02,Arrasate,152
2012-03-02,Berastegi,146
2012-03-02,Bidania,162
2012-03-02,Miramon,184
2012-03-02,Zegama,130
2012-03-03,Arrasate,221
2012-03-03,Berastegi,316
2012-03-03,Bidania,231
2012-03-03,Miramon,183
2012-03-03,Zegama,261
2012-03-04,Arrasate,276
2012-03-04,Miramon,290
2012-03-04,Zegama,256
2012-03-05,Arrasate,350
2012-03-05,Berastegi,321
2012-03-05,Bidania,329
2012-03-05,Miramon,343
2012-03-05,Zegama,314
2012-03-06,Arrasate,346
2012-03-06,Miramon,231
2012-03-06,Zegama,328
2012-03-07,Arrasate,117
2012-03-07,Berastegi,330
2012-03-07,Bidania,317
2012-03-07,Miramon,222
2012-03-07,Zegama,344
2012-03-08,Arrasate,351
2012-03-08,Berastegi,319
2012-03-08,Miramon,7
2012-03-08,Zegama,328
2012-03-09,Arrasate,8
2012-03-09,Berastegi,303
2012-03-09,Bidania,345
2012-03-09,Miramon,352
2012-03-09,Zegama,339
2012-03-10,Arrasate,12
2012-03-10,Berastegi,320
2012-03-10,Bidania,317
2012-03-10,Miramon,243
2012-03-10,Zegama,351
2012-03-11,Arrasate,347
2012-03-11,Berastegi,319
2012-03-11,Bidania,313
2012-03-11,Miramon,308
2012-03-11,Zegama,329
2012-03-12,Arrasate,2
2012-03-12,Berastegi,328
2012-03-12,Bidania,314
2012-03-12,Miramon,285
2012-03-12,Zegama,342
2012-03-13,Arrasate,0
2012-03-13,Berastegi,332
2012-03-13,Bidania,326
2012-03-13,Miramon,212
2012-03-13,Zegama,307
2012-03-14,Arrasate,0
2012-03-14,Berastegi,327
2012-03-14,Bidania,289
2012-03-14,Miramon,247
2012-03-14,Zegama,124
2012-03-15,Arrasate,190
2012-03-15,Berastegi,132
2012-03-15,Bidania,137
2012-03-15,Miramon,305
2012-03-15,Zegama,132
2012-03-16,Arrasate,52
2012-03-16,Berastegi,126
2012-03-16,Bidania,129
2012-03-16,Miramon,318
2012-03-16,Zegama,128
2012-03-17,Arrasate,225
2012-03-17,Berastegi,275
2012-03-17,Bidania,208
2012-03-17,Miramon,244
2012-03-17,Zegama,148
2012-03-18,Arrasate,324
2012-03-18,Berastegi,322
2012-03-18,Bidania,302
2012-03-18,Miramon,281
2012-03-18,Zegama,121
2012-03-19,Arrasate,349
2012-03-19,Berastegi,323
2012-03-19,Miramon,297
2012-03-19,Zegama,329
2012-03-20,Arrasate,3
2012-03-20,Berastegi,309
2012-03-20,Bidania,334
2012-03-20,Miramon,3
2012-03-20,Zegama,330
2012-03-21,Arrasate,21
2012-03-21,Miramon,181
2012-03-21,Zegama,297
2012-03-22,Arrasate,195
2012-03-22,Berastegi,263
2012-03-22,Bidania,155
2012-03-22,Miramon,202
2012-03-22,Zegama,178
2012-03-23,Arrasate,168
2012-03-23,Berastegi,145
2012-03-23,Bidania,137
2012-03-23,Miramon,168
2012-03-23,Zegama,133
2012-03-24,Arrasate,163
2012-03-24,Berastegi,144
2012-03-24,Bidania,141
2012-03-24,Miramon,171
2012-03-24,Zegama,131
2012-03-25,Arrasate,22
2012-03-25,Berastegi,327
2012-03-25,Bidania,102
2012-03-25,Miramon,226
2012-03-25,Zegama,118
2012-03-26,Arrasate,147
2012-03-26,Berastegi,149
2012-03-26,Bidania,140
2012-03-26,Miramon,161
2012-03-26,Zegama,130
2012-03-27,Arrasate,158
2012-03-27,Berastegi,141
2012-03-27,Bidania,141
2012-03-27,Miramon,159
2012-03-27,Zegama,135
2012-03-28,Arrasate,16
2012-03-28,Berastegi,331
2012-03-28,Bidania,63
2012-03-28,Miramon,209
2012-03-28,Zegama,45
2012-03-29,Arrasate,23
2012-03-29,Berastegi,320
2012-03-29,Bidania,3
2012-03-29,Miramon,216
2012-03-29,Zegama,41
2012-03-30,Arrasate,334
2012-03-30,Berastegi,316
2012-03-30,Bidania,336
2012-03-30,Miramon,243
2012-03-30,Zegama,357
2012-03-31,Arrasate,341
2012-03-31,Berastegi,315
2012-03-31,Bidania,318
2012-03-31,Miramon,235
2012-03-31,Zegama,5
2012-04-01,Arrasate,356
2012-04-01,Berastegi,326
2012-04-01,Bidania,314
2012-04-01,Miramon,263
2012-04-01,Zegama,350
2012-04-02,Arrasate,355
2012-04-02,Berastegi,315
2012-04-02,Bidania,317
2012-04-02,Miramon,289
2012-04-02,Zegama,340
2012-04-03,Arrasate,342
2012-04-03,Miramon,257
2012-04-03,Zegama,350
2012-04-04,Arrasate,3
2012-04-04,Berastegi,335
2012-04-04,Miramon,314
2012-04-04,Zegama,351
2012-04-05,Arrasate,2
2012-04-05,Miramon,267
2012-04-05,Zegama,332
2012-04-06,Arrasate,198
2012-04-06,Miramon,182
2012-04-06,Zegama,235
2012-04-07,Arrasate,253
2012-04-07,Berastegi,286
2012-04-07,Miramon,290
2012-04-07,Zegama,263
2012-04-08,Arrasate,342
2012-04-08,Miramon,284
2012-04-08,Zegama,333
2012-04-09,Arrasate,178
2012-04-09,Berastegi,337
2012-04-09,Miramon,227
2012-04-09,Zegama,112
2012-04-10,Arrasate,236
2012-04-10,Berastegi,272
2012-04-10,Miramon,257
2012-04-10,Zegama,128
2012-04-11,Arrasate,211
2012-04-11,Berastegi,191
2012-04-11,Bidania,239
2012-04-11,Miramon,250
2012-04-11,Zegama,203
2012-04-12,Arrasate,317
2012-04-12,Miramon,296
2012-04-12,Zegama,302
2012-04-13,Arrasate,300
2012-04-13,Miramon,250
2012-04-13,Zegama,340
2012-04-14,Arrasate,308
2012-04-14,Berastegi,336
2012-04-14,Miramon,287
2012-04-14,Zegama,325
2012-04-15,Arrasate,318
2012-04-15,Miramon,317
2012-04-15,Zegama,324
2012-04-16,Arrasate,348
2012-04-16,Berastegi,322
2012-04-16,Bidania,341
2012-04-16,Miramon,351
2012-04-16,Zegama,325
2012-04-17,Arrasate,287
2012-04-17,Berastegi,325
2012-04-17,Miramon,221
2012-04-17,Zegama,331
2012-04-18,Arrasate,244
2012-04-18,Berastegi,299
2012-04-18,Bidania,273
2012-04-18,Miramon,254
2012-04-18,Zegama,119
2012-04-19,Arrasate,296
2012-04-19,Berastegi,304
2012-04-19,Miramon,256
2012-04-19,Zegama,23
2012-04-20,Arrasate,333
2012-04-20,Berastegi,320
2012-04-20,Miramon,261
2012-04-20,Zegama,333
2012-04-21,Arrasate,295
2012-04-21,Berastegi,329
2012-04-21,Miramon,250
2012-04-21,Zegama,19
2012-04-22,Arrasate,346
2012-04-22,Berastegi,334
2012-04-22,Bidania,309
2012-04-22,Miramon,266
2012-04-22,Zegama,350
2012-04-23,Arrasate,251
2012-04-23,Berastegi,289
2012-04-23,Miramon,262
2012-04-23,Zegama,206
2012-04-24,Arrasate,276
2012-04-24,Berastegi,322
2012-04-24,Miramon,271
2012-04-24,Zegama,309
2012-04-25,Arrasate,207
2012-04-25,Berastegi,154
2012-04-25,Bidania,166
2012-04-25,Miramon,183
2012-04-25,Zegama,129
2012-04-26,Arrasate,202
2012-04-26,Berastegi,160
2012-04-26,Bidania,189
2012-04-26,Miramon,198
2012-04-27,Arrasate,338
2012-04-27,Berastegi,330
2012-04-27,Bidania,317
2012-04-27,Miramon,338
2012-04-28,Arrasate,314
2012-04-28,Miramon,297
2012-04-29,Arrasate,209
2012-04-29,Berastegi,158
2012-04-29,Bidania,176
2012-04-29,Miramon,216
2012-04-30,Arrasate,18
2012-04-30,Berastegi,347
2012-04-30,Bidania,339
2012-04-30,Miramon,289
2012-05-01,Arrasate,210
2012-05-01,Berastegi,145
2012-05-01,Bidania,153
2012-05-01,Miramon,176
2012-05-01,Zegama,141
2012-05-02,Arrasate,163
2012-05-02,Berastegi,139
2012-05-02,Bidania,151
2012-05-02,Miramon,175
2012-05-02,Zegama,128
2012-05-03,Arrasate,187
2012-05-03,Berastegi,157
2012-05-03,Bidania,157
2012-05-03,Miramon,190
2012-05-03,Zegama,154
2012-05-04,Arrasate,205
2012-05-04,Berastegi,172
2012-05-04,Bidania,167
2012-05-04,Miramon,211
2012-05-04,Zegama,167
2012-05-05,Arrasate,207
2012-05-05,Berastegi,188
2012-05-05,Bidania,208
2012-05-05,Miramon,215
2012-05-05,Zegama,149
2012-05-06,Arrasate,345
2012-05-06,Berastegi,329
2012-05-06,Miramon,225
2012-05-06,Zegama,21
2012-05-07,Arrasate,202
2012-05-07,Berastegi,158
2012-05-07,Bidania,159
2012-05-07,Miramon,188
2012-05-07,Zegama,154
2012-05-08,Arrasate,195
2012-05-08,Berastegi,150
2012-05-08,Bidania,164
2012-05-08,Miramon,194
2012-05-08,Zegama,159
2012-05-09,Arrasate,216
2012-05-09,Berastegi,149
2012-05-09,Bidania,158
2012-05-09,Miramon,203
2012-05-09,Zegama,193
2012-05-10,Arrasate,164
2012-05-10,Berastegi,146
2012-05-10,Bidania,156
2012-05-10,Miramon,185
2012-05-10,Zegama,131
2012-05-11,Arrasate,15
2012-05-11,Berastegi,39
2012-05-11,Bidania,124
2012-05-11,Miramon,319
2012-05-11,Zegama,100
2012-05-12,Arrasate,20
2012-05-12,Miramon,290
2012-05-12,Zegama,351
2012-05-13,Arrasate,351
2012-05-13,Berastegi,323
2012-05-13,Miramon,288
2012-05-13,Zegama,353
2012-05-14,Arrasate,347
2012-05-14,Berastegi,323
2012-05-14,Miramon,273
2012-05-14,Zegama,359
2012-05-15,Arrasate,348
2012-05-15,Berastegi,332
2012-05-15,Miramon,308
2012-05-15,Zegama,342
2012-05-16,Arrasate,46
2012-05-16,Berastegi,318
2012-05-16,Bidania,87
2012-05-16,Miramon,21
2012-05-16,Zegama,350
2012-05-17,Arrasate,35
2012-05-17,Berastegi,140
2012-05-17,Bidania,145
2012-05-17,Miramon,189
2012-05-17,Zegama,127
2012-05-18,Arrasate,360
2012-05-18,Berastegi,342
2012-05-18,Miramon,8
2012-05-18,Zegama,335
2012-05-19,Arrasate,17
2012-05-19,Miramon,314
2012-05-19,Zegama,336
2012-05-20,Arrasate,307
2012-05-20,Miramon,287
2012-05-20,Zegama,330
2012-05-21,Arrasate,300
2012-05-21,Berastegi,310
2012-05-21,Miramon,290
2012-05-21,Zegama,328
2012-05-22,Arrasate,303
2012-05-22,Miramon,298
2012-05-22,Zegama,328
2012-05-23,Arrasate,24
2012-05-23,Berastegi,334
2012-05-23,Miramon,339
2012-05-23,Zegama,344
2012-05-24,Arrasate,19
2012-05-24,Berastegi,334
2012-05-24,Miramon,295
2012-05-24,Zegama,334
2012-05-25,Arrasate,155
2012-05-25,Berastegi,140
2012-05-25,Miramon,226
2012-05-25,Zegama,132
2012-05-26,Arrasate,25
2012-05-26,Berastegi,336
2012-05-26,Miramon,0
2012-05-26,Zegama,347
2012-05-27,Arrasate,344
2012-05-27,Berastegi,334
2012-05-27,Miramon,324
2012-05-27,Zegama,5
2012-05-28,Arrasate,24
2012-05-28,Berastegi,338
2012-05-28,Miramon,275
2012-05-28,Zegama,346
2012-05-29,Arrasate,331
2012-05-29,Berastegi,320
2012-05-29,Bidania,300
2012-05-29,Miramon,281
2012-05-29,Zegama,359
2012-05-30,Arrasate,0
2012-05-30,Berastegi,315
2012-05-30,Miramon,328
2012-05-30,Zegama,350
2012-05-31,Arrasate,52
2012-05-31,Berastegi,332
2012-05-31,Miramon,343
2012-05-31,Zegama,342
2012-06-01,Arrasate,65
2012-06-01,Berastegi,342
2012-06-01,Bidania,145
2012-06-01,Miramon,261
2012-06-01,Zegama,253
2012-06-02,Arrasate,12
2012-06-02,Berastegi,89
2012-06-02,Bidania,135
2012-06-02,Miramon,249
2012-06-02,Zegama,64
2012-06-03,Arrasate,3
2012-06-03,Berastegi,321
2012-06-03,Miramon,308
2012-06-03,Zegama,343
2012-06-04,Arrasate,5
2012-06-04,Berastegi,327
2012-06-04,Bidania,314
2012-06-04,Miramon,288
2012-06-04,Zegama,359
2012-06-05,Arrasate,24
2012-06-05,Berastegi,318
2012-06-05,Bidania,333
2012-06-05,Miramon,219
2012-06-05,Zegama,23
2012-06-06,Arrasate,18
2012-06-06,Berastegi,316
2012-06-06,Bidania,163
2012-06-06,Miramon,188
2012-06-06,Zegama,350
2012-06-07,Arrasate,252
2012-06-07,Berastegi,330
2012-06-07,Bidania,189
2012-06-07,Miramon,240
2012-06-07,Zegama,138
2012-06-08,Arrasate,357
2012-06-08,Berastegi,327
2012-06-08,Bidania,316
2012-06-08,Miramon,282
2012-06-08,Zegama,12
2012-06-09,Arrasate,225
2012-06-09,Berastegi,329
2012-06-09,Bidania,191
2012-06-09,Miramon,178
2012-06-09,Zegama,119
2012-06-10,Arrasate,260
2012-06-10,Berastegi,291
2012-06-10,Miramon,258
2012-06-10,Zegama,210
2012-06-11,Arrasate,325
2012-06-11,Berastegi,305
2012-06-11,Miramon,265
2012-06-11,Zegama,353
2012-06-12,Arrasate,318
2012-06-12,Berastegi,320
2012-06-12,Miramon,285
2012-06-12,Zegama,328
2012-06-13,Arrasate,4
2012-06-13,Berastegi,341
2012-06-13,Miramon,316
2012-06-13,Zegama,336
2012-06-14,Arrasate,165
2012-06-14,Berastegi,157
2012-06-14,Bidania,158
2012-06-14,Miramon,196
2012-06-14,Zegama,123
2012-06-15,Arrasate,217
2012-06-15,Berastegi,201
2012-06-15,Bidania,186
2012-06-15,Miramon,267
2012-06-15,Zegama,152
2012-06-16,Arrasate,3
2012-06-16,Berastegi,333
2012-06-16,Miramon,302
2012-06-16,Zegama,166
2012-06-17,Arrasate,22
2012-06-17,Berastegi,333
2012-06-17,Bidania,108
2012-06-17,Miramon,312
2012-06-17,Zegama,327
2012-06-18,Arrasate,5
2012-06-18,Berastegi,327
2012-06-18,Miramon,346
2012-06-18,Zegama,332
2012-06-19,Arrasate,6
2012-06-19,Berastegi,152
2012-06-19,Miramon,295
2012-06-19,Zegama,127
2012-06-20,Arrasate,53
2012-06-20,Berastegi,44
2012-06-20,Bidania,127
2012-06-20,Miramon,331
2012-06-20,Zegama,111
2012-06-21,Arrasate,340
2012-06-21,Berastegi,342
2012-06-21,Miramon,271
2012-06-21,Zegama,108
2012-06-22,Arrasate,11
2012-06-22,Berastegi,338
2012-06-22,Miramon,325
2012-06-22,Zegama,351
2012-06-23,Arrasate,18
2012-06-23,Berastegi,325
2012-06-23,Miramon,11
2012-06-23,Zegama,338
2012-06-24,Arrasate,348
2012-06-24,Berastegi,311
2012-06-24,Bidania,312
2012-06-24,Miramon,278
2012-06-24,Zegama,355
2012-06-25,Arrasate,7
2012-06-25,Berastegi,312
2012-06-25,Bidania,317
2012-06-25,Miramon,251
2012-06-25,Zegama,343
2012-06-26,Arrasate,36
2012-06-26,Berastegi,341
2012-06-26,Miramon,295
2012-06-26,Zegama,330
2012-06-27,Arrasate,225
2012-06-27,Berastegi,146
2012-06-27,Bidania,141
2012-06-27,Miramon,184
2012-06-27,Zegama,142
2012-06-28,Arrasate,14
2012-06-28,Berastegi,333
2012-06-28,Miramon,318
2012-06-28,Zegama,352
2012-06-29,Arrasate,355
2012-06-29,Berastegi,341
2012-06-29,Miramon,343
2012-06-29,Zegama,357
2012-06-30,Arrasate,330
2012-06-30,Berastegi,334
2012-06-30,Miramon,288
2012-06-30,Zegama,329
2012-07-01,Arrasate,343
2012-07-01,Berastegi,325
2012-07-01,Miramon,293
2012-07-01,Zegama,321
2012-07-02,Arrasate,357
2012-07-02,Berastegi,318
2012-07-02,Bidania,305
2012-07-02,Miramon,185
2012-07-02,Zegama,12
2012-07-03,Arrasate,19
2012-07-03,Berastegi,326
2012-07-03,Bidania,317
2012-07-03,Miramon,262
2012-07-03,Zegama,344
2012-07-04,Arrasate,344
2012-07-04,Berastegi,320
2012-07-04,Bidania,315
2012-07-04,Miramon,310
2012-07-04,Zegama,348
2012-07-05,Arrasate,358
2012-07-05,Berastegi,333
2012-07-05,Miramon,289
2012-07-05,Zegama,338
2012-07-06,Arrasate,0
2012-07-06,Berastegi,344
2012-07-06,Miramon,299
2012-07-06,Zegama,349
2012-07-07,Arrasate,289
2012-07-07,Berastegi,343
2012-07-07,Bidania,247
2012-07-07,Miramon,256
2012-07-07,Zegama,73
2012-07-08,Arrasate,2
2012-07-08,Berastegi,344
2012-07-08,Bidania,315
2012-07-08,Miramon,311
2012-07-08,Zegama,354
2012-07-09,Arrasate,14
2012-07-09,Berastegi,325
2012-07-09,Miramon,250
2012-07-09,Zegama,341
2012-07-10,Arrasate,4
2012-07-10,Berastegi,331
2012-07-10,Miramon,322
2012-07-10,Zegama,332
2012-07-11,Arrasate,350
2012-07-11,Berastegi,336
2012-07-11,Miramon,313
2012-07-11,Zegama,337
2012-07-12,Arrasate,349
2012-07-12,Berastegi,320
2012-07-12,Bidania,302
2012-07-12,Miramon,276
2012-07-12,Zegama,13
2012-07-13,Arrasate,277
2012-07-13,Berastegi,308
2012-07-13,Bidania,270
2012-07-13,Miramon,252
2012-07-13,Zegama,37
2012-07-14,Arrasate,348
2012-07-14,Berastegi,324
2012-07-14,Miramon,277
2012-07-14,Zegama,342
2012-07-15,Arrasate,356
2012-07-15,Berastegi,328
2012-07-15,Bidania,314
2012-07-15,Miramon,291
2012-07-15,Zegama,355
2012-07-16,Arrasate,30
2012-07-16,Berastegi,316
2012-07-16,Bidania,317
2012-07-16,Miramon,7
2012-07-16,Zegama,344
2012-07-17,Arrasate,57
2012-07-17,Berastegi,331
2012-07-17,Bidania,171
2012-07-17,Miramon,216
2012-07-17,Zegama,347
2012-07-18,Arrasate,360
2012-07-18,Berastegi,324
2012-07-18,Bidania,315
2012-07-18,Miramon,275
2012-07-18,Zegama,350
2012-07-19,Arrasate,11
2012-07-19,Berastegi,327
2012-07-19,Bidania,315
2012-07-19,Miramon,296
2012-07-19,Zegama,342
2012-07-20,Arrasate,2
2012-07-20,Berastegi,330
2012-07-20,Miramon,0
2012-07-20,Zegama,338
2012-07-21,Arrasate,21
2012-07-21,Berastegi,317
2012-07-21,Bidania,328
2012-07-21,Miramon,16
2012-07-21,Zegama,333
2012-07-22,Arrasate,12
2012-07-22,Berastegi,310
2012-07-22,Miramon,317
2012-07-22,Zegama,343
2012-07-23,Arrasate,19
2012-07-23,Berastegi,314
2012-07-23,Bidania,3
2012-07-23,Miramon,273
2012-07-23,Zegama,358
2012-07-24,Arrasate,41
2012-07-24,Berastegi,121
2012-07-24,Bidania,133
2012-07-24,Miramon,253
2012-07-24,Zegama,117
2012-07-25,Arrasate,12
2012-07-25,Berastegi,337
2012-07-25,Bidania,3
2012-07-25,Miramon,266
2012-07-25,Zegama,85
2012-07-26,Arrasate,256
2012-07-26,Berastegi,293
2012-07-26,Bidania,161
2012-07-26,Miramon,225
2012-07-26,Zegama,101
2012-07-27,Arrasate,328
2012-07-27,Berastegi,323
2012-07-27,Miramon,272
2012-07-27,Zegama,356
2012-07-28,Arrasate,14
2012-07-28,Berastegi,318
2012-07-28,Miramon,312
2012-07-28,Zegama,349
2012-07-29,Arrasate,3
2012-07-29,Berastegi,335
2012-07-29,Miramon,337
2012-07-29,Zegama,334
2012-07-30,Arrasate,351
2012-07-30,Berastegi,328
2012-07-30,Bidania,314
2012-07-30,Miramon,352
2012-07-30,Zegama,345
2012-07-31,Arrasate,68
2012-07-31,Berastegi,332
2012-07-31,Bidania,327
2012-07-31,Miramon,279
2012-07-31,Zegama,74
2012-08-01,Arrasate,10
2012-08-01,Berastegi,331
2012-08-01,Miramon,320
2012-08-01,Zegama,351
2012-08-02,Arrasate,352
2012-08-02,Berastegi,332
2012-08-02,Miramon,265
2012-08-02,Zegama,352
2012-08-03,Arrasate,359
2012-08-03,Berastegi,333
2012-08-03,Miramon,333
2012-08-03,Zegama,330
2012-08-04,Arrasate,3
2012-08-04,Berastegi,342
2012-08-04,Miramon,332
2012-08-04,Zegama,338
2012-08-05,Arrasate,23
2012-08-05,Miramon,223
2012-08-05,Zegama,346
2012-08-06,Arrasate,10
2012-08-06,Berastegi,350
2012-08-06,Bidania,330
2012-08-06,Miramon,239
2012-08-06,Zegama,15
2012-08-07,Arrasate,18
2012-08-07,Berastegi,331
2012-08-07,Bidania,153
2012-08-07,Miramon,250
2012-08-07,Zegama,58
2012-08-08,Arrasate,111
2012-08-08,Berastegi,147
2012-08-08,Bidania,133
2012-08-08,Miramon,123
2012-08-08,Zegama,136
2012-08-09,Arrasate,7
2012-08-09,Berastegi,75
2012-08-09,Bidania,129
2012-08-09,Miramon,246
2012-08-09,Zegama,121
2012-08-10,Arrasate,342
2012-08-10,Berastegi,306
2012-08-10,Bidania,143
2012-08-10,Miramon,256
2012-08-10,Zegama,144
2012-08-11,Arrasate,340
2012-08-11,Berastegi,336
2012-08-11,Bidania,317
2012-08-11,Miramon,309
2012-08-11,Zegama,356
2012-08-12,Arrasate,11
2012-08-12,Berastegi,334
2012-08-12,Bidania,355
2012-08-12,Miramon,321
2012-08-12,Zegama,346
2012-08-13,Arrasate,11
2012-08-13,Berastegi,333
2012-08-13,Bidania,288
2012-08-13,Miramon,334
2012-08-13,Zegama,356
2012-08-14,Arrasate,221
2012-08-14,Berastegi,175
2012-08-14,Bidania,151
2012-08-14,Miramon,281
2012-08-14,Zegama,139
2012-08-15,Arrasate,198
2012-08-15,Berastegi,154
2012-08-15,Bidania,155
2012-08-15,Miramon,13
2012-08-15,Zegama,149
2012-08-16,Arrasate,210
2012-08-16,Berastegi,181
2012-08-16,Bidania,156
2012-08-16,Miramon,190
2012-08-16,Zegama,148
2012-08-17,Arrasate,175
2012-08-17,Berastegi,171
2012-08-17,Bidania,147
2012-08-17,Miramon,189
2012-08-17,Zegama,133
2012-08-18,Arrasate,359
2012-08-18,Berastegi,57
2012-08-18,Bidania,110
2012-08-18,Miramon,335
2012-08-18,Zegama,128
2012-08-19,Arrasate,2
2012-08-19,Berastegi,308
2012-08-19,Bidania,158
2012-08-19,Miramon,330
2012-08-19,Zegama,153
2012-08-20,Arrasate,359
2012-08-20,Berastegi,326
2012-08-20,Bidania,319
2012-08-20,Miramon,319
2012-08-20,Zegama,340
2012-08-21,Arrasate,5
2012-08-21,Berastegi,334
2012-08-21,Miramon,309
2012-08-21,Zegama,348
2012-08-22,Arrasate,21
2012-08-22,Berastegi,326
2012-08-22,Miramon,338
2012-08-22,Zegama,343
2012-08-23,Arrasate,352
2012-08-23,Berastegi,338
2012-08-23,Miramon,269
2012-08-23,Zegama,351
2012-08-24,Arrasate,15
2012-08-24,Berastegi,322
2012-08-24,Bidania,318
2012-08-24,Miramon,200
2012-08-24,Zegama,13
2012-08-25,Arrasate,5
2012-08-25,Berastegi,326
2012-08-25,Miramon,270
2012-08-25,Zegama,335
2012-08-26,Arrasate,30
2012-08-26,Berastegi,324
2012-08-26,Bidania,40
2012-08-26,Miramon,195
2012-08-26,Zegama,359
2012-08-27,Arrasate,151
2012-08-27,Berastegi,161
2012-08-27,Bidania,155
2012-08-27,Miramon,222
2012-08-27,Zegama,127
2012-08-28,Arrasate,0
2012-08-28,Berastegi,320
2012-08-28,Bidania,299
2012-08-28,Miramon,338
2012-08-28,Zegama,351
2012-08-29,Arrasate,15
2012-08-29,Berastegi,333
2012-08-29,Miramon,306
2012-08-29,Zegama,334
2012-08-30,Arrasate,359
2012-08-30,Berastegi,328
2012-08-30,Miramon,291
2012-08-30,Zegama,325
2012-08-31,Arrasate,4
2012-08-31,Berastegi,337
2012-08-31,Miramon,331
2012-08-31,Zegama,337
2012-09-01,Arrasate,8
2012-09-01,Berastegi,319
2012-09-01,Bidania,330
2012-09-01,Miramon,312
2012-09-01,Zegama,346
2012-09-02,Arrasate,10
2012-09-02,Berastegi,312
2012-09-02,Bidania,329
2012-09-02,Miramon,299
2012-09-02,Zegama,349
2012-09-03,Arrasate,344
2012-09-03,Berastegi,324
2012-09-03,Miramon,350
2012-09-03,Zegama,322
2012-09-04,Arrasate,346
2012-09-04,Berastegi,331
2012-09-04,Miramon,337
2012-09-04,Zegama,334
2012-09-05,Arrasate,9
2012-09-05,Berastegi,320
2012-09-05,Miramon,267
2012-09-05,Zegama,339
2012-09-06,Arrasate,18
2012-09-06,Berastegi,321
2012-09-06,Miramon,220
2012-09-06,Zegama,353
2012-09-07,Arrasate,50
2012-09-07,Berastegi,145
2012-09-07,Bidania,138
2012-09-07,Miramon,224
2012-09-07,Zegama,137
2012-09-08,Arrasate,353
2012-09-08,Berastegi,317
2012-09-08,Bidania,308
2012-09-08,Miramon,200
2012-09-08,Zegama,182
2012-09-09,Arrasate,359
2012-09-09,Berastegi,322
2012-09-09,Bidania,307
2012-09-09,Miramon,251
2012-09-09,Zegama,33
2012-09-10,Arrasate,92
2012-09-10,Berastegi,315
2012-09-10,Miramon,316
2012-09-10,Zegama,30
2012-09-11,Arrasate,349
2012-09-11,Berastegi,338
2012-09-11,Miramon,324
2012-09-11,Zegama,353
2012-09-12,Arrasate,338
2012-09-12,Miramon,299
2012-09-12,Zegama,332
2012-09-13,Arrasate,316
2012-09-13,Berastegi,330
2012-09-13,Miramon,318
2012-09-13,Zegama,324
2012-09-14,Arrasate,352
2012-09-14,Berastegi,321
2012-09-14,Miramon,288
2012-09-14,Zegama,334
2012-09-15,Arrasate,164
2012-09-15,Berastegi,324
2012-09-15,Miramon,182
2012-09-15,Zegama,5
2012-09-16,Arrasate,36
2012-09-16,Berastegi,339
2012-09-16,Bidania,103
2012-09-16,Miramon,217
2012-09-16,Zegama,163
2012-09-17,Arrasate,75
2012-09-17,Berastegi,322
2012-09-17,Miramon,265
2012-09-17,Zegama,340
2012-09-18,Arrasate,101
2012-09-18,Miramon,216
2012-09-18,Zegama,343
2012-09-19,Arrasate,10
2012-09-19,Berastegi,324
2012-09-19,Miramon,24
2012-09-19,Zegama,320
2012-09-20,Arrasate,156
2012-09-20,Berastegi,154
2012-09-20,Bidania,146
2012-09-20,Miramon,169
2012-09-20,Zegama,138
2012-09-21,Arrasate,148
2012-09-21,Berastegi,154
2012-09-21,Bidania,156
2012-09-21,Miramon,186
2012-09-21,Zegama,131
2012-09-22,Arrasate,185
2012-09-22,Berastegi,150
2012-09-22,Bidania,146
2012-09-22,Miramon,180
2012-09-22,Zegama,138
2012-09-23,Arrasate,197
2012-09-23,Berastegi,158
2012-09-23,Bidania,163
2012-09-23,Miramon,190
2012-09-23,Zegama,136
2012-09-24,Arrasate,214
2012-09-24,Berastegi,269
2012-09-24,Bidania,277
2012-09-24,Miramon,276
2012-09-24,Zegama,137
2012-09-25,Arrasate,208
2012-09-25,Berastegi,167
2012-09-25,Bidania,208
2012-09-25,Miramon,213
2012-09-25,Zegama,161
2012-09-26,Arrasate,215
2012-09-26,Berastegi,196
2012-09-26,Bidania,243
2012-09-26,Miramon,228
2012-09-26,Zegama,154
2012-09-27,Arrasate,21
2012-09-27,Berastegi,343
2012-09-27,Bidania,14
2012-09-27,Miramon,200
2012-09-27,Zegama,35
2012-09-28,Arrasate,11
2012-09-28,Berastegi,326
2012-09-28,Bidania,18
2012-09-28,Miramon,201
2012-09-28,Zegama,324
2012-09-29,Arrasate,3
2012-09-29,Berastegi,329
2012-09-29,Miramon,359
2012-09-29,Zegama,316
2012-09-30,Arrasate,353
2012-09-30,Berastegi,310
2012-09-30,Bidania,345
2012-09-30,Miramon,11
2012-09-30,Zegama,338
2012-10-01,Arrasate,14
2012-10-01,Berastegi,325
2012-10-01,Bidania,317
2012-10-01,Miramon,190
2012-10-01,Zegama,133
2012-10-02,Arrasate,26
2012-10-02,Berastegi,330
2012-10-02,Bidania,306
2012-10-02,Miramon,196
2012-10-02,Zegama,19
2012-10-03,Arrasate,1
2012-10-03,Berastegi,320
2012-10-03,Bidania,315
2012-10-03,Miramon,214
2012-10-03,Zegama,342
2012-10-04,Arrasate,110
2012-10-04,Berastegi,302
2012-10-04,Bidania,133
2012-10-04,Miramon,186
2012-10-04,Zegama,147
2012-10-05,Arrasate,217
2012-10-05,Berastegi,146
2012-10-05,Bidania,145
2012-10-05,Miramon,185
2012-10-05,Zegama,145
2012-10-06,Arrasate,223
2012-10-06,Berastegi,144
2012-10-06,Bidania,154
2012-10-06,Miramon,202
2012-10-06,Zegama,144
2012-10-07,Arrasate,97
2012-10-07,Berastegi,274
2012-10-07,Bidania,332
2012-10-07,Miramon,191
2012-10-07,Zegama,202
2012-10-08,Arrasate,275
2012-10-08,Berastegi,287
2012-10-08,Bidania,235
2012-10-08,Miramon,205
2012-10-08,Zegama,148
2012-10-09,Arrasate,126
2012-10-09,Berastegi,309
2012-10-09,Bidania,107
2012-10-09,Miramon,174
2012-10-09,Zegama,2
2012-10-10,Arrasate,50
2012-10-10,Berastegi,331
2012-10-10,Miramon,212
2012-10-10,Zegama,140
2012-10-11,Arrasate,277
2012-10-11,Berastegi,318
2012-10-11,Bidania,302
2012-10-11,Miramon,264
2012-10-11,Zegama,131
2012-10-12,Arrasate,9
2012-10-12,Miramon,207
2012-10-12,Zegama,315
2012-10-13,Arrasate,133
2012-10-13,Berastegi,322
2012-10-13,Miramon,188
2012-10-13,Zegama,160
2012-10-14,Arrasate,252
2012-10-14,Berastegi,253
2012-10-14,Miramon,231
2012-10-14,Zegama,222
2012-10-15,Arrasate,317
2012-10-15,Berastegi,300
2012-10-15,Miramon,212
2012-10-15,Zegama,252
2012-10-16,Arrasate,193
2012-10-16,Berastegi,150
2012-10-16,Miramon,183
2012-10-16,Zegama,193
2012-10-17,Arrasate,173
2012-10-17,Berastegi,152
2012-10-17,Bidania,157
2012-10-17,Miramon,193
2012-10-17,Zegama,141
2012-10-18,Arrasate,142
2012-10-18,Berastegi,135
2012-10-18,Bidania,155
2012-10-18,Miramon,295
2012-10-18,Zegama,136
2012-10-19,Arrasate,30
2012-10-19,Miramon,240
2012-10-19,Zegama,145
2012-10-20,Arrasate,75
2012-10-20,Miramon,197
2012-10-20,Zegama,317
2012-10-21,Arrasate,134
2012-10-21,Miramon,293
2012-10-21,Zegama,311
2012-10-22,Arrasate,135
2012-10-22,Berastegi,155
2012-10-22,Miramon,182
2012-10-22,Zegama,144
2012-10-23,Arrasate,287
2012-10-23,Berastegi,311
2012-10-23,Miramon,196
2012-10-23,Zegama,145
2012-10-24,Arrasate,171
2012-10-24,Berastegi,146
2012-10-24,Miramon,181
2012-10-24,Zegama,135
2012-10-25,Arrasate,164
2012-10-25,Berastegi,153
2012-10-25,Miramon,163
2012-10-25,Zegama,143
2012-10-26,Arrasate,241
2012-10-26,Berastegi,109
2012-10-26,Miramon,254
2012-10-26,Zegama,141
2012-10-27,Arrasate,349
2012-10-27,Berastegi,315
2012-10-27,Miramon,7
2012-10-27,Zegama,327
2012-10-28,Arrasate,23
2012-10-28,Berastegi,336
2012-10-28,Miramon,182
2012-10-28,Zegama,6
2012-10-29,Arrasate,217
2012-10-29,Berastegi,235
2012-10-29,Miramon,186
2012-10-29,Zegama,148
2012-10-30,Arrasate,154
2012-10-30,Berastegi,169
2012-10-30,Miramon,191
2012-10-30,Zegama,131
2012-10-31,Arrasate,210
2012-10-31,Berastegi,309
2012-10-31,Miramon,203
2012-10-31,Zegama,214
2012-11-01,Arrasate,198
2012-11-01,Berastegi,212
2012-11-01,Miramon,225
2012-11-01,Zegama,167
2012-11-02,Arrasate,186
2012-11-02,Berastegi,173
2012-11-02,Miramon,191
2012-11-02,Zegama,170
2012-11-03,Arrasate,161
2012-11-03,Berastegi,147
2012-11-03,Miramon,215
2012-11-03,Zegama,149
2012-11-04,Arrasate,358
2012-11-04,Berastegi,102
2012-11-04,Miramon,245
2012-11-04,Zegama,128
2012-11-05,Arrasate,255
2012-11-05,Berastegi,274
2012-11-05,Miramon,209
2012-11-05,Zegama,196
2012-11-06,Arrasate,62
2012-11-06,Berastegi,303
2012-11-06,Miramon,315
2012-11-06,Zegama,312
2012-11-07,Arrasate,154
2012-11-07,Berastegi,166
2012-11-07,Bidania,140
2012-11-07,Miramon,181
2012-11-07,Zegama,135
2012-11-08,Arrasate,151
2012-11-08,Berastegi,144
2012-11-08,Miramon,181
2012-11-08,Zegama,133
2012-11-09,Arrasate,223
2012-11-09,Berastegi,142
2012-11-09,Miramon,232
2012-11-09,Zegama,141
2012-11-10,Arrasate,233
2012-11-10,Berastegi,195
2012-11-10,Bidania,253
2012-11-10,Miramon,228
2012-11-10,Zegama,143
2012-11-11,Arrasate,349
2012-11-11,Berastegi,322
2012-11-11,Miramon,240
2012-11-11,Zegama,325
2012-11-12,Arrasate,29
2012-11-12,Berastegi,317
2012-11-12,Miramon,174
2012-11-12,Zegama,320
2012-11-13,Arrasate,168
2012-11-13,Berastegi,328
2012-11-13,Bidania,237
2012-11-13,Miramon,196
2012-11-13,Zegama,287
2012-11-14,Arrasate,174
2012-11-14,Berastegi,147
2012-11-14,Bidania,144
2012-11-14,Miramon,184
2012-11-14,Zegama,136
2012-11-15,Arrasate,163
2012-11-15,Berastegi,145
2012-11-15,Bidania,149
2012-11-15,Miramon,169
2012-11-15,Zegama,139
2012-11-16,Arrasate,223
2012-11-16,Berastegi,134
2012-11-16,Bidania,150
2012-11-16,Miramon,184
2012-11-16,Zegama,136
2012-11-17,Arrasate,156
2012-11-17,Berastegi,149
2012-11-17,Miramon,181
2012-11-17,Zegama,134
2012-11-18,Arrasate,298
2012-11-18,Berastegi,328
2012-11-18,Miramon,289
2012-11-18,Zegama,330
2012-11-19,Arrasate,203
2012-11-19,Berastegi,262
2012-11-19,Miramon,187
2012-11-19,Zegama,216
2012-11-20,Arrasate,234
2012-11-20,Berastegi,152
2012-11-20,Miramon,188
2012-11-20,Zegama,180
2012-11-21,Arrasate,242
2012-11-21,Berastegi,112
2012-11-21,Miramon,236
2012-11-21,Zegama,116
2012-11-22,Arrasate,217
2012-11-22,Berastegi,146
2012-11-22,Bidania,153
2012-11-22,Miramon,194
2012-11-22,Zegama,137
2012-11-23,Arrasate,180
2012-11-23,Berastegi,145
2012-11-23,Bidania,158
2012-11-23,Miramon,187
2012-11-23,Zegama,146
2012-11-24,Arrasate,167
2012-11-24,Berastegi,153
2012-11-24,Bidania,155
2012-11-24,Miramon,188
2012-11-24,Zegama,135
2012-11-25,Arrasate,167
2012-11-25,Berastegi,144
2012-11-25,Miramon,221
2012-11-25,Zegama,138
2012-11-26,Arrasate,26
2012-11-26,Berastegi,295
2012-11-26,Bidania,305
2012-11-26,Miramon,235
2012-11-26,Zegama,136
2012-11-27,Arrasate,279
2012-11-27,Berastegi,309
2012-11-27,Bidania,312
2012-11-27,Miramon,239
2012-11-27,Zegama,342
2012-11-28,Arrasate,314
2012-11-28,Berastegi,317
2012-11-28,Bidania,326
2012-11-28,Miramon,4
2012-11-28,Zegama,320
2012-11-29,Arrasate,332
2012-11-29,Berastegi,322
2012-11-29,Bidania,329
2012-11-29,Miramon,16
2012-11-29,Zegama,316
2012-11-30,Arrasate,17
2012-11-30,Berastegi,292
2012-11-30,Bidania,3
2012-11-30,Miramon,97
2012-11-30,Zegama,331
2012-12-01,Arrasate,28
2012-12-01,Berastegi,325
2012-12-01,Bidania,2
2012-12-01,Miramon,171
2012-12-01,Zegama,331
2012-12-02,Arrasate,302
2012-12-02,Berastegi,291
2012-12-02,Bidania,311
2012-12-02,Miramon,216
2012-12-02,Zegama,10
2012-12-03,Arrasate,255
2012-12-03,Berastegi,278
2012-12-03,Bidania,310
2012-12-03,Miramon,258
2012-12-03,Zegama,224
2012-12-04,Arrasate,280
2012-12-04,Berastegi,312
2012-12-04,Bidania,290
2012-12-04,Miramon,273
2012-12-04,Zegama,306
2012-12-05,Arrasate,230
2012-12-05,Berastegi,296
2012-12-05,Bidania,294
2012-12-05,Miramon,266
2012-12-05,Zegama,313
2012-12-06,Arrasate,251
2012-12-06,Berastegi,153
2012-12-06,Bidania,157
2012-12-06,Miramon,192
2012-12-06,Zegama,203
2012-12-07,Arrasate,276
2012-12-07,Berastegi,322
2012-12-07,Bidania,313
2012-12-07,Miramon,291
2012-12-07,Zegama,282
2012-12-08,Arrasate,344
2012-12-08,Berastegi,340
2012-12-08,Bidania,321
2012-12-08,Miramon,329
2012-12-08,Zegama,326
2012-12-09,Arrasate,165
2012-12-09,Bidania,238
2012-12-09,Miramon,182
2012-12-09,Zegama,141
2012-12-10,Arrasate,195
2012-12-10,Berastegi,315
2012-12-10,Bidania,322
2012-12-10,Miramon,190
2012-12-10,Zegama,327
2012-12-11,Arrasate,19
2012-12-11,Berastegi,304
2012-12-11,Bidania,332
2012-12-11,Miramon,152
2012-12-11,Zegama,332
2012-12-12,Arrasate,238
2012-12-12,Berastegi,152
2012-12-12,Bidania,148
2012-12-12,Miramon,188
2012-12-12,Zegama,137
2012-12-13,Arrasate,215
2012-12-13,Berastegi,143
2012-12-13,Bidania,160
2012-12-13,Miramon,186
2012-12-13,Zegama,163
2012-12-14,Arrasate,211
2012-12-14,Berastegi,143
2012-12-14,Bidania,159
2012-12-14,Miramon,190
2012-12-14,Zegama,142
2012-12-15,Arrasate,220
2012-12-15,Berastegi,170
2012-12-15,Bidania,221
2012-12-15,Miramon,220
2012-12-15,Zegama,138
2012-12-16,Arrasate,199
2012-12-16,Berastegi,163
2012-12-16,Bidania,215
2012-12-16,Miramon,218
2012-12-16,Zegama,163
2012-12-17,Arrasate,280
2012-12-17,Berastegi,297
2012-12-17,Bidania,293
2012-12-17,Miramon,247
2012-12-17,Zegama,358
2012-12-18,Arrasate,242
2012-12-18,Berastegi,302
2012-12-18,Bidania,136
2012-12-18,Miramon,194
2012-12-18,Zegama,155
2012-12-19,Arrasate,200
2012-12-19,Berastegi,141
2012-12-19,Bidania,152
2012-12-19,Miramon,191
2012-12-19,Zegama,196
2012-12-20,Arrasate,226
2012-12-20,Berastegi,139
2012-12-20,Bidania,167
2012-12-20,Miramon,199
2012-12-20,Zegama,164
2012-12-21,Arrasate,221
2012-12-21,Berastegi,294
2012-12-21,Bidania,272
2012-12-21,Miramon,249
2012-12-21,Zegama,125
2012-12-22,Arrasate,232
2012-12-22,Berastegi,148
2012-12-22,Bidania,136
2012-12-22,Miramon,188
2012-12-22,Zegama,281
2012-12-23,Arrasate,249
2012-12-23,Berastegi,136
2012-12-23,Bidania,155
2012-12-23,Miramon,197
2012-12-23,Zegama,187
2012-12-24,Arrasate,212
2012-12-24,Berastegi,142
2012-12-24,Bidania,156
2012-12-24,Miramon,193
2012-12-24,Zegama,149
2012-12-25,Arrasate,20
2012-12-25,Berastegi,21
2012-12-25,Bidania,316
2012-12-25,Miramon,239
2012-12-25,Zegama,269
2012-12-26,Arrasate,262
2012-12-26,Berastegi,313
2012-12-26,Bidania,317
2012-12-26,Miramon,234
2012-12-26,Zegama,328
2012-12-27,Arrasate,267
2012-12-27,Berastegi,192
2012-12-27,Bidania,136
2012-12-27,Miramon,229
2012-12-27,Zegama,333
2012-12-28,Arrasate,223
2012-12-28,Berastegi,139
2012-12-28,Bidania,158
2012-12-28,Miramon,195
2012-12-28,Zegama,170
2012-12-29,Arrasate,225
2012-12-29,Berastegi,148
2012-12-29,Bidania,174
2012-12-29,Miramon,204
2012-12-29,Zegama,167
2012-12-30,Arrasate,235
2012-12-30,Berastegi,196
2012-12-30,Bidania,177
2012-12-30,Miramon,195
2012-12-30,Zegama,177
2012-12-31,Arrasate,207
2012-12-31,Berastegi,145
2012-12-31,Bidania,158
2012-12-31,Miramon,180
2012-12-31,Zegama,209
2013-01-01,Arrasate,299
2013-01-01,Berastegi,333
2013-01-01,Bidania,300
2013-01-01,Miramon,268
2013-01-01,Zegama,289
2013-01-02,Arrasate,350
2013-01-02,Berastegi,316
2013-01-02,Bidania,325
2013-01-02,Miramon,3
2013-01-02,Zegama,331
2013-01-03,Arrasate,35
2013-01-03,Berastegi,309
2013-01-03,Bidania,26
2013-01-03,Miramon,164
2013-01-03,Zegama,347
2013-01-04,Arrasate,162
2013-01-04,Berastegi,276
2013-01-04,Bidania,347
2013-01-04,Miramon,201
2013-01-04,Zegama,149
2013-01-05,Arrasate,140
2013-01-05,Berastegi,307
2013-01-05,Bidania,340
2013-01-05,Miramon,194
2013-01-05,Zegama,277
2013-01-06,Arrasate,102
2013-01-06,Bidania,309
2013-01-06,Miramon,172
2013-01-06,Zegama,279
2013-01-07,Arrasate,260
2013-01-07,Bidania,310
2013-01-07,Miramon,180
2013-01-07,Zegama,248
2013-01-08,Arrasate,205
2013-01-08,Berastegi,307
2013-01-08,Bidania,330
2013-01-08,Miramon,189
2013-01-08,Zegama,147
2013-01-09,Arrasate,255
2013-01-09,Berastegi,312
2013-01-09,Bidania,153
2013-01-09,Miramon,189
2013-01-09,Zegama,145
2013-01-10,Arrasate,292
2013-01-10,Bidania,318
2013-01-10,Miramon,233
2013-01-10,Zegama,357
2013-01-11,Arrasate,208
2013-01-11,Berastegi,193
2013-01-11,Bidania,213
2013-01-11,Miramon,191
2013-01-11,Zegama,245
2013-01-12,Arrasate,301
2013-01-12,Berastegi,274
2013-01-12,Bidania,303
2013-01-12,Miramon,208
2013-01-12,Zegama,198
2013-01-13,Arrasate,307
2013-01-13,Berastegi,311
2013-01-13,Bidania,312
2013-01-13,Miramon,212
2013-01-13,Zegama,335
2013-01-14,Arrasate,294
2013-01-14,Bidania,311
2013-01-14,Miramon,259
2013-01-14,Zegama,330
2013-01-15,Arrasate,303
2013-01-15,Bidania,303
2013-01-15,Miramon,301
2013-01-15,Zegama,313
2013-01-16,Arrasate,280
2013-01-16,Bidania,292
2013-01-16,Miramon,282
2013-01-16,Zegama,263
2013-01-17,Arrasate,20
2013-01-17,Berastegi,328
2013-01-17,Bidania,313
2013-01-17,Miramon,91
2013-01-17,Zegama,336
2013-01-18,Arrasate,238
2013-01-18,Bidania,215
2013-01-18,Miramon,227
2013-01-18,Zegama,161
2013-01-19,Arrasate,237
2013-01-19,Berastegi,151
2013-01-19,Bidania,219
2013-01-19,Miramon,263
2013-01-19,Zegama,168
2013-01-20,Arrasate,255
2013-01-20,Berastegi,314
2013-01-20,Bidania,300
2013-01-20,Miramon,294
2013-01-20,Zegama,288
2013-01-21,Arrasate,271
2013-01-21,Berastegi,284
2013-01-21,Bidania,285
2013-01-21,Miramon,253
2013-01-21,Zegama,289
2013-01-22,Arrasate,210
2013-01-22,Berastegi,145
2013-01-22,Bidania,171
2013-01-22,Miramon,194
2013-01-22,Zegama,183
2013-01-23,Arrasate,267
2013-01-23,Berastegi,277
2013-01-23,Bidania,283
2013-01-23,Miramon,265
2013-01-23,Zegama,263
2013-01-24,Arrasate,307
2013-01-24,Berastegi,317
2013-01-24,Bidania,313
2013-01-24,Miramon,316
2013-01-24,Zegama,321
2013-01-25,Arrasate,242
2013-01-25,Berastegi,311
2013-01-25,Bidania,142
2013-01-25,Miramon,182
2013-01-25,Zegama,142
2013-01-26,Arrasate,298
2013-01-26,Berastegi,313
2013-01-26,Bidania,310
2013-01-26,Miramon,290
2013-01-26,Zegama,326
2013-01-27,Arrasate,251
2013-01-27,Berastegi,165
2013-01-27,Bidania,248
2013-01-27,Miramon,233
2013-01-27,Zegama,227
2013-01-28,Arrasate,204
2013-01-28,Berastegi,302
2013-01-28,Bidania,297
2013-01-28,Miramon,237
2013-01-28,Zegama,257
2013-01-29,Arrasate,241
2013-01-29,Berastegi,147
2013-01-29,Bidania,143
2013-01-29,Miramon,198
2013-01-29,Zegama,244
2013-01-30,Arrasate,210
2013-01-30,Berastegi,186
2013-01-30,Bidania,252
2013-01-30,Miramon,205
2013-01-30,Zegama,229
2013-01-31,Arrasate,248
2013-01-31,Berastegi,269
2013-01-31,Bidania,130
2013-01-31,Miramon,201
2013-01-31,Zegama,244
2013-02-01,Arrasate,224
2013-02-01,Berastegi,229
2013-02-01,Bidania,249
2013-02-01,Miramon,231
2013-02-01,Zegama,218
2013-02-02,Arrasate,312
2013-02-02,Berastegi,322
2013-02-02,Bidania,316
2013-02-02,Miramon,329
2013-02-02,Zegama,324
2013-02-03,Arrasate,338
2013-02-03,Berastegi,326
2013-02-03,Bidania,340
2013-02-03,Miramon,77
2013-02-03,Zegama,332
2013-02-04,Arrasate,163
2013-02-04,Berastegi,338
2013-02-04,Bidania,308
2013-02-04,Miramon,275
2013-02-04,Zegama,331
2013-02-05,Arrasate,299
2013-02-05,Berastegi,325
2013-02-05,Bidania,305
2013-02-05,Miramon,286
2013-02-05,Zegama,336
2013-02-06,Arrasate,296
2013-02-06,Berastegi,306
2013-02-06,Bidania,308
2013-02-06,Miramon,306
2013-02-06,Zegama,325
2013-02-07,Arrasate,309
2013-02-07,Berastegi,325
2013-02-07,Bidania,320
2013-02-07,Miramon,348
2013-02-07,Zegama,322
2013-02-08,Arrasate,313
2013-02-08,Berastegi,324
2013-02-08,Bidania,322
2013-02-08,Miramon,329
2013-02-08,Zegama,326
2013-02-09,Arrasate,321
2013-02-09,Berastegi,326
2013-02-09,Bidania,318
2013-02-09,Miramon,273
2013-02-09,Zegama,330
2013-02-10,Arrasate,228
2013-02-10,Berastegi,182
2013-02-10,Bidania,238
2013-02-10,Miramon,225
2013-02-10,Zegama,197
2013-02-11,Arrasate,246
2013-02-11,Berastegi,301
2013-02-11,Bidania,289
2013-02-11,Miramon,263
2013-02-11,Zegama,325
2013-02-12,Arrasate,285
2013-02-12,Berastegi,326
2013-02-12,Bidania,313
2013-02-12,Miramon,285
2013-02-12,Zegama,331
2013-02-13,Arrasate,308
2013-02-13,Berastegi,307
2013-02-13,Bidania,316
2013-02-13,Miramon,298
2013-02-13,Zegama,323
2013-02-14,Arrasate,211
2013-02-14,Berastegi,299
2013-02-14,Bidania,306
2013-02-14,Miramon,286
2013-02-14,Zegama,320
2013-02-15,Arrasate,126
2013-02-15,Berastegi,296
2013-02-15,Bidania,310
2013-02-15,Miramon,266
2013-02-15,Zegama,50
2013-02-16,Arrasate,204
2013-02-16,Berastegi,360
2013-02-16,Bidania,140
2013-02-16,Miramon,184
2013-02-16,Zegama,138
2013-02-17,Arrasate,208
2013-02-17,Berastegi,144
2013-02-17,Bidania,152
2013-02-17,Miramon,184
2013-02-17,Zegama,155
2013-02-18,Arrasate,255
2013-02-18,Berastegi,141
2013-02-18,Bidania,138
2013-02-18,Miramon,197
2013-02-18,Zegama,178
2013-02-19,Arrasate,158
2013-02-19,Berastegi,156
2013-02-19,Bidania,153
2013-02-19,Miramon,160
2013-02-19,Zegama,137
2013-02-20,Arrasate,217
2013-02-20,Berastegi,318
2013-02-20,Bidania,133
2013-02-20,Miramon,206
2013-02-20,Zegama,128
2013-02-21,Arrasate,237
2013-02-21,Berastegi,337
2013-02-21,Bidania,316
2013-02-21,Miramon,247
2013-02-21,Zegama,243
2013-02-22,Arrasate,17
2013-02-22,Berastegi,325
2013-02-22,Bidania,316
2013-02-22,Miramon,14
2013-02-22,Zegama,338
2013-02-23,Arrasate,350
2013-02-23,Berastegi,326
2013-02-23,Bidania,328
2013-02-23,Miramon,36
2013-02-23,Zegama,346
2013-02-24,Arrasate,30
2013-02-24,Bidania,334
2013-02-24,Miramon,184
2013-02-24,Zegama,330
2013-02-25,Arrasate,339
2013-02-25,Berastegi,333
2013-02-25,Bidania,327
2013-02-25,Miramon,180
2013-02-25,Zegama,332
2013-02-26,Arrasate,71
2013-02-26,Berastegi,15
2013-02-26,Bidania,144
2013-02-26,Miramon,159
2013-02-26,Zegama,351
2013-02-27,Arrasate,18
2013-02-27,Berastegi,324
2013-02-27,Bidania,35
2013-02-27,Miramon,208
2013-02-27,Zegama,286
2013-02-28,Arrasate,5
2013-02-28,Berastegi,327
2013-02-28,Bidania,311
2013-02-28,Miramon,204
2013-02-28,Zegama,346
2013-03-01,Arrasate,356
2013-03-01,Berastegi,319
2013-03-01,Bidania,319
2013-03-01,Miramon,313
2013-03-01,Zegama,329
2013-03-02,Arrasate,19
2013-03-02,Berastegi,313
2013-03-02,Bidania,325
2013-03-02,Miramon,5
2013-03-02,Zegama,333
2013-03-03,Arrasate,153
2013-03-03,Berastegi,152
2013-03-03,Bidania,149
2013-03-03,Miramon,168
2013-03-03,Zegama,133
2013-03-04,Arrasate,146
2013-03-04,Berastegi,163
2013-03-04,Bidania,141
2013-03-04,Miramon,153
2013-03-04,Zegama,141
2013-03-05,Arrasate,144
2013-03-05,Berastegi,161
2013-03-05,Bidania,150
2013-03-05,Miramon,146
2013-03-05,Zegama,145
2013-03-06,Arrasate,209
2013-03-06,Berastegi,158
2013-03-06,Bidania,183
2013-03-06,Miramon,207
2013-03-06,Zegama,149
2013-03-07,Arrasate,180
2013-03-07,Berastegi,158
2013-03-07,Bidania,175
2013-03-07,Miramon,194
2013-03-07,Zegama,139
2013-03-08,Arrasate,207
2013-03-08,Berastegi,175
2013-03-08,Bidania,198
2013-03-08,Miramon,206
2013-03-08,Zegama,171
2013-03-09,Arrasate,204
2013-03-09,Berastegi,175
2013-03-09,Bidania,199
2013-03-09,Miramon,206
2013-03-09,Zegama,155
2013-03-10,Arrasate,209
2013-03-10,Berastegi,176
2013-03-10,Bidania,204
2013-03-10,Miramon,211
2013-03-10,Zegama,162
2013-03-11,Arrasate,209
2013-03-11,Berastegi,186
2013-03-11,Bidania,231
2013-03-11,Miramon,222
2013-03-11,Zegama,171
2013-03-12,Arrasate,329
2013-03-12,Berastegi,326
2013-03-12,Bidania,311
2013-03-12,Miramon,334
2013-03-12,Zegama,330
2013-03-13,Arrasate,336
2013-03-13,Berastegi,327
2013-03-13,Bidania,331
2013-03-13,Miramon,338
2013-03-13,Zegama,331
2013-03-14,Arrasate,338
2013-03-14,Berastegi,338
2013-03-14,Bidania,326
2013-03-14,Miramon,339
2013-03-14,Zegama,327
2013-03-15,Arrasate,136
2013-03-15,Berastegi,140
2013-03-15,Bidania,110
2013-03-15,Miramon,170
2013-03-15,Zegama,138
2013-03-16,Arrasate,174
2013-03-16,Berastegi,144
2013-03-16,Bidania,159
2013-03-16,Miramon,189
2013-03-16,Zegama,149
2013-03-17,Arrasate,230
2013-03-17,Berastegi,146
2013-03-17,Bidania,174
2013-03-17,Miramon,220
2013-03-17,Zegama,179
2013-03-18,Arrasate,282
2013-03-18,Berastegi,349
2013-03-18,Bidania,285
2013-03-18,Miramon,274
2013-03-18,Zegama,119
2013-03-19,Arrasate,202
2013-03-19,Berastegi,176
2013-03-19,Bidania,160
2013-03-19,Miramon,193
2013-03-19,Zegama,143
2013-03-20,Arrasate,359
2013-03-20,Berastegi,325
2013-03-20,Bidania,312
2013-03-20,Miramon,278
2013-03-20,Zegama,285
2013-03-21,Arrasate,188
2013-03-21,Berastegi,150
2013-03-21,Bidania,157
2013-03-21,Miramon,172
2013-03-21,Zegama,171
2013-03-22,Arrasate,198
2013-03-22,Berastegi,156
2013-03-22,Bidania,167
2013-03-22,Miramon,186
2013-03-22,Zegama,145
2013-03-23,Arrasate,213
2013-03-23,Berastegi,155
2013-03-23,Bidania,143
2013-03-23,Miramon,185
2013-03-23,Zegama,139
2013-03-24,Arrasate,227
2013-03-24,Berastegi,309
2013-03-24,Bidania,295
2013-03-24,Miramon,267
2013-03-24,Zegama,269
2013-03-25,Arrasate,192
2013-03-25,Berastegi,170
2013-03-25,Bidania,219
2013-03-25,Miramon,226
2013-03-25,Zegama,172
2013-03-26,Arrasate,15
2013-03-26,Berastegi,334
2013-03-26,Bidania,319
2013-03-26,Miramon,298
2013-03-26,Zegama,334
2013-03-27,Arrasate,57
2013-03-27,Berastegi,335
2013-03-27,Bidania,324
2013-03-27,Miramon,325
2013-03-27,Zegama,330
2013-03-28,Arrasate,54
2013-03-28,Berastegi,332
2013-03-28,Bidania,316
2013-03-28,Miramon,6
2013-03-28,Zegama,333
2013-03-29,Arrasate,210
2013-03-29,Berastegi,167
2013-03-29,Bidania,191
2013-03-29,Miramon,225
2013-03-29,Zegama,186
2013-03-30,Arrasate,306
2013-03-30,Berastegi,301
2013-03-30,Bidania,295
2013-03-30,Miramon,295
2013-03-30,Zegama,324
2013-03-31,Arrasate,176
2013-03-31,Berastegi,161
2013-03-31,Bidania,136
2013-03-31,Miramon,120
2013-03-31,Zegama,152
2013-04-01,Arrasate,304
2013-04-01,Berastegi,330
2013-04-01,Bidania,295
2013-04-01,Miramon,286
2013-04-01,Zegama,320
2013-04-02,Arrasate,300
2013-04-02,Berastegi,305
2013-04-02,Bidania,300
2013-04-02,Miramon,283
2013-04-02,Zegama,304
2013-04-03,Arrasate,85
2013-04-03,Berastegi,142
2013-04-03,Bidania,143
2013-04-03,Miramon,234
2013-04-03,Zegama,129
2013-04-04,Arrasate,339
2013-04-04,Berastegi,333
2013-04-04,Bidania,314
2013-04-04,Miramon,306
2013-04-04,Zegama,317
2013-04-05,Arrasate,270
2013-04-05,Berastegi,328
2013-04-05,Bidania,307
2013-04-05,Miramon,260
2013-04-05,Zegama,327
2013-04-06,Arrasate,330
2013-04-06,Berastegi,340
2013-04-06,Bidania,326
2013-04-06,Miramon,344
2013-04-06,Zegama,311
2013-04-07,Arrasate,221
2013-04-07,Berastegi,235
2013-04-07,Bidania,222
2013-04-07,Miramon,199
2013-04-07,Zegama,207
2013-04-08,Arrasate,226
2013-04-08,Berastegi,189
2013-04-08,Bidania,220
2013-04-08,Miramon,248
2013-04-08,Zegama,139
2013-04-09,Arrasate,232
2013-04-09,Berastegi,213
2013-04-09,Bidania,258
2013-04-09,Miramon,238
2013-04-09,Zegama,128
2013-04-10,Arrasate,206
2013-04-10,Berastegi,181
2013-04-10,Bidania,183
2013-04-10,Miramon,203
2013-04-10,Zegama,170
2013-04-11,Arrasate,220
2013-04-11,Berastegi,191
2013-04-11,Bidania,210
2013-04-11,Miramon,230
2013-04-11,Zegama,144
2013-04-12,Arrasate,188
2013-04-12,Berastegi,243
2013-04-12,Bidania,239
2013-04-12,Miramon,239
2013-04-12,Zegama,174
2013-04-13,Arrasate,217
2013-04-13,Berastegi,156
2013-04-13,Bidania,162
2013-04-13,Miramon,195
2013-04-13,Zegama,182
2013-04-14,Arrasate,157
2013-04-14,Berastegi,142
2013-04-14,Bidania,165
2013-04-14,Miramon,180
2013-04-14,Zegama,127
2013-04-15,Arrasate,75
2013-04-15,Berastegi,344
2013-04-15,Bidania,336
2013-04-15,Miramon,280
2013-04-15,Zegama,124
2013-04-16,Arrasate,344
2013-04-16,Berastegi,327
2013-04-16,Bidania,321
2013-04-16,Miramon,294
2013-04-16,Zegama,332
2013-04-17,Arrasate,161
2013-04-17,Berastegi,148
2013-04-17,Bidania,160
2013-04-17,Miramon,203
2013-04-17,Zegama,116
2013-04-18,Arrasate,14
2013-04-18,Berastegi,327
2013-04-18,Bidania,317
2013-04-18,Miramon,308
2013-04-18,Zegama,327
2013-04-19,Arrasate,345
2013-04-19,Berastegi,316
2013-04-19,Bidania,331
2013-04-19,Miramon,354
2013-04-19,Zegama,323
2013-04-20,Arrasate,42
2013-04-20,Berastegi,319
2013-04-20,Bidania,330
2013-04-20,Miramon,339
2013-04-20,Zegama,334
2013-04-21,Arrasate,21
2013-04-21,Berastegi,320
2013-04-21,Bidania,322
2013-04-21,Miramon,304
2013-04-21,Zegama,355
2013-04-22,Arrasate,341
2013-04-22,Berastegi,331
2013-04-22,Bidania,314
2013-04-22,Miramon,289
2013-04-22,Zegama,322
2013-04-23,Arrasate,38
2013-04-23,Berastegi,323
2013-04-23,Bidania,340
2013-04-23,Miramon,326
2013-04-23,Zegama,324
2013-04-24,Arrasate,152
2013-04-24,Berastegi,138
2013-04-24,Bidania,142
2013-04-24,Miramon,165
2013-04-24,Zegama,128
2013-04-25,Arrasate,189
2013-04-25,Berastegi,145
2013-04-25,Bidania,137
2013-04-25,Miramon,238
2013-04-25,Zegama,122
2013-04-26,Arrasate,318
2013-04-26,Berastegi,333
2013-04-26,Bidania,311
2013-04-26,Miramon,306
2013-04-26,Zegama,323
2013-04-27,Arrasate,327
2013-04-27,Berastegi,333
2013-04-27,Bidania,316
2013-04-27,Miramon,316
2013-04-27,Zegama,313
2013-04-28,Arrasate,348
2013-04-28,Berastegi,310
2013-04-28,Bidania,324
2013-04-28,Miramon,359
2013-04-28,Zegama,316
2013-04-29,Arrasate,11
2013-04-29,Berastegi,307
2013-04-29,Bidania,326
2013-04-29,Miramon,11
2013-04-29,Zegama,310
2013-04-30,Arrasate,257
2013-04-30,Berastegi,323
2013-04-30,Bidania,303
2013-04-30,Miramon,284
2013-04-30,Zegama,301
2013-05-01,Arrasate,262
2013-05-01,Berastegi,171
2013-05-01,Bidania,220
2013-05-01,Miramon,223
2013-05-01,Zegama,138
2013-05-02,Arrasate,271
2013-05-02,Berastegi,314
2013-05-02,Bidania,298
2013-05-02,Miramon,257
2013-05-02,Zegama,329
2013-05-03,Arrasate,9
2013-05-03,Berastegi,323
2013-05-03,Bidania,312
2013-05-03,Miramon,277
2013-05-03,Zegama,337
2013-05-04,Arrasate,18
2013-05-04,Berastegi,345
2013-05-04,Bidania,75
2013-05-04,Miramon,350
2013-05-04,Zegama,333
2013-05-05,Arrasate,26
2013-05-05,Berastegi,318
2013-05-05,Bidania,35
2013-05-05,Miramon,244
2013-05-05,Zegama,330
2013-05-06,Arrasate,188
2013-05-06,Berastegi,329
2013-05-06,Bidania,189
2013-05-06,Miramon,183
2013-05-06,Zegama,173
2013-05-07,Arrasate,225
2013-05-07,Berastegi,344
2013-05-07,Bidania,223
2013-05-07,Miramon,350
2013-05-07,Zegama,214
2013-05-08,Arrasate,244
2013-05-08,Berastegi,321
2013-05-08,Bidania,271
2013-05-08,Miramon,277
2013-05-08,Zegama,242
2013-05-09,Arrasate,346
2013-05-09,Berastegi,327
2013-05-09,Bidania,310
2013-05-09,Miramon,340
2013-05-09,Zegama,340
2013-05-10,Arrasate,4
2013-05-10,Berastegi,325
2013-05-10,Bidania,320
2013-05-10,Miramon,299
2013-05-10,Zegama,334
2013-05-11,Arrasate,9
2013-05-11,Berastegi,332
2013-05-11,Bidania,313
2013-05-11,Miramon,294
2013-05-11,Zegama,329
2013-05-12,Arrasate,14
2013-05-12,Berastegi,331
2013-05-12,Bidania,312
2013-05-12,Miramon,291
2013-05-12,Zegama,321
2013-05-13,Arrasate,338
2013-05-13,Berastegi,320
2013-05-13,Bidania,308
2013-05-13,Miramon,275
2013-05-13,Zegama,342
2013-05-14,Arrasate,354
2013-05-14,Berastegi,332
2013-05-14,Bidania,307
2013-05-14,Miramon,285
2013-05-14,Zegama,343
2013-05-15,Arrasate,347
2013-05-15,Berastegi,330
2013-05-15,Bidania,312
2013-05-15,Miramon,282
2013-05-15,Zegama,319
2013-05-16,Arrasate,343
2013-05-16,Berastegi,323
2013-05-16,Bidania,306
2013-05-16,Miramon,274
2013-05-16,Zegama,10
2013-05-17,Arrasate,118
2013-05-17,Berastegi,155
2013-05-17,Bidania,141
2013-05-17,Miramon,190
2013-05-17,Zegama,147
2013-05-18,Arrasate,232
2013-05-18,Berastegi,322
2013-05-18,Bidania,289
2013-05-18,Miramon,236
2013-05-18,Zegama,62
2013-05-19,Arrasate,333
2013-05-19,Berastegi,317
2013-05-19,Bidania,312
2013-05-19,Miramon,281
2013-05-19,Zegama,341
2013-05-20,Arrasate,7
2013-05-20,Berastegi,316
2013-05-20,Bidania,315
2013-05-20,Miramon,270
2013-05-20,Zegama,6
2013-05-21,Arrasate,316
2013-05-21,Berastegi,341
2013-05-21,Bidania,316
2013-05-21,Miramon,226
2013-05-21,Zegama,343
2013-05-22,Arrasate,303
2013-05-22,Berastegi,332
2013-05-22,Bidania,313
2013-05-22,Miramon,298
2013-05-22,Zegama,316
2013-05-23,Arrasate,301
2013-05-23,Berastegi,318
2013-05-23,Bidania,314
2013-05-23,Miramon,310
2013-05-23,Zegama,314
2013-05-24,Arrasate,312
2013-05-24,Berastegi,324
2013-05-24,Bidania,310
2013-05-24,Miramon,305
2013-05-24,Zegama,321
2013-05-25,Arrasate,313
2013-05-25,Berastegi,316
2013-05-25,Bidania,313
2013-05-25,Miramon,306
2013-05-25,Zegama,323
2013-05-26,Arrasate,20
2013-05-26,Berastegi,327
2013-05-26,Bidania,84
2013-05-26,Miramon,253
2013-05-26,Zegama,347
2013-05-27,Arrasate,3
2013-05-27,Berastegi,332
2013-05-27,Bidania,330
2013-05-27,Miramon,281
2013-05-27,Zegama,326
2013-05-28,Arrasate,298
2013-05-28,Berastegi,317
2013-05-28,Bidania,302
2013-05-28,Miramon,280
2013-05-28,Zegama,320
2013-05-29,Arrasate,285
2013-05-29,Berastegi,302
2013-05-29,Bidania,294
2013-05-29,Miramon,264
2013-05-29,Zegama,305
2013-05-30,Arrasate,301
2013-05-30,Berastegi,309
2013-05-30,Bidania,299
2013-05-30,Miramon,292
2013-05-30,Zegama,319
2013-05-31,Arrasate,301
2013-05-31,Berastegi,312
2013-05-31,Bidania,311
2013-05-31,Miramon,302
2013-05-31,Zegama,314
2013-06-01,Arrasate,305
2013-06-01,Berastegi,336
2013-06-01,Bidania,314
2013-06-01,Miramon,307
2013-06-01,Zegama,316
2013-06-02,Arrasate,344
2013-06-02,Berastegi,334
2013-06-02,Bidania,312
2013-06-02,Miramon,298
2013-06-02,Zegama,317
2013-06-03,Arrasate,20
2013-06-03,Berastegi,316
2013-06-03,Bidania,319
2013-06-03,Miramon,292
2013-06-03,Zegama,347
2013-06-04,Arrasate,2
2013-06-04,Berastegi,317
2013-06-04,Bidania,326
2013-06-04,Miramon,236
2013-06-04,Zegama,345
2013-06-05,Arrasate,323
2013-06-05,Berastegi,335
2013-06-05,Bidania,131
2013-06-05,Miramon,253
2013-06-05,Zegama,122
2013-06-06,Arrasate,308
2013-06-06,Berastegi,129
2013-06-06,Bidania,138
2013-06-06,Miramon,299
2013-06-06,Zegama,125
2013-06-07,Arrasate,322
2013-06-07,Berastegi,178
2013-06-07,Bidania,120
2013-06-07,Miramon,317
2013-06-07,Zegama,170
2013-06-08,Arrasate,17
2013-06-08,Berastegi,354
2013-06-08,Bidania,288
2013-06-08,Miramon,243
2013-06-08,Zegama,309
2013-06-09,Arrasate,301
2013-06-09,Berastegi,325
2013-06-09,Bidania,304
2013-06-09,Miramon,294
2013-06-09,Zegama,320
2013-06-10,Arrasate,44
2013-06-10,Berastegi,323
2013-06-10,Bidania,316
2013-06-10,Miramon,324
2013-06-10,Zegama,325
2013-06-11,Arrasate,15
2013-06-11,Berastegi,332
2013-06-11,Bidania,14
2013-06-11,Miramon,19
2013-06-11,Zegama,295
2013-06-12,Arrasate,285
2013-06-12,Berastegi,331
2013-06-12,Bidania,323
2013-06-12,Miramon,282
2013-06-12,Zegama,175
2013-06-13,Arrasate,15
2013-06-13,Berastegi,326
2013-06-13,Bidania,329
2013-06-13,Miramon,341
2013-06-13,Zegama,316
2013-06-14,Arrasate,330
2013-06-14,Berastegi,328
2013-06-14,Bidania,313
2013-06-14,Miramon,329
2013-06-14,Zegama,86
2013-06-15,Arrasate,19
2013-06-15,Berastegi,339
2013-06-15,Bidania,14
2013-06-15,Miramon,343
2013-06-15,Zegama,346
2013-06-16,Arrasate,135
2013-06-16,Berastegi,149
2013-06-16,Bidania,164
2013-06-16,Miramon,318
2013-06-16,Zegama,117
2013-06-17,Arrasate,2
2013-06-17,Berastegi,348
2013-06-17,Bidania,325
2013-06-17,Miramon,304
2013-06-17,Zegama,313
2013-06-18,Arrasate,353
2013-06-18,Berastegi,329
2013-06-18,Bidania,320
2013-06-18,Miramon,329
2013-06-18,Zegama,321
2013-06-19,Arrasate,213
2013-06-19,Berastegi,314
2013-06-19,Bidania,296
2013-06-19,Miramon,240
2013-06-19,Zegama,183
2013-06-20,Arrasate,335
2013-06-20,Berastegi,17
2013-06-20,Bidania,290
2013-06-20,Miramon,248
2013-06-20,Zegama,304
2013-06-21,Arrasate,8
2013-06-21,Berastegi,325
2013-06-21,Bidania,306
2013-06-21,Miramon,237
2013-06-21,Zegama,332
2013-06-22,Arrasate,353
2013-06-22,Berastegi,340
2013-06-22,Bidania,317
2013-06-22,Miramon,250
2013-06-22,Zegama,342
2013-06-23,Arrasate,316
2013-06-23,Berastegi,333
2013-06-23,Bidania,313
2013-06-23,Miramon,304
2013-06-23,Zegama,325
2013-06-24,Arrasate,6
2013-06-24,Berastegi,332
2013-06-24,Bidania,319
2013-06-24,Miramon,326
2013-06-24,Zegama,337
2013-06-25,Arrasate,353
2013-06-25,Berastegi,312
2013-06-25,Bidania,319
2013-06-25,Miramon,352
2013-06-25,Zegama,341
2013-06-26,Arrasate,9
2013-06-26,Berastegi,311
2013-06-26,Bidania,328
2013-06-26,Miramon,333
2013-06-26,Zegama,325
2013-06-27,Arrasate,359
2013-06-27,Berastegi,320
2013-06-27,Bidania,320
2013-06-27,Miramon,284
2013-06-27,Zegama,343
2013-06-28,Arrasate,343
2013-06-28,Berastegi,325
2013-06-28,Bidania,314
2013-06-28,Miramon,294
2013-06-28,Zegama,359
2013-06-29,Arrasate,338
2013-06-29,Berastegi,334
2013-06-29,Bidania,309
2013-06-29,Miramon,265
2013-06-29,Zegama,340
2013-06-30,Arrasate,15
2013-06-30,Berastegi,331
2013-06-30,Bidania,61
2013-06-30,Miramon,3
2013-06-30,Zegama,329
2013-07-01,Arrasate,354
2013-07-01,Berastegi,324
2013-07-01,Bidania,323
2013-07-01,Miramon,304
2013-07-01,Zegama,337
2013-07-02,Arrasate,19
2013-07-02,Berastegi,338
2013-07-02,Bidania,315
2013-07-02,Miramon,293
2013-07-02,Zegama,346
2013-07-03,Arrasate,351
2013-07-03,Berastegi,314
2013-07-03,Bidania,310
2013-07-03,Miramon,297
2013-07-03,Zegama,323
2013-07-04,Arrasate,359
2013-07-04,Berastegi,320
2013-07-04,Bidania,309
2013-07-04,Miramon,356
2013-07-04,Zegama,328
2013-07-05,Arrasate,349
2013-07-05,Berastegi,334
2013-07-05,Bidania,314
2013-07-05,Miramon,316
2013-07-05,Zegama,325
2013-07-06,Arrasate,327
2013-07-06,Berastegi,309
2013-07-06,Bidania,325
2013-07-06,Miramon,293
2013-07-06,Zegama,335
2013-07-07,Arrasate,340
2013-07-07,Berastegi,330
2013-07-07,Bidania,339
2013-07-07,Miramon,266
2013-07-07,Zegama,8
2013-07-08,Arrasate,321
2013-07-08,Berastegi,323
2013-07-08,Bidania,319
2013-07-08,Miramon,235
2013-07-08,Zegama,3
2013-07-09,Arrasate,343
2013-07-09,Berastegi,249
2013-07-09,Bidania,152
2013-07-09,Miramon,302
2013-07-09,Zegama,126
2013-07-10,Arrasate,324
2013-07-10,Berastegi,317
2013-07-10,Bidania,317
2013-07-10,Miramon,301
2013-07-10,Zegama,345
2013-07-11,Arrasate,352
2013-07-11,Berastegi,325
2013-07-11,Bidania,4
2013-07-11,Miramon,271
2013-07-11,Zegama,346
2013-07-12,Arrasate,337
2013-07-12,Berastegi,51
2013-07-12,Bidania,119
2013-07-12,Miramon,235
2013-07-12,Zegama,159
2013-07-13,Arrasate,335
2013-07-13,Berastegi,316
2013-07-13,Bidania,317
2013-07-13,Miramon,266
2013-07-13,Zegama,330
2013-07-14,Arrasate,332
2013-07-14,Berastegi,330
2013-07-14,Bidania,314
2013-07-14,Miramon,274
2013-07-14,Zegama,352
2013-07-15,Arrasate,352
2013-07-15,Berastegi,328
2013-07-15,Bidania,37
2013-07-15,Miramon,249
2013-07-15,Zegama,2
2013-07-16,Arrasate,339
2013-07-16,Berastegi,321
2013-07-16,Bidania,315
2013-07-16,Miramon,241
2013-07-16,Zegama,335
2013-07-17,Arrasate,326
2013-07-17,Berastegi,326
2013-07-17,Bidania,312
2013-07-17,Miramon,264
2013-07-17,Zegama,351
2013-07-18,Arrasate,352
2013-07-18,Berastegi,324
2013-07-18,Bidania,358
2013-07-18,Miramon,254
2013-07-18,Zegama,360
2013-07-19,Arrasate,337
2013-07-19,Berastegi,327
2013-07-19,Bidania,120
2013-07-19,Miramon,250
2013-07-19,Zegama,128
2013-07-20,Arrasate,24
2013-07-20,Berastegi,140
2013-07-20,Bidania,131
2013-07-20,Miramon,287
2013-07-20,Zegama,129
2013-07-21,Arrasate,330
2013-07-21,Berastegi,147
2013-07-21,Bidania,122
2013-07-21,Miramon,302
2013-07-21,Zegama,129
2013-07-22,Arrasate,326
2013-07-22,Berastegi,76
2013-07-22,Bidania,154
2013-07-22,Miramon,301
2013-07-22,Zegama,112
2013-07-23,Arrasate,353
2013-07-23,Berastegi,335
2013-07-23,Bidania,317
2013-07-23,Miramon,278
2013-07-23,Zegama,359
2013-07-24,Arrasate,11
2013-07-24,Berastegi,332
2013-07-24,Bidania,318
2013-07-24,Miramon,317
2013-07-24,Zegama,326
2013-07-25,Arrasate,348
2013-07-25,Berastegi,326
2013-07-25,Bidania,315
2013-07-25,Miramon,327
2013-07-25,Zegama,338
2013-07-26,Arrasate,344
2013-07-26,Berastegi,333
2013-07-26,Bidania,318
2013-07-26,Miramon,311
2013-07-26,Zegama,19
2013-07-27,Arrasate,218
2013-07-27,Berastegi,329
2013-07-27,Bidania,300
2013-07-27,Miramon,322
2013-07-27,Zegama,180
2013-07-28,Arrasate,233
2013-07-28,Berastegi,270
2013-07-28,Bidania,248
2013-07-28,Miramon,245
2013-07-28,Zegama,164
2013-07-29,Arrasate,359
2013-07-29,Berastegi,337
2013-07-29,Bidania,333
2013-07-29,Miramon,312
2013-07-29,Zegama,338
2013-07-30,Arrasate,320
2013-07-30,Berastegi,333
2013-07-30,Bidania,298
2013-07-30,Miramon,291
2013-07-30,Zegama,347
2013-07-31,Arrasate,160
2013-07-31,Berastegi,142
2013-07-31,Bidania,142
2013-07-31,Miramon,172
2013-07-31,Zegama,137
2013-08-01,Arrasate,157
2013-08-01,Berastegi,148
2013-08-01,Bidania,141
2013-08-01,Miramon,321
2013-08-01,Zegama,134
2013-08-02,Arrasate,8
2013-08-02,Berastegi,250
2013-08-02,Bidania,259
2013-08-02,Miramon,312
2013-08-02,Zegama,126
2013-08-03,Arrasate,358
2013-08-03,Berastegi,334
2013-08-03,Bidania,344
2013-08-03,Miramon,1
2013-08-03,Zegama,331
2013-08-04,Arrasate,320
2013-08-04,Berastegi,323
2013-08-04,Bidania,316
2013-08-04,Miramon,302
2013-08-04,Zegama,323
2013-08-05,Arrasate,356
2013-08-05,Berastegi,337
2013-08-05,Bidania,318
2013-08-05,Miramon,254
2013-08-05,Zegama,322
2013-08-06,Arrasate,36
2013-08-06,Berastegi,332
2013-08-06,Bidania,320
2013-08-06,Miramon,285
2013-08-06,Zegama,328
2013-08-07,Arrasate,328
2013-08-07,Berastegi,320
2013-08-07,Bidania,316
2013-08-07,Miramon,247
2013-08-07,Zegama,349
2013-08-08,Arrasate,307
2013-08-08,Berastegi,330
2013-08-08,Bidania,316
2013-08-08,Miramon,258
2013-08-08,Zegama,330
2013-08-09,Arrasate,344
2013-08-09,Berastegi,321
2013-08-09,Bidania,311
2013-08-09,Miramon,234
2013-08-09,Zegama,6
2013-08-10,Arrasate,40
2013-08-10,Berastegi,320
2013-08-10,Bidania,330
2013-08-10,Miramon,285
2013-08-10,Zegama,336
2013-08-11,Arrasate,325
2013-08-11,Berastegi,329
2013-08-11,Bidania,319
2013-08-11,Miramon,316
2013-08-11,Zegama,325
2013-08-12,Arrasate,344
2013-08-12,Berastegi,339
2013-08-12,Bidania,311
2013-08-12,Miramon,283
2013-08-12,Zegama,332
2013-08-13,Arrasate,338
2013-08-13,Berastegi,322
2013-08-13,Bidania,316
2013-08-13,Miramon,320
2013-08-13,Zegama,334
2013-08-14,Arrasate,359
2013-08-14,Berastegi,314
2013-08-14,Bidania,356
2013-08-14,Miramon,261
2013-08-14,Zegama,349
2013-08-15,Arrasate,330
2013-08-15,Berastegi,328
2013-08-15,Bidania,307
2013-08-15,Miramon,219
2013-08-15,Zegama,302
2013-08-16,Arrasate,332
2013-08-16,Berastegi,327
2013-08-16,Bidania,314
2013-08-16,Miramon,250
2013-08-16,Zegama,1
2013-08-17,Arrasate,335
2013-08-17,Berastegi,330
2013-08-17,Bidania,311
2013-08-17,Miramon,218
2013-08-17,Zegama,341
2013-08-18,Arrasate,342
2013-08-18,Berastegi,321
2013-08-18,Bidania,313
2013-08-18,Miramon,279
2013-08-18,Zegama,333
2013-08-19,Arrasate,5
2013-08-19,Berastegi,330
2013-08-19,Bidania,318
2013-08-19,Miramon,281
2013-08-19,Zegama,310
2013-08-20,Arrasate,356
2013-08-20,Berastegi,317
2013-08-20,Bidania,40
2013-08-20,Miramon,305
2013-08-20,Zegama,329
2013-08-21,Arrasate,105
2013-08-21,Berastegi,334
2013-08-21,Bidania,143
2013-08-21,Miramon,197
2013-08-21,Zegama,138
2013-08-22,Arrasate,344
2013-08-22,Berastegi,348
2013-08-22,Bidania,27
2013-08-22,Miramon,294
2013-08-22,Zegama,47
2013-08-23,Arrasate,353
2013-08-23,Berastegi,327
2013-08-23,Bidania,315
2013-08-23,Miramon,252
2013-08-23,Zegama,327
2013-08-24,Arrasate,324
2013-08-24,Berastegi,336
2013-08-24,Bidania,313
2013-08-24,Miramon,303
2013-08-24,Zegama,322
2013-08-25,Arrasate,339
2013-08-25,Berastegi,321
2013-08-25,Bidania,312
2013-08-25,Miramon,262
2013-08-25,Zegama,326
2013-08-26,Arrasate,340
2013-08-26,Berastegi,314
2013-08-26,Bidania,317
2013-08-26,Miramon,244
2013-08-26,Zegama,336
2013-08-27,Arrasate,356
2013-08-27,Berastegi,333
2013-08-27,Bidania,310
2013-08-27,Miramon,262
2013-08-27,Zegama,305
2013-08-28,Arrasate,343
2013-08-28,Berastegi,319
2013-08-28,Bidania,335
2013-08-28,Miramon,245
2013-08-28,Zegama,301
2013-08-29,Arrasate,342
2013-08-29,Berastegi,328
2013-08-29,Bidania,317
2013-08-29,Miramon,259
2013-08-29,Zegama,338
2013-08-30,Arrasate,356
2013-08-30,Berastegi,337
2013-08-30,Bidania,332
2013-08-30,Miramon,268
2013-08-30,Zegama,340
2013-08-31,Arrasate,357
2013-08-31,Berastegi,324
2013-08-31,Bidania,317
2013-08-31,Miramon,320
2013-08-31,Zegama,337
2013-09-01,Arrasate,357
2013-09-01,Berastegi,323
2013-09-01,Bidania,320
2013-09-01,Miramon,313
2013-09-01,Zegama,331
2013-09-02,Arrasate,347
2013-09-02,Berastegi,307
2013-09-02,Bidania,349
2013-09-02,Miramon,241
2013-09-02,Zegama,353
2013-09-03,Arrasate,168
2013-09-03,Berastegi,166
2013-09-03,Bidania,137
2013-09-03,Miramon,194
2013-09-03,Zegama,124
2013-09-04,Arrasate,158
2013-09-04,Berastegi,135
2013-09-04,Bidania,142
2013-09-04,Miramon,182
2013-09-04,Zegama,131
2013-09-05,Arrasate,106
2013-09-05,Berastegi,144
2013-09-05,Bidania,143
2013-09-05,Miramon,270
2013-09-05,Zegama,123
2013-09-06,Arrasate,348
2013-09-06,Berastegi,335
2013-09-06,Bidania,316
2013-09-06,Miramon,310
2013-09-06,Zegama,341
2013-09-07,Arrasate,354
2013-09-07,Berastegi,330
2013-09-07,Bidania,327
2013-09-07,Miramon,90
2013-09-07,Zegama,329
2013-09-08,Arrasate,329
2013-09-08,Berastegi,332
2013-09-08,Bidania,316
2013-09-08,Miramon,273
2013-09-08,Zegama,314
2013-09-09,Arrasate,339
2013-09-09,Berastegi,329
2013-09-09,Bidania,319
2013-09-09,Miramon,216
2013-09-09,Zegama,319
2013-09-10,Arrasate,356
2013-09-10,Berastegi,322
2013-09-10,Bidania,316
2013-09-10,Miramon,310
2013-09-10,Zegama,328
2013-09-11,Arrasate,355
2013-09-11,Berastegi,332
2013-09-11,Bidania,329
2013-09-11,Miramon,232
2013-09-11,Zegama,322
2013-09-12,Arrasate,352
2013-09-12,Berastegi,329
2013-09-12,Bidania,318
2013-09-12,Miramon,198
2013-09-12,Zegama,3
2013-09-13,Arrasate,328
2013-09-13,Berastegi,334
2013-09-13,Bidania,350
2013-09-13,Miramon,237
2013-09-13,Zegama,304
2013-09-14,Arrasate,328
2013-09-14,Berastegi,338
2013-09-14,Bidania,304
2013-09-14,Miramon,261
2013-09-14,Zegama,356
2013-09-15,Arrasate,338
2013-09-15,Berastegi,329
2013-09-15,Bidania,310
2013-09-15,Miramon,264
2013-09-15,Zegama,328
2013-09-16,Arrasate,311
2013-09-16,Berastegi,340
2013-09-16,Bidania,315
2013-09-16,Miramon,222
2013-09-16,Zegama,336
2013-09-17,Arrasate,299
2013-09-17,Berastegi,340
2013-09-17,Bidania,312
2013-09-17,Miramon,226
2013-09-17,Zegama,327
2013-09-18,Arrasate,307
2013-09-18,Berastegi,314
2013-09-18,Bidania,307
2013-09-18,Miramon,253
2013-09-18,Zegama,334
2013-09-19,Arrasate,356
2013-09-19,Berastegi,332
2013-09-19,Bidania,313
2013-09-19,Miramon,274
2013-09-19,Zegama,315
2013-09-20,Arrasate,330
2013-09-20,Berastegi,323
2013-09-20,Bidania,311
2013-09-20,Miramon,259
2013-09-20,Zegama,321
2013-09-21,Arrasate,348
2013-09-21,Berastegi,324
2013-09-21,Bidania,331
2013-09-21,Miramon,143
2013-09-21,Zegama,321
2013-09-22,Arrasate,246
2013-09-22,Berastegi,148
2013-09-22,Bidania,145
2013-09-22,Miramon,169
2013-09-22,Zegama,139
2013-09-23,Arrasate,203
2013-09-23,Berastegi,150
2013-09-23,Bidania,135
2013-09-23,Miramon,188
2013-09-23,Zegama,127
2013-09-24,Arrasate,284
2013-09-24,Berastegi,148
2013-09-24,Bidania,126
2013-09-24,Miramon,299
2013-09-24,Zegama,126
2013-09-25,Arrasate,225
2013-09-25,Berastegi,148
2013-09-25,Bidania,139
2013-09-25,Miramon,3
2013-09-25,Zegama,128
2013-09-26,Arrasate,178
2013-09-26,Berastegi,142
2013-09-26,Bidania,150
2013-09-26,Miramon,199
2013-09-26,Zegama,138
2013-09-27,Arrasate,162
2013-09-27,Berastegi,142
2013-09-27,Bidania,150
2013-09-27,Miramon,184
2013-09-27,Zegama,137
2013-09-28,Arrasate,213
2013-09-28,Berastegi,153
2013-09-28,Bidania,159
2013-09-28,Miramon,192
2013-09-28,Zegama,149
2013-09-29,Arrasate,248
2013-09-29,Berastegi,205
2013-09-29,Bidania,240
2013-09-29,Miramon,230
2013-09-29,Zegama,206
2013-09-30,Arrasate,241
2013-09-30,Berastegi,165
2013-09-30,Bidania,152
2013-09-30,Miramon,207
2013-09-30,Zegama,213
2013-10-01,Arrasate,214
2013-10-01,Berastegi,166
2013-10-01,Bidania,176
2013-10-01,Miramon,194
2013-10-01,Zegama,192
2013-10-02,Arrasate,212
2013-10-02,Berastegi,139
2013-10-02,Bidania,156
2013-10-02,Miramon,175
2013-10-02,Zegama,153
2013-10-03,Arrasate,157
2013-10-03,Berastegi,157
2013-10-03,Bidania,154
2013-10-03,Miramon,178
2013-10-03,Zegama,136
2013-10-04,Arrasate,300
2013-10-04,Berastegi,314
2013-10-04,Bidania,290
2013-10-04,Miramon,239
2013-10-04,Zegama,85
2013-10-05,Arrasate,311
2013-10-05,Berastegi,326
2013-10-05,Bidania,314
2013-10-05,Miramon,224
2013-10-05,Zegama,1
2013-10-06,Arrasate,332
2013-10-06,Berastegi,333
2013-10-06,Bidania,344
2013-10-06,Miramon,288
2013-10-06,Zegama,311
2013-10-07,Arrasate,355
2013-10-07,Berastegi,333
2013-10-07,Bidania,37
2013-10-07,Miramon,216
2013-10-07,Zegama,15
2013-10-08,Arrasate,347
2013-10-08,Berastegi,309
2013-10-08,Bidania,318
2013-10-08,Miramon,214
2013-10-08,Zegama,342
2013-10-09,Arrasate,7
2013-10-09,Berastegi,309
2013-10-09,Bidania,331
2013-10-09,Miramon,162
2013-10-09,Zegama,332
2013-10-10,Arrasate,346
2013-10-10,Berastegi,326
2013-10-10,Bidania,336
2013-10-10,Miramon,188
2013-10-10,Zegama,314
2013-10-11,Arrasate,351
2013-10-11,Berastegi,305
2013-10-11,Bidania,321
2013-10-11,Miramon,183
2013-10-11,Zegama,115
2013-10-12,Arrasate,217
2013-10-12,Berastegi,316
2013-10-12,Bidania,150
2013-10-12,Miramon,197
2013-10-12,Zegama,142
2013-10-13,Arrasate,221
2013-10-13,Berastegi,236
2013-10-13,Bidania,145
2013-10-13,Miramon,192
2013-10-13,Zegama,154
2013-10-14,Arrasate,256
2013-10-14,Berastegi,297
2013-10-14,Bidania,154
2013-10-14,Miramon,213
2013-10-14,Zegama,139
2013-10-15,Arrasate,236
2013-10-15,Berastegi,202
2013-10-15,Bidania,225
2013-10-15,Miramon,202
2013-10-15,Zegama,206
2013-10-16,Arrasate,289
2013-10-16,Berastegi,321
2013-10-16,Bidania,297
2013-10-16,Miramon,242
2013-10-16,Zegama,239
2013-10-17,Arrasate,146
2013-10-17,Berastegi,137
2013-10-17,Bidania,137
2013-10-17,Miramon,163
2013-10-17,Zegama,140
2013-10-18,Arrasate,186
2013-10-18,Berastegi,144
2013-10-18,Bidania,153
2013-10-18,Miramon,193
2013-10-18,Zegama,146
2013-10-19,Arrasate,200
2013-10-19,Berastegi,150
2013-10-19,Bidania,154
2013-10-19,Miramon,192
2013-10-19,Zegama,148
2013-10-20,Arrasate,219
2013-10-20,Berastegi,151
2013-10-20,Bidania,163
2013-10-20,Miramon,186
2013-10-20,Zegama,143
2013-10-21,Arrasate,163
2013-10-21,Berastegi,147
2013-10-21,Bidania,149
2013-10-21,Miramon,176
2013-10-21,Zegama,142
2013-10-22,Arrasate,154
2013-10-22,Berastegi,157
2013-10-22,Bidania,151
2013-10-22,Miramon,176
2013-10-22,Zegama,131
2013-10-23,Arrasate,192
2013-10-23,Berastegi,175
2013-10-23,Bidania,186
2013-10-23,Miramon,204
2013-10-23,Zegama,162
2013-10-24,Arrasate,153
2013-10-24,Berastegi,149
2013-10-24,Bidania,150
2013-10-24,Miramon,177
2013-10-24,Zegama,129
2013-10-25,Arrasate,180
2013-10-25,Berastegi,148
2013-10-25,Bidania,150
2013-10-25,Miramon,196
2013-10-25,Zegama,144
2013-10-26,Arrasate,197
2013-10-26,Berastegi,136
2013-10-26,Bidania,164
2013-10-26,Miramon,211
2013-10-26,Zegama,157
2013-10-27,Arrasate,213
2013-10-27,Berastegi,145
2013-10-27,Bidania,166
2013-10-27,Miramon,191
2013-10-27,Zegama,199
2013-10-28,Arrasate,225
2013-10-28,Berastegi,145
2013-10-28,Bidania,176
2013-10-28,Miramon,222
2013-10-28,Zegama,163
2013-10-29,Arrasate,324
2013-10-29,Berastegi,309
2013-10-29,Bidania,307
2013-10-29,Miramon,226
2013-10-29,Zegama,317
2013-10-30,Arrasate,9
2013-10-30,Berastegi,302
2013-10-30,Bidania,330
2013-10-30,Miramon,188
2013-10-30,Zegama,272
2013-10-31,Arrasate,186
2013-10-31,Berastegi,316
2013-10-31,Bidania,50
2013-10-31,Miramon,180
2013-10-31,Zegama,144
2013-11-01,Arrasate,220
2013-11-01,Berastegi,139
2013-11-01,Bidania,151
2013-11-01,Miramon,186
2013-11-01,Zegama,208
2013-11-02,Arrasate,214
2013-11-02,Berastegi,148
2013-11-02,Bidania,226
2013-11-02,Miramon,214
2013-11-02,Zegama,214
2013-11-03,Arrasate,323
2013-11-03,Berastegi,333
2013-11-03,Bidania,299
2013-11-03,Miramon,247
2013-11-03,Zegama,276
2013-11-04,Arrasate,259
2013-11-04,Berastegi,318
2013-11-04,Bidania,275
2013-11-04,Miramon,260
2013-11-04,Zegama,191
2013-11-05,Arrasate,296
2013-11-05,Berastegi,317
2013-11-05,Bidania,298
2013-11-05,Miramon,294
2013-11-05,Zegama,318
2013-11-06,Arrasate,226
2013-11-06,Berastegi,190
2013-11-06,Bidania,260
2013-11-06,Miramon,194
2013-11-06,Zegama,182
2013-11-07,Arrasate,204
2013-11-07,Berastegi,243
2013-11-07,Bidania,182
2013-11-07,Miramon,188
2013-11-07,Zegama,221
2013-11-08,Arrasate,285
2013-11-08,Berastegi,166
2013-11-08,Bidania,267
2013-11-08,Miramon,242
2013-11-08,Zegama,222
2013-11-09,Arrasate,228
2013-11-09,Berastegi,230
2013-11-09,Bidania,256
2013-11-09,Miramon,222
2013-11-09,Zegama,195
2013-11-10,Arrasate,300
2013-11-10,Berastegi,315
2013-11-10,Bidania,305
2013-11-10,Miramon,296
2013-11-10,Zegama,317
2013-11-11,Arrasate,332
2013-11-11,Berastegi,331
2013-11-11,Bidania,316
2013-11-11,Miramon,329
2013-11-11,Zegama,316
2013-11-12,Arrasate,348
2013-11-12,Berastegi,330
2013-11-12,Bidania,313
2013-11-12,Miramon,314
2013-11-12,Zegama,340
2013-11-13,Arrasate,338
2013-11-13,Berastegi,317
2013-11-13,Bidania,338
2013-11-13,Miramon,19
2013-11-13,Zegama,328
2013-11-14,Arrasate,325
2013-11-14,Berastegi,335
2013-11-14,Bidania,316
2013-11-14,Miramon,323
2013-11-14,Zegama,314
2013-11-15,Arrasate,322
2013-11-15,Berastegi,325
2013-11-15,Bidania,346
2013-11-15,Miramon,236
2013-11-15,Zegama,309
2013-11-16,Arrasate,346
2013-11-16,Berastegi,307
2013-11-16,Bidania,332
2013-11-16,Miramon,198
2013-11-16,Zegama,316
2013-11-17,Arrasate,5
2013-11-17,Berastegi,335
2013-11-17,Bidania,328
2013-11-17,Miramon,96
2013-11-17,Zegama,321
2013-11-18,Arrasate,311
2013-11-18,Berastegi,325
2013-11-18,Bidania,323
2013-11-18,Miramon,338
2013-11-18,Zegama,315
2013-11-19,Arrasate,325
2013-11-19,Berastegi,332
2013-11-19,Bidania,319
2013-11-19,Miramon,334
2013-11-19,Zegama,310
2013-11-20,Arrasate,293
2013-11-20,Berastegi,334
2013-11-20,Bidania,311
2013-11-20,Miramon,218
2013-11-20,Zegama,299
2013-11-21,Arrasate,292
2013-11-21,Berastegi,308
2013-11-21,Bidania,303
2013-11-21,Miramon,302
2013-11-21,Zegama,323
2013-11-22,Arrasate,326
2013-11-22,Berastegi,327
2013-11-22,Bidania,332
2013-11-22,Miramon,45
2013-11-22,Zegama,310
2013-11-23,Arrasate,352
2013-11-23,Berastegi,316
2013-11-23,Bidania,329
2013-11-23,Miramon,161
2013-11-23,Zegama,311
2013-11-24,Arrasate,355
2013-11-24,Berastegi,310
2013-11-24,Bidania,339
2013-11-24,Miramon,111
2013-11-24,Zegama,317
2013-11-25,Arrasate,344
2013-11-25,Berastegi,306
2013-11-25,Bidania,329
2013-11-25,Miramon,50
2013-11-25,Zegama,313
2013-11-26,Arrasate,357
2013-11-26,Berastegi,302
2013-11-26,Bidania,330
2013-11-26,Miramon,72
2013-11-26,Zegama,316
2013-11-27,Arrasate,6
2013-11-27,Berastegi,292
2013-11-27,Bidania,345
2013-11-27,Miramon,167
2013-11-27,Zegama,315
2013-11-28,Arrasate,252
2013-11-28,Berastegi,320
2013-11-28,Bidania,314
2013-11-28,Miramon,182
2013-11-28,Zegama,139
2013-11-29,Arrasate,84
2013-11-29,Berastegi,306
2013-11-29,Bidania,324
2013-11-29,Miramon,189
2013-11-29,Zegama,308
2013-11-30,Arrasate,352
2013-11-30,Berastegi,310
2013-11-30,Bidania,325
2013-11-30,Miramon,8
2013-11-30,Zegama,316
2013-12-01,Arrasate,352
2013-12-01,Berastegi,321
2013-12-01,Bidania,336
2013-12-01,Miramon,101
2013-12-01,Zegama,320
2013-12-02,Arrasate,331
2013-12-02,Berastegi,334
2013-12-02,Bidania,316
2013-12-02,Miramon,142
2013-12-02,Zegama,308
2013-12-03,Arrasate,167
2013-12-03,Berastegi,153
2013-12-03,Bidania,140
2013-12-03,Miramon,185
2013-12-03,Zegama,142
2013-12-04,Arrasate,6
2013-12-04,Berastegi,334
2013-12-04,Bidania,317
2013-12-04,Miramon,212
2013-12-04,Zegama,24
2013-12-05,Arrasate,3
2013-12-05,Berastegi,325
2013-12-05,Bidania,317
2013-12-05,Miramon,338
2013-12-05,Zegama,315
2013-12-06,Arrasate,43
2013-12-06,Berastegi,25
2013-12-06,Bidania,73
2013-12-06,Miramon,147
2013-12-06,Zegama,300
2013-12-07,Arrasate,43
2013-12-07,Berastegi,304
2013-12-07,Bidania,85
2013-12-07,Miramon,190
2013-12-07,Zegama,281
2013-12-08,Arrasate,157
2013-12-08,Berastegi,52
2013-12-08,Bidania,143
2013-12-08,Miramon,190
2013-12-08,Zegama,137
2013-12-09,Arrasate,217
2013-12-09,Berastegi,149
2013-12-09,Bidania,127
2013-12-09,Miramon,195
2013-12-09,Zegama,135
2013-12-10,Arrasate,203
2013-12-10,Berastegi,156
2013-12-10,Bidania,134
2013-12-10,Miramon,185
2013-12-10,Zegama,133
2013-12-11,Arrasate,241
2013-12-11,Berastegi,143
2013-12-11,Bidania,150
2013-12-11,Miramon,183
2013-12-11,Zegama,129
2013-12-12,Arrasate,275
2013-12-12,Berastegi,175
2013-12-12,Bidania,141
2013-12-12,Miramon,204
2013-12-12,Zegama,131
2013-12-13,Arrasate,200
2013-12-13,Berastegi,215
2013-12-13,Bidania,78
2013-12-13,Miramon,193
2013-12-13,Zegama,138
2013-12-14,Arrasate,253
2013-12-14,Berastegi,316
2013-12-14,Bidania,58
2013-12-14,Miramon,202
2013-12-14,Zegama,191
2013-12-15,Arrasate,219
2013-12-15,Berastegi,141
2013-12-15,Bidania,152
2013-12-15,Miramon,197
2013-12-15,Zegama,141
2013-12-16,Arrasate,207
2013-12-16,Berastegi,135
2013-12-16,Bidania,156
2013-12-16,Miramon,175
2013-12-16,Zegama,126
2013-12-17,Arrasate,183
2013-12-17,Berastegi,151
2013-12-17,Bidania,161
2013-12-17,Miramon,181
2013-12-17,Zegama,126
2013-12-18,Arrasate,218
2013-12-18,Berastegi,142
2013-12-18,Bidania,163
2013-12-18,Miramon,194
2013-12-18,Zegama,201
2013-12-19,Arrasate,282
2013-12-19,Berastegi,135
2013-12-19,Bidania,248
2013-12-19,Miramon,236
2013-12-19,Zegama,257
2013-12-20,Arrasate,339
2013-12-20,Berastegi,333
2013-12-20,Bidania,331
2013-12-20,Miramon,318
2013-12-20,Zegama,308
2013-12-21,Arrasate,256
2013-12-21,Berastegi,152
2013-12-21,Bidania,145
2013-12-21,Miramon,194
2013-12-21,Zegama,140
2013-12-22,Arrasate,269
2013-12-22,Berastegi,136
2013-12-22,Bidania,145
2013-12-22,Miramon,194
2013-12-22,Zegama,225
2013-12-23,Arrasate,224
2013-12-23,Berastegi,142
2013-12-23,Bidania,157
2013-12-23,Miramon,189
2013-12-23,Zegama,187
2013-12-24,Arrasate,205
2013-12-24,Berastegi,152
2013-12-24,Bidania,163
2013-12-24,Miramon,183
2013-12-24,Zegama,125
2013-12-25,Arrasate,219
2013-12-25,Berastegi,170
2013-12-25,Bidania,196
2013-12-25,Miramon,225
2013-12-25,Zegama,138
2013-12-26,Arrasate,252
2013-12-26,Berastegi,250
2013-12-26,Bidania,281
2013-12-26,Miramon,244
2013-12-26,Zegama,223
2013-12-27,Arrasate,211
2013-12-27,Berastegi,148
2013-12-27,Bidania,189
2013-12-27,Miramon,193
2013-12-27,Zegama,158
2013-12-28,Arrasate,269
2013-12-28,Berastegi,292
2013-12-28,Bidania,281
2013-12-28,Miramon,272
2013-12-28,Zegama,129
2013-12-29,Arrasate,221
2013-12-29,Berastegi,302
2013-12-29,Bidania,291
2013-12-29,Miramon,204
2013-12-29,Zegama,305
2013-12-30,Arrasate,217
2013-12-30,Berastegi,138
2013-12-30,Bidania,148
2013-12-30,Miramon,191
2013-12-30,Zegama,233
2013-12-31,Arrasate,212
2013-12-31,Berastegi,143
2013-12-31,Bidania,172
2013-12-31,Miramon,191
2013-12-31,Zegama,184
2014-01-01,Arrasate,215
2014-01-01,Berastegi,143
2014-01-01,Bidania,164
2014-01-01,Miramon,191
2014-01-01,Zegama,151
2014-01-02,Arrasate,218
2014-01-02,Berastegi,149
2014-01-02,Bidania,171
2014-01-02,Miramon,178
2014-01-02,Zegama,156
2014-01-03,Arrasate,229
2014-01-03,Berastegi,131
2014-01-03,Bidania,161
2014-01-03,Miramon,163
2014-01-03,Zegama,143
2014-01-04,Arrasate,239
2014-01-04,Berastegi,196
2014-01-04,Bidania,229
2014-01-04,Miramon,245
2014-01-04,Zegama,169
2014-01-05,Arrasate,219
2014-01-05,Berastegi,142
2014-01-05,Bidania,163
2014-01-05,Miramon,189
2014-01-05,Zegama,225
2014-01-06,Arrasate,209
2014-01-06,Berastegi,138
2014-01-06,Bidania,155
2014-01-06,Miramon,183
2014-01-06,Zegama,177
2014-01-07,Arrasate,175
2014-01-07,Berastegi,141
2014-01-07,Bidania,158
2014-01-07,Miramon,179
2014-01-07,Zegama,135
2014-01-08,Arrasate,169
2014-01-08,Berastegi,151
2014-01-08,Bidania,150
2014-01-08,Miramon,174
2014-01-08,Zegama,139
2014-01-09,Arrasate,267
2014-01-09,Berastegi,144
2014-01-09,Bidania,147
2014-01-09,Miramon,220
2014-01-09,Zegama,157
2014-01-10,Arrasate,233
2014-01-10,Berastegi,137
2014-01-10,Bidania,138
2014-01-10,Miramon,193
2014-01-10,Zegama,142
2014-01-11,Arrasate,235
2014-01-11,Berastegi,179
2014-01-11,Bidania,134
2014-01-11,Miramon,195
2014-01-11,Zegama,140
2014-01-12,Arrasate,241
2014-01-12,Berastegi,146
2014-01-12,Bidania,164
2014-01-12,Miramon,215
2014-01-12,Zegama,170
2014-01-13,Arrasate,197
2014-01-13,Berastegi,197
2014-01-13,Bidania,248
2014-01-13,Miramon,206
2014-01-13,Zegama,173
2014-01-14,Arrasate,261
2014-01-14,Berastegi,325
2014-01-14,Bidania,287
2014-01-14,Miramon,252
2014-01-14,Zegama,186
2014-01-15,Arrasate,200
2014-01-15,Berastegi,139
2014-01-15,Bidania,157
2014-01-15,Miramon,189
2014-01-15,Zegama,162
2014-01-16,Arrasate,211
2014-01-16,Berastegi,180
2014-01-16,Bidania,189
2014-01-16,Miramon,216
2014-01-16,Zegama,159
2014-01-17,Arrasate,165
2014-01-17,Berastegi,151
2014-01-17,Bidania,157
2014-01-17,Miramon,161
2014-01-17,Zegama,150
2014-01-18,Arrasate,156
2014-01-18,Berastegi,164
2014-01-18,Bidania,158
2014-01-18,Miramon,181
2014-01-18,Zegama,140
2014-01-19,Arrasate,278
2014-01-19,Berastegi,280
2014-01-19,Bidania,297
2014-01-19,Miramon,222
2014-01-19,Zegama,326
2014-01-20,Arrasate,228
2014-01-20,Berastegi,288
2014-01-20,Bidania,302
2014-01-20,Miramon,251
2014-01-20,Zegama,307
2014-01-21,Arrasate,211
2014-01-21,Berastegi,142
2014-01-21,Bidania,149
2014-01-21,Miramon,190
2014-01-21,Zegama,226
2014-01-22,Arrasate,295
2014-01-22,Berastegi,326
2014-01-22,Bidania,306
2014-01-22,Miramon,276
2014-01-22,Zegama,306
2014-01-23,Arrasate,304
2014-01-23,Berastegi,321
2014-01-23,Bidania,311
2014-01-23,Miramon,299
2014-01-23,Zegama,321
2014-01-24,Arrasate,309
2014-01-24,Berastegi,312
2014-01-24,Bidania,307
2014-01-24,Miramon,293
2014-01-24,Zegama,321
2014-01-25,Arrasate,305
2014-01-25,Berastegi,323
2014-01-25,Bidania,314
2014-01-25,Miramon,305
2014-01-25,Zegama,323
2014-01-26,Arrasate,286
2014-01-26,Berastegi,333
2014-01-26,Bidania,289
2014-01-26,Miramon,282
2014-01-26,Zegama,259
2014-01-27,Arrasate,303
2014-01-27,Berastegi,320
2014-01-27,Bidania,297
2014-01-27,Miramon,273
2014-01-27,Zegama,320
2014-01-28,Arrasate,231
2014-01-28,Berastegi,153
2014-01-28,Bidania,209
2014-01-28,Miramon,214
2014-01-28,Zegama,161
2014-01-29,Arrasate,280
2014-01-29,Berastegi,317
2014-01-29,Bidania,275
2014-01-29,Miramon,246
2014-01-29,Zegama,164
2014-01-30,Arrasate,223
2014-01-30,Berastegi,288
2014-01-30,Bidania,298
2014-01-30,Miramon,229
2014-01-30,Zegama,302
2014-01-31,Arrasate,221
2014-01-31,Berastegi,139
2014-01-31,Bidania,199
2014-01-31,Miramon,204
2014-01-31,Zegama,217
2014-02-01,Arrasate,277
2014-02-01,Berastegi,255
2014-02-01,Bidania,278
2014-02-01,Miramon,259
2014-02-01,Zegama,248
2014-02-02,Arrasate,237
2014-02-02,Berastegi,160
2014-02-02,Bidania,252
2014-02-02,Miramon,198
2014-02-02,Zegama,189
2014-02-03,Arrasate,185
2014-02-03,Berastegi,147
2014-02-03,Bidania,160
2014-02-03,Miramon,185
2014-02-03,Zegama,157
2014-02-04,Arrasate,167
2014-02-04,Berastegi,149
2014-02-04,Bidania,163
2014-02-04,Miramon,174
2014-02-04,Zegama,148
2014-02-05,Arrasate,223
2014-02-05,Berastegi,188
2014-02-05,Bidania,196
2014-02-05,Miramon,207
2014-02-05,Zegama,128
2014-02-06,Arrasate,174
2014-02-06,Berastegi,154
2014-02-06,Bidania,164
2014-02-06,Miramon,182
2014-02-06,Zegama,129
2014-02-07,Arrasate,212
2014-02-07,Berastegi,188
2014-02-07,Bidania,218
2014-02-07,Miramon,221
2014-02-07,Zegama,160
2014-02-08,Arrasate,229
2014-02-08,Berastegi,145
2014-02-08,Bidania,207
2014-02-08,Miramon,223
2014-02-08,Zegama,141
2014-02-09,Arrasate,170
2014-02-09,Berastegi,155
2014-02-09,Bidania,161
2014-02-09,Miramon,170
2014-02-09,Zegama,157
2014-02-10,Arrasate,283
2014-02-10,Berastegi,276
2014-02-10,Bidania,278
2014-02-10,Miramon,276
2014-02-10,Zegama,302
2014-02-11,Arrasate,213
2014-02-11,Berastegi,155
2014-02-11,Bidania,181
2014-02-11,Miramon,218
2014-02-11,Zegama,195
2014-02-12,Arrasate,215
2014-02-12,Berastegi,141
2014-02-12,Bidania,168
2014-02-12,Miramon,196
2014-02-12,Zegama,185
2014-02-13,Arrasate,239
2014-02-13,Berastegi,164
2014-02-13,Bidania,218
2014-02-13,Miramon,237
2014-02-13,Zegama,132
2014-02-14,Arrasate,212
2014-02-14,Berastegi,155
2014-02-14,Bidania,178
2014-02-14,Miramon,199
2014-02-14,Zegama,136
2014-02-15,Arrasate,197
2014-02-15,Berastegi,233
2014-02-15,Bidania,227
2014-02-15,Miramon,287
2014-02-15,Zegama,146
2014-02-16,Arrasate,233
2014-02-16,Berastegi,298
2014-02-16,Bidania,322
2014-02-16,Miramon,218
2014-02-16,Zegama,176
2014-02-17,Arrasate,176
2014-02-17,Berastegi,143
2014-02-17,Bidania,162
2014-02-17,Miramon,179
2014-02-17,Zegama,143
2014-02-18,Arrasate,306
2014-02-18,Berastegi,321
2014-02-18,Bidania,322
2014-02-18,Miramon,273
2014-02-18,Zegama,3
2014-02-19,Arrasate,275
2014-02-19,Berastegi,327
2014-02-19,Bidania,312
2014-02-19,Miramon,225
2014-02-19,Zegama,322
2014-02-20,Arrasate,210
2014-02-20,Berastegi,283
2014-02-20,Bidania,243
2014-02-20,Miramon,206
2014-02-20,Zegama,226
2014-02-21,Arrasate,319
2014-02-21,Berastegi,319
2014-02-21,Bidania,303
2014-02-21,Miramon,253
2014-02-21,Zegama,314
2014-02-22,Arrasate,214
2014-02-22,Berastegi,182
2014-02-22,Bidania,160
2014-02-22,Miramon,205
2014-02-22,Zegama,226
2014-02-23,Arrasate,166
2014-02-23,Berastegi,143
2014-02-23,Bidania,150
2014-02-23,Miramon,167
2014-02-23,Zegama,133
2014-02-24,Arrasate,207
2014-02-24,Berastegi,154
2014-02-24,Bidania,167
2014-02-24,Miramon,174
2014-02-24,Zegama,136
2014-02-25,Arrasate,214
2014-02-25,Berastegi,172
2014-02-25,Bidania,208
2014-02-25,Miramon,208
2014-02-25,Zegama,198
2014-02-26,Arrasate,279
2014-02-26,Berastegi,264
2014-02-26,Bidania,291
2014-02-26,Miramon,231
2014-02-26,Zegama,266
2014-02-27,Arrasate,277
2014-02-27,Berastegi,138
2014-02-27,Bidania,226
2014-02-27,Miramon,240
2014-02-27,Zegama,216
2014-02-28,Arrasate,300
2014-02-28,Berastegi,309
2014-02-28,Bidania,303
2014-02-28,Miramon,285
2014-02-28,Zegama,347
2014-03-01,Arrasate,218
2014-03-01,Berastegi,134
2014-03-01,Bidania,195
2014-03-01,Miramon,197
2014-03-01,Zegama,195
2014-03-02,Arrasate,321
2014-03-02,Berastegi,342
2014-03-02,Bidania,305
2014-03-02,Miramon,250
2014-03-02,Zegama,330
2014-03-03,Arrasate,289
2014-03-03,Berastegi,309
2014-03-03,Bidania,290
2014-03-03,Miramon,281
2014-03-03,Zegama,312
2014-03-04,Arrasate,303
2014-03-04,Berastegi,314
2014-03-04,Bidania,306
2014-03-04,Miramon,293
2014-03-04,Zegama,313
2014-03-05,Arrasate,306
2014-03-05,Berastegi,327
2014-03-05,Bidania,314
2014-03-05,Miramon,303
2014-03-05,Zegama,318
2014-03-06,Arrasate,330
2014-03-06,Berastegi,302
2014-03-06,Bidania,321
2014-03-06,Miramon,303
2014-03-06,Zegama,325
2014-03-07,Arrasate,133
2014-03-07,Berastegi,205
2014-03-07,Bidania,122
2014-03-07,Miramon,227
2014-03-07,Zegama,111
2014-03-08,Arrasate,160
2014-03-08,Berastegi,155
2014-03-08,Bidania,143
2014-03-08,Miramon,184
2014-03-08,Zegama,126
2014-03-09,Arrasate,153
2014-03-09,Berastegi,153
2014-03-09,Bidania,157
2014-03-09,Miramon,177
2014-03-09,Zegama,135
2014-03-10,Arrasate,330
2014-03-10,Berastegi,297
2014-03-10,Bidania,322
2014-03-10,Miramon,216
2014-03-10,Zegama,89
2014-03-11,Arrasate,340
2014-03-11,Berastegi,331
2014-03-11,Bidania,314
2014-03-11,Miramon,237
2014-03-11,Zegama,339
2014-03-12,Arrasate,161
2014-03-12,Berastegi,147
2014-03-12,Bidania,138
2014-03-12,Miramon,158
2014-03-12,Zegama,126
2014-03-13,Arrasate,159
2014-03-13,Berastegi,140
2014-03-13,Bidania,145
2014-03-13,Miramon,185
2014-03-13,Zegama,125
2014-03-14,Arrasate,337
2014-03-14,Berastegi,327
2014-03-14,Bidania,348
2014-03-14,Miramon,211
2014-03-14,Zegama,75
2014-03-15,Arrasate,331
2014-03-15,Berastegi,333
2014-03-15,Bidania,314
2014-03-15,Miramon,285
2014-03-15,Zegama,313
2014-03-16,Arrasate,344
2014-03-16,Berastegi,325
2014-03-16,Bidania,317
2014-03-16,Miramon,316
2014-03-16,Zegama,326
2014-03-17,Arrasate,325
2014-03-17,Berastegi,333
2014-03-17,Bidania,357
2014-03-17,Miramon,246
2014-03-17,Zegama,296
2014-03-18,Arrasate,360
2014-03-18,Berastegi,335
2014-03-18,Bidania,320
2014-03-18,Miramon,289
2014-03-18,Zegama,325
2014-03-19,Arrasate,357
2014-03-19,Berastegi,316
2014-03-19,Bidania,335
2014-03-19,Miramon,27
2014-03-19,Zegama,319
2014-03-20,Arrasate,329
2014-03-20,Berastegi,110
2014-03-20,Bidania,145
2014-03-20,Miramon,205
2014-03-20,Zegama,139
2014-03-21,Arrasate,231
2014-03-21,Berastegi,211
2014-03-21,Bidania,194
2014-03-21,Miramon,321
2014-03-21,Zegama,136
2014-03-22,Arrasate,321
2014-03-22,Berastegi,323
2014-03-22,Bidania,299
2014-03-22,Miramon,257
2014-03-22,Zegama,319
2014-03-23,Arrasate,312
2014-03-23,Berastegi,312
2014-03-23,Bidania,304
2014-03-23,Miramon,272
2014-03-23,Zegama,318
2014-03-24,Arrasate,280
2014-03-24,Berastegi,294
2014-03-24,Bidania,269
2014-03-24,Miramon,235
2014-03-24,Zegama,238
2014-03-25,Arrasate,276
2014-03-25,Berastegi,278
2014-03-25,Bidania,285
2014-03-25,Miramon,273
2014-03-25,Zegama,286
2014-03-26,Arrasate,310
2014-03-26,Berastegi,326
2014-03-26,Bidania,321
2014-03-26,Miramon,326
2014-03-26,Zegama,314
2014-03-27,Arrasate,239
2014-03-27,Berastegi,258
2014-03-27,Bidania,305
2014-03-27,Miramon,202
2014-03-27,Zegama,156
2014-03-28,Arrasate,145
2014-03-28,Berastegi,149
2014-03-28,Bidania,147
2014-03-28,Miramon,162
2014-03-28,Zegama,135
2014-03-29,Arrasate,141
2014-03-29,Berastegi,158
2014-03-29,Bidania,155
2014-03-29,Miramon,148
2014-03-29,Zegama,136
2014-03-30,Arrasate,155
2014-03-30,Berastegi,150
2014-03-30,Bidania,161
2014-03-30,Miramon,168
2014-03-30,Zegama,131
2014-03-31,Arrasate,154
2014-03-31,Berastegi,154
2014-03-31,Bidania,157
2014-03-31,Miramon,162
2014-03-31,Zegama,137
2014-04-01,Arrasate,144
2014-04-01,Berastegi,159
2014-04-01,Bidania,154
2014-04-01,Miramon,158
2014-04-01,Zegama,127
2014-04-02,Arrasate,148
2014-04-02,Berastegi,149
2014-04-02,Bidania,157
2014-04-02,Miramon,160
2014-04-02,Zegama,139
2014-04-03,Arrasate,299
2014-04-03,Berastegi,333
2014-04-03,Bidania,313
2014-04-03,Miramon,295
2014-04-03,Zegama,319
2014-04-04,Arrasate,279
2014-04-04,Berastegi,321
2014-04-04,Bidania,316
2014-04-04,Miramon,313
2014-04-04,Zegama,296
2014-04-05,Arrasate,311
2014-04-05,Berastegi,322
2014-04-05,Bidania,308
2014-04-05,Miramon,224
2014-04-05,Zegama,330
2014-04-06,Arrasate,190
2014-04-06,Berastegi,328
2014-04-06,Bidania,189
2014-04-06,Miramon,148
2014-04-06,Zegama,149
2014-04-07,Arrasate,270
2014-04-07,Berastegi,124
2014-04-07,Bidania,169
2014-04-07,Miramon,309
2014-04-07,Zegama,164
2014-04-08,Arrasate,343
2014-04-08,Berastegi,324
2014-04-08,Bidania,321
2014-04-08,Miramon,346
2014-04-08,Zegama,339
2014-04-09,Arrasate,338
2014-04-09,Berastegi,331
2014-04-09,Bidania,337
2014-04-09,Miramon,319
2014-04-09,Zegama,336
2014-04-10,Arrasate,350
2014-04-10,Berastegi,329
2014-04-10,Bidania,328
2014-04-10,Miramon,225
2014-04-10,Zegama,40
2014-04-11,Arrasate,324
2014-04-11,Berastegi,330
2014-04-11,Bidania,319
2014-04-11,Miramon,300
2014-04-11,Zegama,319
2014-04-12,Arrasate,338
2014-04-12,Berastegi,332
2014-04-12,Bidania,320
2014-04-12,Miramon,300
2014-04-12,Zegama,326
2014-04-13,Arrasate,19
2014-04-13,Berastegi,330
2014-04-13,Bidania,21
2014-04-13,Miramon,317
2014-04-13,Zegama,329
2014-04-14,Arrasate,336
2014-04-14,Berastegi,325
2014-04-14,Bidania,321
2014-04-14,Miramon,298
2014-04-14,Zegama,337
2014-04-15,Arrasate,331
2014-04-15,Berastegi,321
2014-04-15,Bidania,329
2014-04-15,Miramon,297
2014-04-15,Zegama,327
2014-04-16,Arrasate,333
2014-04-16,Berastegi,323
2014-04-16,Bidania,314
2014-04-16,Miramon,225
2014-04-16,Zegama,358
2014-04-17,Arrasate,343
2014-04-17,Berastegi,314
2014-04-17,Bidania,310
2014-04-17,Miramon,279
2014-04-17,Zegama,352
2014-04-18,Arrasate,331
2014-04-18,Berastegi,316
2014-04-18,Bidania,316
2014-04-18,Miramon,250
2014-04-18,Zegama,338
2014-04-19,Arrasate,346
2014-04-19,Berastegi,340
2014-04-19,Bidania,322
2014-04-19,Miramon,259
2014-04-19,Zegama,349
2014-04-20,Arrasate,355
2014-04-20,Berastegi,329
2014-04-20,Bidania,324
2014-04-20,Miramon,204
2014-04-20,Zegama,336
2014-04-21,Arrasate,5
2014-04-21,Berastegi,332
2014-04-21,Bidania,308
2014-04-21,Miramon,219
2014-04-21,Zegama,327
2014-04-22,Arrasate,343
2014-04-22,Berastegi,318
2014-04-22,Bidania,315
2014-04-22,Miramon,203
2014-04-22,Zegama,119
2014-04-23,Arrasate,311
2014-04-23,Berastegi,84
2014-04-23,Bidania,203
2014-04-23,Miramon,236
2014-04-23,Zegama,145
2014-04-24,Arrasate,292
2014-04-24,Berastegi,221
2014-04-24,Bidania,248
2014-04-24,Miramon,233
2014-04-24,Zegama,205
2014-04-25,Arrasate,303
2014-04-25,Berastegi,292
2014-04-25,Bidania,288
2014-04-25,Miramon,286
2014-04-25,Zegama,270
2014-04-26,Arrasate,267
2014-04-26,Berastegi,324
2014-04-26,Bidania,292
2014-04-26,Miramon,233
2014-04-26,Zegama,242
2014-04-27,Arrasate,313
2014-04-27,Berastegi,331
2014-04-27,Bidania,300
2014-04-27,Miramon,289
2014-04-27,Zegama,319
2014-04-28,Arrasate,316
2014-04-28,Berastegi,330
2014-04-28,Bidania,305
2014-04-28,Miramon,277
2014-04-28,Zegama,331
2014-04-29,Arrasate,350
2014-04-29,Berastegi,326
2014-04-29,Bidania,308
2014-04-29,Miramon,262
2014-04-29,Zegama,326
2014-04-30,Arrasate,330
2014-04-30,Berastegi,333
2014-04-30,Bidania,307
2014-04-30,Miramon,303
2014-04-30,Zegama,333
2014-05-01,Arrasate,312
2014-05-01,Berastegi,332
2014-05-01,Bidania,312
2014-05-01,Miramon,292
2014-05-01,Zegama,317
2014-05-02,Arrasate,307
2014-05-02,Berastegi,328
2014-05-02,Bidania,314
2014-05-02,Miramon,311
2014-05-02,Zegama,316
2014-05-03,Arrasate,335
2014-05-03,Berastegi,333
2014-05-03,Bidania,317
2014-05-03,Miramon,323
2014-05-03,Zegama,320
2014-05-04,Arrasate,353
2014-05-04,Berastegi,308
2014-05-04,Bidania,323
2014-05-04,Miramon,48
2014-05-04,Zegama,337
2014-05-05,Arrasate,252
2014-05-05,Berastegi,133
2014-05-05,Bidania,142
2014-05-05,Miramon,202
2014-05-05,Zegama,142
2014-05-06,Arrasate,326
2014-05-06,Berastegi,126
2014-05-06,Bidania,158
2014-05-06,Miramon,310
2014-05-06,Zegama,129
2014-05-07,Arrasate,352
2014-05-07,Berastegi,317
2014-05-07,Bidania,327
2014-05-07,Miramon,326
2014-05-07,Zegama,340
2014-05-08,Arrasate,334
2014-05-08,Berastegi,329
2014-05-08,Bidania,308
2014-05-08,Miramon,295
2014-05-08,Zegama,324
2014-05-09,Arrasate,357
2014-05-09,Berastegi,324
2014-05-09,Bidania,312
2014-05-09,Miramon,281
2014-05-09,Zegama,344
2014-05-10,Arrasate,341
2014-05-10,Berastegi,326
2014-05-10,Bidania,312
2014-05-10,Miramon,251
2014-05-10,Zegama,328
2014-05-11,Arrasate,327
2014-05-11,Berastegi,327
2014-05-11,Bidania,314
2014-05-11,Miramon,285
2014-05-11,Zegama,334
2014-05-12,Arrasate,347
2014-05-12,Berastegi,333
2014-05-12,Bidania,317
2014-05-12,Miramon,247
2014-05-12,Zegama,337
2014-05-13,Arrasate,340
2014-05-13,Berastegi,329
2014-05-13,Bidania,315
2014-05-13,Miramon,312
2014-05-13,Zegama,330
2014-05-14,Arrasate,12
2014-05-14,Berastegi,316
2014-05-14,Bidania,347
2014-05-14,Miramon,359
2014-05-14,Zegama,335
2014-05-15,Arrasate,15
2014-05-15,Berastegi,312
2014-05-15,Bidania,50
2014-05-15,Miramon,40
2014-05-15,Zegama,319
2014-05-16,Arrasate,347
2014-05-16,Berastegi,314
2014-05-16,Bidania,330
2014-05-16,Miramon,309
2014-05-16,Zegama,343
2014-05-17,Arrasate,358
2014-05-17,Berastegi,317
2014-05-17,Bidania,329
2014-05-17,Miramon,245
2014-05-17,Zegama,344
2014-05-18,Arrasate,148
2014-05-18,Berastegi,147
2014-05-18,Bidania,147
2014-05-18,Miramon,173
2014-05-18,Zegama,124
2014-05-19,Arrasate,150
2014-05-19,Berastegi,150
2014-05-19,Bidania,150
2014-05-19,Miramon,256
2014-05-19,Zegama,129
2014-05-20,Arrasate,150
2014-05-20,Berastegi,243
2014-05-20,Bidania,171
2014-05-20,Miramon,21
2014-05-20,Zegama,155
2014-05-21,Arrasate,195
2014-05-21,Berastegi,157
2014-05-21,Bidania,158
2014-05-21,Miramon,187
2014-05-21,Zegama,142
2014-05-22,Arrasate,214
2014-05-22,Berastegi,160
2014-05-22,Bidania,157
2014-05-22,Miramon,193
2014-05-22,Zegama,146
2014-05-23,Arrasate,301
2014-05-23,Berastegi,249
2014-05-23,Bidania,283
2014-05-23,Miramon,273
2014-05-23,Zegama,6
2014-05-24,Arrasate,348
2014-05-24,Berastegi,327
2014-05-24,Bidania,24
2014-05-24,Miramon,324
2014-05-24,Zegama,351
2014-05-25,Arrasate,338
2014-05-25,Berastegi,332
2014-05-25,Bidania,311
2014-05-25,Miramon,271
2014-05-25,Zegama,335
2014-05-26,Arrasate,329
2014-05-26,Berastegi,323
2014-05-26,Bidania,307
2014-05-26,Miramon,288
2014-05-26,Zegama,326
2014-05-27,Arrasate,345
2014-05-27,Berastegi,327
2014-05-27,Bidania,9
2014-05-27,Miramon,335
2014-05-27,Zegama,339
2014-05-28,Arrasate,350
2014-05-28,Berastegi,322
2014-05-28,Bidania,311
2014-05-28,Miramon,252
2014-05-28,Zegama,318
2014-05-29,Arrasate,351
2014-05-29,Berastegi,332
2014-05-29,Bidania,322
2014-05-29,Miramon,323
2014-05-29,Zegama,331
2014-05-30,Arrasate,314
2014-05-30,Berastegi,332
2014-05-30,Bidania,310
2014-05-30,Miramon,306
2014-05-30,Zegama,313
2014-05-31,Arrasate,327
2014-05-31,Berastegi,334
2014-05-31,Bidania,315
2014-05-31,Miramon,318
2014-05-31,Zegama,323
2014-06-01,Arrasate,331
2014-06-01,Berastegi,333
2014-06-01,Miramon,284
2014-06-01,Zegama,317
2014-06-02,Arrasate,2
2014-06-02,Berastegi,347
2014-06-02,Bidania,312
2014-06-02,Miramon,289
2014-06-02,Zegama,318
2014-06-03,Arrasate,340
2014-06-03,Berastegi,329
2014-06-03,Bidania,306
2014-06-03,Miramon,263
2014-06-03,Zegama,342
2014-06-04,Arrasate,343
2014-06-04,Berastegi,332
2014-06-04,Bidania,311
2014-06-04,Miramon,246
2014-06-04,Zegama,325
2014-06-05,Arrasate,172
2014-06-05,Berastegi,154
2014-06-05,Bidania,146
2014-06-05,Miramon,197
2014-06-05,Zegama,125
2014-06-06,Arrasate,175
2014-06-06,Berastegi,151
2014-06-06,Bidania,154
2014-06-06,Miramon,177
2014-06-06,Zegama,126
2014-06-07,Arrasate,247
2014-06-07,Berastegi,177
2014-06-07,Bidania,145
2014-06-07,Miramon,193
2014-06-07,Zegama,139
2014-06-08,Arrasate,335
2014-06-08,Berastegi,339
2014-06-08,Bidania,353
2014-06-08,Miramon,247
2014-06-08,Zegama,327
2014-06-09,Arrasate,333
2014-06-09,Berastegi,332
2014-06-09,Bidania,316
2014-06-09,Miramon,306
2014-06-09,Zegama,339
2014-06-10,Arrasate,11
2014-06-10,Berastegi,330
2014-06-10,Bidania,330
2014-06-10,Miramon,342
2014-06-10,Zegama,319
2014-06-11,Arrasate,327
2014-06-11,Berastegi,323
2014-06-11,Bidania,317
2014-06-11,Miramon,313
2014-06-11,Zegama,327
2014-06-12,Arrasate,315
2014-06-12,Berastegi,322
2014-06-12,Bidania,321
2014-06-12,Miramon,320
2014-06-12,Zegama,313
2014-06-13,Arrasate,1
2014-06-13,Berastegi,329
2014-06-13,Bidania,324
2014-06-13,Miramon,320
2014-06-13,Zegama,343
2014-06-14,Arrasate,326
2014-06-14,Berastegi,325
2014-06-14,Bidania,315
2014-06-14,Miramon,287
2014-06-14,Zegama,325
2014-06-15,Arrasate,329
2014-06-15,Berastegi,325
2014-06-15,Bidania,314
2014-06-15,Miramon,324
2014-06-15,Zegama,327
2014-06-16,Arrasate,335
2014-06-16,Berastegi,321
2014-06-16,Bidania,315
2014-06-16,Miramon,327
2014-06-16,Zegama,329
2014-06-17,Arrasate,15
2014-06-17,Berastegi,332
2014-06-17,Bidania,318
2014-06-17,Miramon,291
2014-06-17,Zegama,326
2014-06-18,Arrasate,342
2014-06-18,Berastegi,322
2014-06-18,Bidania,319
2014-06-18,Miramon,289
2014-06-18,Zegama,341
2014-06-19,Arrasate,4
2014-06-19,Berastegi,328
2014-06-19,Bidania,123
2014-06-19,Miramon,226
2014-06-19,Zegama,344
2014-06-20,Arrasate,8
2014-06-20,Berastegi,153
2014-06-20,Bidania,129
2014-06-20,Miramon,247
2014-06-20,Zegama,126
2014-06-21,Arrasate,351
2014-06-21,Berastegi,342
2014-06-21,Bidania,112
2014-06-21,Miramon,249
2014-06-21,Zegama,321
2014-06-22,Arrasate,329
2014-06-22,Berastegi,334
2014-06-22,Bidania,315
2014-06-22,Miramon,322
2014-06-22,Zegama,340
2014-06-23,Arrasate,343
2014-06-23,Berastegi,316
2014-06-23,Bidania,239
2014-06-23,Miramon,320
2014-06-23,Zegama,251
2014-06-24,Arrasate,324
2014-06-24,Berastegi,331
2014-06-24,Bidania,312
2014-06-24,Miramon,303
2014-06-24,Zegama,334
2014-06-25,Arrasate,318
2014-06-25,Berastegi,328
2014-06-25,Bidania,313
2014-06-25,Miramon,302
2014-06-25,Zegama,306
2014-06-26,Arrasate,28
2014-06-26,Berastegi,329
2014-06-26,Bidania,315
2014-06-26,Miramon,312
2014-06-26,Zegama,332
2014-06-27,Arrasate,348
2014-06-27,Berastegi,337
2014-06-27,Bidania,311
2014-06-27,Miramon,249
2014-06-27,Zegama,340
2014-06-28,Arrasate,288
2014-06-28,Berastegi,70
2014-06-28,Bidania,231
2014-06-28,Miramon,253
2014-06-28,Zegama,158
2014-06-29,Arrasate,316
2014-06-29,Berastegi,344
2014-06-29,Bidania,310
2014-06-29,Miramon,277
2014-06-29,Zegama,315
2014-06-30,Arrasate,6
2014-06-30,Berastegi,338
2014-06-30,Bidania,90
2014-06-30,Miramon,269
2014-06-30,Zegama,348
2014-07-01,Arrasate,280
2014-07-01,Berastegi,318
2014-07-01,Bidania,290
2014-07-01,Miramon,266
2014-07-01,Zegama,176
2014-07-02,Arrasate,1
2014-07-02,Berastegi,328
2014-07-02,Miramon,287
2014-07-02,Zegama,323
2014-07-03,Arrasate,20
2014-07-03,Berastegi,342
2014-07-03,Miramon,307
2014-07-03,Zegama,328
2014-07-04,Arrasate,320
2014-07-04,Berastegi,310
2014-07-04,Bidania,314
2014-07-04,Miramon,300
2014-07-04,Zegama,318
2014-07-05,Arrasate,329
2014-07-05,Berastegi,301
2014-07-05,Bidania,229
2014-07-05,Miramon,19
2014-07-05,Zegama,136
2014-07-06,Arrasate,264
2014-07-06,Berastegi,328
2014-07-06,Bidania,282
2014-07-06,Miramon,240
2014-07-06,Zegama,208
2014-07-07,Arrasate,321
2014-07-07,Berastegi,324
2014-07-07,Bidania,313
2014-07-07,Miramon,256
2014-07-07,Zegama,333
2014-07-08,Arrasate,311
2014-07-08,Berastegi,327
2014-07-08,Bidania,309
2014-07-08,Miramon,256
2014-07-08,Zegama,315
2014-07-09,Arrasate,320
2014-07-09,Berastegi,331
2014-07-09,Bidania,315
2014-07-09,Miramon,317
2014-07-09,Zegama,318
2014-07-10,Arrasate,318
2014-07-10,Berastegi,331
2014-07-10,Bidania,313
2014-07-10,Miramon,307
2014-07-10,Zegama,318
2014-07-11,Arrasate,323
2014-07-11,Berastegi,332
2014-07-11,Bidania,313
2014-07-11,Miramon,312
2014-07-11,Zegama,322
2014-07-12,Arrasate,328
2014-07-12,Berastegi,324
2014-07-12,Bidania,311
2014-07-12,Miramon,292
2014-07-12,Zegama,336
2014-07-13,Arrasate,339
2014-07-13,Berastegi,328
2014-07-13,Bidania,307
2014-07-13,Miramon,257
2014-07-13,Zegama,325
2014-07-14,Arrasate,2
2014-07-14,Berastegi,333
2014-07-14,Bidania,311
2014-07-14,Miramon,318
2014-07-14,Zegama,336
2014-07-15,Arrasate,331
2014-07-15,Berastegi,326
2014-07-15,Bidania,318
2014-07-15,Miramon,329
2014-07-15,Zegama,312
2014-07-16,Arrasate,333
2014-07-16,Berastegi,332
2014-07-16,Bidania,277
2014-07-16,Miramon,298
2014-07-16,Zegama,307
2014-07-17,Arrasate,144
2014-07-17,Berastegi,143
2014-07-17,Bidania,136
2014-07-17,Miramon,239
2014-07-17,Zegama,138
2014-07-18,Arrasate,347
2014-07-18,Berastegi,331
2014-07-18,Bidania,316
2014-07-18,Miramon,319
2014-07-18,Zegama,104
2014-07-19,Arrasate,218
2014-07-19,Berastegi,190
2014-07-19,Bidania,160
2014-07-19,Miramon,204
2014-07-19,Zegama,181
2014-07-20,Arrasate,317
2014-07-20,Berastegi,329
2014-07-20,Bidania,311
2014-07-20,Miramon,285
2014-07-20,Zegama,316
2014-07-21,Arrasate,351
2014-07-21,Berastegi,315
2014-07-21,Bidania,312
2014-07-21,Miramon,287
2014-07-21,Zegama,327
2014-07-22,Arrasate,8
2014-07-22,Berastegi,316
2014-07-22,Bidania,359
2014-07-22,Miramon,352
2014-07-22,Zegama,348
2014-07-23,Arrasate,7
2014-07-23,Berastegi,316
2014-07-23,Bidania,21
2014-07-23,Miramon,312
2014-07-23,Zegama,324
2014-07-24,Arrasate,349
2014-07-24,Berastegi,320
2014-07-24,Bidania,313
2014-07-24,Miramon,268
2014-07-24,Zegama,346
2014-07-25,Arrasate,344
2014-07-25,Berastegi,333
2014-07-25,Bidania,328
2014-07-25,Miramon,306
2014-07-25,Zegama,321
2014-07-26,Arrasate,7
2014-07-26,Berastegi,328
2014-07-26,Bidania,327
2014-07-26,Miramon,295
2014-07-26,Zegama,334
2014-07-27,Arrasate,10
2014-07-27,Berastegi,309
2014-07-27,Bidania,355
2014-07-27,Miramon,248
2014-07-27,Zegama,340
2014-07-28,Arrasate,313
2014-07-28,Berastegi,335
2014-07-28,Bidania,313
2014-07-28,Miramon,291
2014-07-28,Zegama,316
2014-07-29,Arrasate,322
2014-07-29,Berastegi,332
2014-07-29,Bidania,314
2014-07-29,Miramon,321
2014-07-29,Zegama,318
2014-07-30,Arrasate,35
2014-07-30,Berastegi,339
2014-07-30,Bidania,317
2014-07-30,Miramon,233
2014-07-30,Zegama,335
2014-07-31,Arrasate,352
2014-07-31,Berastegi,320
2014-07-31,Bidania,314
2014-07-31,Miramon,8
2014-07-31,Zegama,332
2014-08-01,Arrasate,345
2014-08-01,Berastegi,337
2014-08-01,Bidania,321
2014-08-01,Miramon,341
2014-08-01,Zegama,327
2014-08-02,Arrasate,360
2014-08-02,Berastegi,330
2014-08-02,Bidania,350
2014-08-02,Miramon,160
2014-08-02,Zegama,349
2014-08-03,Arrasate,328
2014-08-03,Berastegi,338
2014-08-03,Bidania,308
2014-08-03,Miramon,279
2014-08-03,Zegama,22
2014-08-04,Arrasate,359
2014-08-04,Berastegi,329
2014-08-04,Bidania,338
2014-08-04,Miramon,30
2014-08-04,Zegama,315
2014-08-05,Arrasate,353
2014-08-05,Berastegi,319
2014-08-05,Bidania,350
2014-08-05,Miramon,305
2014-08-05,Zegama,335
2014-08-06,Arrasate,338
2014-08-06,Berastegi,325
2014-08-06,Bidania,326
2014-08-06,Miramon,221
2014-08-06,Zegama,352
2014-08-07,Arrasate,347
2014-08-07,Berastegi,333
2014-08-07,Bidania,345
2014-08-07,Miramon,222
2014-08-07,Zegama,327
2014-08-08,Arrasate,326
2014-08-08,Berastegi,166
2014-08-08,Bidania,299
2014-08-08,Miramon,254
2014-08-08,Zegama,115
2014-08-09,Arrasate,19
2014-08-09,Berastegi,135
2014-08-09,Bidania,142
2014-08-09,Miramon,262
2014-08-09,Zegama,117
2014-08-10,Arrasate,280
2014-08-10,Berastegi,18
2014-08-10,Bidania,281
2014-08-10,Miramon,311
2014-08-10,Zegama,121
2014-08-11,Arrasate,347
2014-08-11,Berastegi,329
2014-08-11,Bidania,314
2014-08-11,Miramon,281
2014-08-11,Zegama,330
2014-08-12,Arrasate,346
2014-08-12,Berastegi,334
2014-08-12,Bidania,307
2014-08-12,Miramon,197
2014-08-12,Zegama,344
2014-08-13,Arrasate,322
2014-08-13,Berastegi,323
2014-08-13,Bidania,305
2014-08-13,Miramon,247
2014-08-13,Zegama,319
2014-08-14,Arrasate,342
2014-08-14,Berastegi,312
2014-08-14,Bidania,319
2014-08-14,Miramon,226
2014-08-14,Zegama,351
2014-08-15,Arrasate,338
2014-08-15,Berastegi,330
2014-08-15,Bidania,309
2014-08-15,Miramon,261
2014-08-15,Zegama,347
2014-08-16,Arrasate,336
2014-08-16,Berastegi,331
2014-08-16,Bidania,322
2014-08-16,Miramon,293
2014-08-16,Zegama,332
2014-08-17,Arrasate,328
2014-08-17,Berastegi,323
2014-08-17,Bidania,318
2014-08-17,Miramon,221
2014-08-17,Zegama,330
2014-08-18,Arrasate,356
2014-08-18,Berastegi,332
2014-08-18,Bidania,317
2014-08-18,Miramon,62
2014-08-18,Zegama,347
2014-08-19,Arrasate,357
2014-08-19,Berastegi,337
2014-08-19,Bidania,321
2014-08-19,Miramon,267
2014-08-19,Zegama,341
2014-08-20,Arrasate,339
2014-08-20,Berastegi,322
2014-08-20,Bidania,327
2014-08-20,Miramon,51
2014-08-20,Zegama,305
2014-08-21,Arrasate,339
2014-08-21,Berastegi,341
2014-08-21,Bidania,360
2014-08-21,Miramon,171
2014-08-21,Zegama,346
2014-08-22,Arrasate,335
2014-08-22,Berastegi,327
2014-08-22,Bidania,338
2014-08-22,Miramon,178
2014-08-22,Zegama,266
2014-08-23,Arrasate,353
2014-08-23,Berastegi,344
2014-08-23,Bidania,332
2014-08-23,Miramon,204
2014-08-23,Zegama,29
2014-08-24,Arrasate,338
2014-08-24,Berastegi,322
2014-08-24,Bidania,308
2014-08-24,Miramon,192
2014-08-24,Zegama,340
2014-08-25,Arrasate,2
2014-08-25,Berastegi,306
2014-08-25,Bidania,188
2014-08-25,Miramon,196
2014-08-25,Zegama,124
2014-08-26,Arrasate,342
2014-08-26,Berastegi,340
2014-08-26,Bidania,310
2014-08-26,Miramon,223
2014-08-26,Zegama,337
2014-08-27,Arrasate,14
2014-08-27,Berastegi,330
2014-08-27,Bidania,15
2014-08-27,Miramon,321
2014-08-27,Zegama,306
2014-08-28,Arrasate,347
2014-08-28,Berastegi,333
2014-08-28,Bidania,317
2014-08-28,Miramon,307
2014-08-28,Zegama,347
2014-08-29,Arrasate,356
2014-08-29,Berastegi,334
2014-08-29,Bidania,311
2014-08-29,Miramon,283
2014-08-29,Zegama,323
2014-08-30,Arrasate,3
2014-08-30,Berastegi,320
2014-08-30,Bidania,326
2014-08-30,Miramon,49
2014-08-30,Zegama,305
2014-08-31,Arrasate,352
2014-08-31,Berastegi,323
2014-08-31,Bidania,16
2014-08-31,Miramon,351
2014-08-31,Zegama,320
2014-09-01,Arrasate,355
2014-09-01,Berastegi,321
2014-09-01,Bidania,53
2014-09-01,Miramon,342
2014-09-01,Zegama,320
2014-09-02,Arrasate,338
2014-09-02,Berastegi,311
2014-09-02,Bidania,109
2014-09-02,Miramon,196
2014-09-02,Zegama,340
2014-09-03,Arrasate,335
2014-09-03,Berastegi,320
2014-09-03,Bidania,324
2014-09-03,Miramon,225
2014-09-03,Zegama,307
2014-09-04,Arrasate,329
2014-09-04,Berastegi,321
2014-09-04,Bidania,312
2014-09-04,Miramon,217
2014-09-04,Zegama,352
2014-09-05,Arrasate,335
2014-09-05,Berastegi,324
2014-09-05,Bidania,311
2014-09-05,Miramon,219
2014-09-05,Zegama,333
2014-09-06,Arrasate,288
2014-09-06,Berastegi,110
2014-09-06,Bidania,116
2014-09-06,Miramon,273
2014-09-06,Zegama,174
2014-09-07,Arrasate,286
2014-09-07,Berastegi,144
2014-09-07,Bidania,139
2014-09-07,Miramon,208
2014-09-07,Zegama,150
2014-09-08,Arrasate,38
2014-09-08,Berastegi,305
2014-09-08,Bidania,111
2014-09-08,Miramon,111
2014-09-08,Zegama,213
2014-09-09,Arrasate,11
2014-09-09,Berastegi,330
2014-09-09,Bidania,129
2014-09-09,Miramon,294
2014-09-09,Zegama,270
2014-09-10,Arrasate,54
2014-09-10,Berastegi,332
2014-09-10,Bidania,133
2014-09-10,Miramon,180
2014-09-10,Zegama,302
2014-09-11,Arrasate,339
2014-09-11,Berastegi,321
2014-09-11,Bidania,321
2014-09-11,Miramon,288
2014-09-11,Zegama,295
2014-09-12,Arrasate,332
2014-09-12,Berastegi,315
2014-09-12,Bidania,312
2014-09-12,Miramon,252
2014-09-12,Zegama,322
2014-09-13,Arrasate,321
2014-09-13,Berastegi,324
2014-09-13,Bidania,308
2014-09-13,Miramon,200
2014-09-13,Zegama,316
2014-09-14,Arrasate,357
2014-09-14,Berastegi,142
2014-09-14,Bidania,136
2014-09-14,Miramon,186
2014-09-14,Zegama,145
2014-09-15,Arrasate,222
2014-09-15,Berastegi,146
2014-09-15,Bidania,128
2014-09-15,Miramon,183
2014-09-15,Zegama,144
2014-09-16,Arrasate,143
2014-09-16,Berastegi,149
2014-09-16,Bidania,136
2014-09-16,Miramon,162
2014-09-16,Zegama,141
2014-09-17,Arrasate,160
2014-09-17,Berastegi,152
2014-09-17,Bidania,143
2014-09-17,Zegama,142
2014-09-18,Arrasate,181
2014-09-18,Berastegi,150
2014-09-18,Bidania,151
2014-09-18,Miramon,206
2014-09-18,Zegama,151
2014-09-19,Arrasate,174
2014-09-19,Berastegi,152
2014-09-19,Bidania,158
2014-09-19,Miramon,218
2014-09-19,Zegama,153
2014-09-20,Arrasate,239
2014-09-20,Berastegi,144
2014-09-20,Bidania,152
2014-09-20,Miramon,229
2014-09-20,Zegama,148
2014-09-21,Arrasate,343
2014-09-21,Berastegi,330
2014-09-21,Bidania,332
2014-09-21,Miramon,262
2014-09-21,Zegama,329
2014-09-22,Arrasate,58
2014-09-22,Berastegi,323
2014-09-22,Bidania,338
2014-09-22,Miramon,332
2014-09-22,Zegama,284
2014-09-23,Arrasate,318
2014-09-23,Berastegi,325
2014-09-23,Bidania,313
2014-09-23,Miramon,315
2014-09-23,Zegama,309
2014-09-24,Arrasate,321
2014-09-24,Berastegi,332
2014-09-24,Bidania,317
2014-09-24,Miramon,296
2014-09-24,Zegama,323
2014-09-25,Arrasate,339
2014-09-25,Berastegi,319
2014-09-25,Bidania,318
2014-09-25,Miramon,251
2014-09-25,Zegama,321
2014-09-26,Arrasate,333
2014-09-26,Berastegi,331
2014-09-26,Bidania,2
2014-09-26,Miramon,235
2014-09-26,Zegama,334
2014-09-27,Arrasate,153
2014-09-27,Berastegi,138
2014-09-27,Bidania,142
2014-09-27,Miramon,208
2014-09-27,Zegama,130
2014-09-28,Arrasate,146
2014-09-28,Berastegi,147
2014-09-28,Bidania,140
2014-09-28,Miramon,219
2014-09-28,Zegama,134
2014-09-29,Arrasate,6
2014-09-29,Berastegi,327
2014-09-29,Bidania,334
2014-09-29,Miramon,308
2014-09-29,Zegama,321
2014-09-30,Arrasate,86
2014-09-30,Berastegi,322
2014-09-30,Miramon,341
2014-09-30,Zegama,211
2014-10-01,Arrasate,10
2014-10-01,Berastegi,334
2014-10-01,Bidania,336
2014-10-01,Miramon,316
2014-10-01,Zegama,329
2014-10-02,Arrasate,345
2014-10-02,Berastegi,315
2014-10-02,Bidania,337
2014-10-02,Miramon,276
2014-10-02,Zegama,317
2014-10-03,Arrasate,292
2014-10-03,Berastegi,322
2014-10-03,Bidania,291
2014-10-03,Miramon,232
2014-10-03,Zegama,161
2014-10-04,Arrasate,329
2014-10-04,Berastegi,336
2014-10-04,Bidania,310
2014-10-04,Miramon,292
2014-10-04,Zegama,10
2014-10-05,Arrasate,39
2014-10-05,Berastegi,327
2014-10-05,Bidania,337
2014-10-05,Miramon,167
2014-10-05,Zegama,263
2014-10-06,Arrasate,207
2014-10-06,Berastegi,148
2014-10-06,Bidania,159
2014-10-06,Miramon,228
2014-10-06,Zegama,166
2014-10-07,Arrasate,207
2014-10-07,Berastegi,155
2014-10-07,Bidania,210
2014-10-07,Miramon,247
2014-10-07,Zegama,133
2014-10-08,Arrasate,195
2014-10-08,Berastegi,143
2014-10-08,Bidania,156
2014-10-08,Miramon,226
2014-10-08,Zegama,136
2014-10-09,Arrasate,339
2014-10-09,Berastegi,84
2014-10-09,Miramon,317
2014-10-09,Zegama,128
2014-10-10,Arrasate,348
2014-10-10,Berastegi,316
2014-10-10,Bidania,319
2014-10-10,Miramon,244
2014-10-10,Zegama,317
2014-10-11,Arrasate,146
2014-10-11,Berastegi,147
2014-10-11,Bidania,133
2014-10-11,Miramon,222
2014-10-11,Zegama,151
2014-10-12,Arrasate,192
2014-10-12,Berastegi,153
2014-10-12,Bidania,153
2014-10-12,Miramon,206
2014-10-12,Zegama,142
2014-10-13,Arrasate,189
2014-10-13,Berastegi,136
2014-10-13,Bidania,148
2014-10-13,Miramon,239
2014-10-13,Zegama,153
2014-10-14,Arrasate,219
2014-10-14,Berastegi,100
2014-10-14,Bidania,154
2014-10-14,Miramon,245
2014-10-14,Zegama,153
2014-10-15,Arrasate,214
2014-10-15,Berastegi,138
2014-10-15,Bidania,160
2014-10-15,Miramon,218
2014-10-15,Zegama,210
2014-10-16,Arrasate,218
2014-10-16,Berastegi,143
2014-10-16,Bidania,175
2014-10-16,Miramon,235
2014-10-16,Zegama,143
2014-10-17,Arrasate,183
2014-10-17,Berastegi,145
2014-10-17,Bidania,157
2014-10-17,Miramon,212
2014-10-17,Zegama,144
2014-10-18,Arrasate,168
2014-10-18,Berastegi,147
2014-10-18,Bidania,149
2014-10-18,Miramon,217
2014-10-18,Zegama,138
2014-10-19,Arrasate,180
2014-10-19,Berastegi,149
2014-10-19,Bidania,145
2014-10-19,Miramon,274
2014-10-19,Zegama,142
2014-10-20,Arrasate,249
2014-10-20,Berastegi,148
2014-10-20,Bidania,133
2014-10-20,Miramon,268
2014-10-20,Zegama,141
2014-10-21,Arrasate,315
2014-10-21,Berastegi,332
2014-10-21,Bidania,311
2014-10-21,Miramon,311
2014-10-21,Zegama,316
2014-10-22,Arrasate,344
2014-10-22,Berastegi,336
2014-10-22,Bidania,329
2014-10-22,Miramon,65
2014-10-22,Zegama,330
2014-10-23,Arrasate,297
2014-10-23,Berastegi,230
2014-10-23,Bidania,303
2014-10-23,Miramon,218
2014-10-23,Zegama,132
2014-10-24,Arrasate,206
2014-10-24,Berastegi,210
2014-10-24,Bidania,319
2014-10-24,Miramon,219
2014-10-24,Zegama,132
2014-10-25,Arrasate,329
2014-10-25,Berastegi,319
2014-10-25,Bidania,320
2014-10-25,Miramon,233
2014-10-25,Zegama,178
2014-10-26,Arrasate,207
2014-10-26,Berastegi,305
2014-10-26,Bidania,161
2014-10-26,Miramon,224
2014-10-26,Zegama,139
2014-10-27,Arrasate,232
2014-10-27,Berastegi,150
2014-10-27,Bidania,139
2014-10-27,Miramon,224
2014-10-27,Zegama,132
2014-10-28,Arrasate,244
2014-10-28,Berastegi,154
2014-10-28,Bidania,141
2014-10-28,Miramon,224
2014-10-28,Zegama,136
2014-10-29,Arrasate,229
2014-10-29,Berastegi,159
2014-10-29,Bidania,134
2014-10-29,Miramon,225
2014-10-29,Zegama,141
2014-10-30,Arrasate,186
2014-10-30,Berastegi,271
2014-10-30,Bidania,142
2014-10-30,Miramon,224
2014-10-30,Zegama,138
2014-10-31,Arrasate,243
2014-10-31,Berastegi,142
2014-10-31,Bidania,131
2014-10-31,Miramon,232
2014-10-31,Zegama,122
2014-11-01,Arrasate,239
2014-11-01,Berastegi,144
2014-11-01,Bidania,139
2014-11-01,Miramon,253
2014-11-01,Zegama,137
2014-11-02,Arrasate,235
2014-11-02,Berastegi,147
2014-11-02,Bidania,149
2014-11-02,Miramon,232
2014-11-02,Zegama,151
2014-11-03,Arrasate,220
2014-11-03,Berastegi,149
2014-11-03,Bidania,162
2014-11-03,Miramon,237
2014-11-03,Zegama,162
2014-11-04,Arrasate,271
2014-11-04,Berastegi,292
2014-11-04,Bidania,299
2014-11-04,Miramon,247
2014-11-04,Zegama,306
2014-11-05,Arrasate,256
2014-11-05,Berastegi,150
2014-11-05,Bidania,91
2014-11-05,Miramon,229
2014-11-05,Zegama,231
2014-11-06,Arrasate,233
2014-11-06,Berastegi,161
2014-11-06,Bidania,91
2014-11-06,Miramon,224
2014-11-06,Zegama,229
2014-11-07,Arrasate,238
2014-11-07,Berastegi,161
2014-11-07,Bidania,272
2014-11-07,Miramon,251
2014-11-07,Zegama,208
2014-11-08,Arrasate,210
2014-11-08,Berastegi,141
2014-11-08,Bidania,155
2014-11-08,Miramon,229
2014-11-08,Zegama,150
2014-11-09,Arrasate,321
2014-11-09,Berastegi,308
2014-11-09,Bidania,300
2014-11-09,Miramon,274
2014-11-09,Zegama,53
2014-11-10,Arrasate,208
2014-11-10,Berastegi,153
2014-11-10,Bidania,156
2014-11-10,Miramon,216
2014-11-10,Zegama,151
2014-11-11,Arrasate,157
2014-11-11,Berastegi,147
2014-11-11,Bidania,155
2014-11-11,Miramon,202
2014-11-11,Zegama,135
2014-11-12,Arrasate,209
2014-11-12,Berastegi,180
2014-11-12,Bidania,213
2014-11-12,Miramon,242
2014-11-12,Zegama,172
2014-11-13,Arrasate,171
2014-11-13,Berastegi,141
2014-11-13,Bidania,154
2014-11-13,Miramon,203
2014-11-13,Zegama,141
2014-11-14,Arrasate,208
2014-11-14,Berastegi,158
2014-11-14,Bidania,172
2014-11-14,Miramon,237
2014-11-14,Zegama,153
2014-11-15,Arrasate,200
2014-11-15,Berastegi,169
2014-11-15,Bidania,216
2014-11-15,Miramon,244
2014-11-15,Zegama,152
2014-11-16,Arrasate,207
2014-11-16,Berastegi,172
2014-11-16,Bidania,249
2014-11-16,Miramon,271
2014-11-16,Zegama,136
2014-11-17,Arrasate,235
2014-11-17,Berastegi,299
2014-11-17,Bidania,283
2014-11-17,Miramon,267
2014-11-17,Zegama,297
2014-11-18,Arrasate,215
2014-11-18,Berastegi,149
2014-11-18,Bidania,150
2014-11-18,Miramon,227
2014-11-18,Zegama,187
2014-11-19,Arrasate,216
2014-11-19,Berastegi,150
2014-11-19,Bidania,144
2014-11-19,Miramon,226
2014-11-19,Zegama,153
2014-11-20,Arrasate,154
2014-11-20,Berastegi,155
2014-11-20,Bidania,146
2014-11-20,Miramon,210
2014-11-20,Zegama,133
2014-11-21,Arrasate,186
2014-11-21,Berastegi,156
2014-11-21,Bidania,148
2014-11-21,Miramon,214
2014-11-21,Zegama,129
2014-11-22,Arrasate,175
2014-11-22,Berastegi,145
2014-11-22,Bidania,142
2014-11-22,Miramon,224
2014-11-22,Zegama,135
2014-11-23,Arrasate,149
2014-11-23,Berastegi,156
2014-11-23,Bidania,154
2014-11-23,Miramon,220
2014-11-23,Zegama,132
2014-11-24,Arrasate,100
2014-11-24,Berastegi,340
2014-11-24,Bidania,328
2014-11-24,Miramon,311
2014-11-24,Zegama,322
2014-11-25,Arrasate,112
2014-11-25,Berastegi,335
2014-11-25,Miramon,289
2014-11-25,Zegama,290
2014-11-26,Arrasate,73
2014-11-26,Berastegi,339
2014-11-26,Miramon,294
2014-11-26,Zegama,325
2014-11-27,Arrasate,149
2014-11-27,Berastegi,158
2014-11-27,Bidania,150
2014-11-27,Miramon,198
2014-11-27,Zegama,134
2014-11-28,Arrasate,141
2014-11-28,Berastegi,170
2014-11-28,Bidania,141
2014-11-28,Miramon,184
2014-11-28,Zegama,132
2014-11-29,Arrasate,77
2014-11-29,Berastegi,147
2014-11-29,Bidania,104
2014-11-29,Miramon,235
2014-11-29,Zegama,175
2014-11-30,Arrasate,335
2014-11-30,Berastegi,319
2014-11-30,Miramon,49
2014-11-30,Zegama,313
2014-12-01,Arrasate,321
2014-12-01,Berastegi,332
2014-12-01,Bidania,323
2014-12-01,Miramon,24
2014-12-01,Zegama,322
2014-12-02,Arrasate,348
2014-12-02,Berastegi,336
2014-12-02,Bidania,339
2014-12-02,Miramon,74
2014-12-02,Zegama,321
2014-12-03,Arrasate,35
2014-12-03,Berastegi,342
2014-12-03,Bidania,345
2014-12-03,Miramon,78
2014-12-03,Zegama,310
2014-12-04,Arrasate,13
2014-12-04,Berastegi,338
2014-12-04,Bidania,324
2014-12-04,Miramon,232
2014-12-04,Zegama,142
2014-12-05,Arrasate,301
2014-12-05,Berastegi,339
2014-12-05,Bidania,319
2014-12-05,Miramon,269
2014-12-05,Zegama,317
2014-12-06,Arrasate,331
2014-12-06,Berastegi,341
2014-12-06,Bidania,340
2014-12-06,Miramon,213
2014-12-06,Zegama,307
2014-12-07,Arrasate,298
2014-12-07,Berastegi,326
2014-12-07,Bidania,321
2014-12-07,Miramon,231
2014-12-07,Zegama,313
2014-12-08,Arrasate,302
2014-12-08,Berastegi,328
2014-12-08,Miramon,335
2014-12-08,Zegama,315
2014-12-09,Arrasate,347
2014-12-09,Berastegi,322
2014-12-09,Bidania,344
2014-12-09,Miramon,122
2014-12-09,Zegama,317
2014-12-10,Arrasate,341
2014-12-10,Berastegi,332
2014-12-10,Bidania,315
2014-12-10,Miramon,236
2014-12-10,Zegama,273
2014-12-11,Arrasate,302
2014-12-11,Berastegi,334
2014-12-11,Miramon,266
2014-12-11,Zegama,326
2014-12-12,Arrasate,225
2014-12-12,Berastegi,144
2014-12-12,Bidania,157
2014-12-12,Miramon,224
2014-12-12,Zegama,187
2014-12-13,Arrasate,181
2014-12-13,Berastegi,154
2014-12-13,Bidania,146
2014-12-13,Miramon,211
2014-12-13,Zegama,137
2014-12-14,Arrasate,314
2014-12-14,Berastegi,87
2014-12-14,Bidania,339
2014-12-14,Miramon,242
2014-12-14,Zegama,148
2014-12-15,Arrasate,338
2014-12-15,Berastegi,326
2014-12-15,Bidania,317
2014-12-15,Miramon,258
2014-12-15,Zegama,314
2014-12-16,Arrasate,302
2014-12-16,Berastegi,325
2014-12-16,Miramon,335
2014-12-16,Zegama,322
2014-12-17,Arrasate,308
2014-12-17,Berastegi,333
2014-12-17,Miramon,321
2014-12-17,Zegama,327
2014-12-18,Arrasate,359
2014-12-18,Berastegi,310
2014-12-18,Bidania,313
2014-12-18,Miramon,259
2014-12-18,Zegama,333
2014-12-19,Arrasate,1
2014-12-19,Berastegi,317
2014-12-19,Bidania,313
2014-12-19,Miramon,238
2014-12-19,Zegama,288
2014-12-20,Arrasate,350
2014-12-20,Berastegi,350
2014-12-20,Miramon,228
2014-12-20,Zegama,323
2014-12-21,Arrasate,20
2014-12-21,Berastegi,284
2014-12-21,Bidania,336
2014-12-21,Miramon,221
2014-12-21,Zegama,286
2014-12-22,Arrasate,149
2014-12-22,Berastegi,161
2014-12-22,Bidania,138
2014-12-22,Miramon,220
2014-12-22,Zegama,143
2014-12-23,Arrasate,173
2014-12-23,Berastegi,151
2014-12-23,Bidania,136
2014-12-23,Miramon,224
2014-12-23,Zegama,136
2014-12-24,Arrasate,231
2014-12-24,Berastegi,196
2014-12-24,Bidania,298
2014-12-24,Miramon,226
2014-12-24,Zegama,136
2014-12-25,Arrasate,339
2014-12-25,Berastegi,326
2014-12-25,Miramon,251
2014-12-25,Zegama,321
2014-12-26,Arrasate,164
2014-12-26,Berastegi,335
2014-12-26,Bidania,314
2014-12-26,Miramon,245
2014-12-26,Zegama,293
2014-12-27,Arrasate,292
2014-12-27,Berastegi,305
2014-12-27,Bidania,301
2014-12-27,Miramon,320
2014-12-27,Zegama,303
2014-12-28,Arrasate,328
2014-12-28,Berastegi,316
2014-12-28,Bidania,327
2014-12-28,Miramon,30
2014-12-28,Zegama,316
2014-12-29,Arrasate,356
2014-12-29,Berastegi,314
2014-12-29,Bidania,321
2014-12-29,Miramon,152
2014-12-29,Zegama,325
2014-12-30,Arrasate,331
2014-12-30,Berastegi,131
2014-12-30,Bidania,65
2014-12-30,Miramon,198
2014-12-30,Zegama,311
2014-12-31,Arrasate,192
2014-12-31,Berastegi,177
2014-12-31,Bidania,331
2014-12-31,Miramon,218
2014-12-31,Zegama,164
2015-01-01,Arrasate,204
2015-01-01,Berastegi,166
2015-01-01,Bidania,355
2015-01-01,Miramon,223
2015-01-01,Zegama,140
2015-01-02,Arrasate,231
2015-01-02,Berastegi,170
2015-01-02,Bidania,322
2015-01-02,Miramon,226
2015-01-02,Zegama,140
2015-01-03,Arrasate,195
2015-01-03,Berastegi,267
2015-01-03,Bidania,317
2015-01-03,Miramon,238
2015-01-03,Zegama,170
2015-01-04,Arrasate,199
2015-01-04,Berastegi,330
2015-01-04,Miramon,231
2015-01-04,Zegama,298
2015-01-05,Arrasate,206
2015-01-05,Berastegi,161
2015-01-05,Bidania,141
2015-01-05,Miramon,221
2015-01-05,Zegama,139
2015-01-06,Arrasate,358
2015-01-06,Berastegi,220
2015-01-06,Bidania,325
2015-01-06,Miramon,235
2015-01-06,Zegama,21
2015-01-07,Arrasate,232
2015-01-07,Berastegi,332
2015-01-07,Bidania,292
2015-01-07,Miramon,225
2015-01-07,Zegama,146
2015-01-08,Arrasate,244
2015-01-08,Berastegi,201
2015-01-08,Bidania,323
2015-01-08,Miramon,230
2015-01-08,Zegama,136
2015-01-09,Arrasate,204
2015-01-09,Berastegi,205
2015-01-09,Bidania,301
2015-01-09,Miramon,227
2015-01-09,Zegama,141
2015-01-10,Arrasate,280
2015-01-10,Berastegi,341
2015-01-10,Bidania,325
2015-01-10,Miramon,229
2015-01-10,Zegama,144
2015-01-11,Arrasate,353
2015-01-11,Berastegi,330
2015-01-11,Bidania,335
2015-01-11,Miramon,205
2015-01-11,Zegama,321
2015-01-12,Arrasate,236
2015-01-12,Berastegi,138
2015-01-12,Bidania,157
2015-01-12,Miramon,229
2015-01-12,Zegama,152
2015-01-13,Arrasate,237
2015-01-13,Berastegi,136
2015-01-13,Bidania,176
2015-01-13,Miramon,239
2015-01-13,Zegama,156
2015-01-14,Arrasate,209
2015-01-14,Berastegi,156
2015-01-14,Bidania,181
2015-01-14,Miramon,231
2015-01-14,Zegama,177
2015-01-15,Arrasate,193
2015-01-15,Berastegi,150
2015-01-15,Bidania,161
2015-01-15,Miramon,229
2015-01-15,Zegama,155
2015-01-16,Arrasate,232
2015-01-16,Berastegi,302
2015-01-16,Bidania,302
2015-01-16,Miramon,288
2015-01-16,Zegama,301
2015-01-17,Arrasate,247
2015-01-17,Berastegi,114
2015-01-17,Bidania,266
2015-01-17,Miramon,256
2015-01-17,Zegama,127
2015-01-18,Arrasate,190
2015-01-18,Berastegi,146
2015-01-18,Bidania,163
2015-01-18,Miramon,218
2015-01-18,Zegama,144
2015-01-19,Arrasate,320
2015-01-19,Berastegi,330
2015-01-19,Bidania,320
2015-01-19,Miramon,345
2015-01-19,Zegama,315
2015-01-20,Arrasate,154
2015-01-20,Berastegi,22
2015-01-20,Bidania,88
2015-01-20,Miramon,223
2015-01-20,Zegama,155
2015-01-21,Arrasate,254
2015-01-21,Berastegi,272
2015-01-21,Bidania,290
2015-01-21,Miramon,259
2015-01-21,Zegama,241
2015-01-22,Arrasate,322
2015-01-22,Berastegi,353
2015-01-22,Bidania,335
2015-01-22,Miramon,283
2015-01-22,Zegama,300
2015-01-23,Arrasate,347
2015-01-23,Berastegi,328
2015-01-23,Bidania,326
2015-01-23,Miramon,193
2015-01-23,Zegama,315
2015-01-24,Arrasate,6
2015-01-24,Berastegi,343
2015-01-24,Bidania,339
2015-01-24,Miramon,237
2015-01-24,Zegama,335
2015-01-25,Arrasate,2
2015-01-25,Berastegi,309
2015-01-25,Bidania,337
2015-01-25,Miramon,85
2015-01-25,Zegama,321
2015-01-26,Arrasate,106
2015-01-26,Berastegi,322
2015-01-26,Bidania,320
2015-01-26,Miramon,231
2015-01-26,Zegama,327
2015-01-27,Arrasate,324
2015-01-27,Berastegi,336
2015-01-27,Miramon,8
2015-01-27,Zegama,321
2015-01-28,Arrasate,194
2015-01-28,Berastegi,332
2015-01-28,Miramon,257
2015-01-28,Zegama,304
2015-01-29,Arrasate,261
2015-01-29,Berastegi,317
2015-01-29,Bidania,287
2015-01-29,Miramon,307
2015-01-29,Zegama,156
2015-01-30,Arrasate,308
2015-01-30,Berastegi,313
2015-01-30,Miramon,331
2015-01-30,Zegama,321
2015-01-31,Arrasate,303
2015-01-31,Berastegi,301
2015-01-31,Miramon,335
2015-01-31,Zegama,313
2015-02-01,Arrasate,288
2015-02-01,Berastegi,323
2015-02-01,Miramon,353
2015-02-01,Zegama,316
2015-02-02,Arrasate,232
2015-02-02,Berastegi,143
2015-02-02,Bidania,152
2015-02-02,Miramon,226
2015-02-02,Zegama,204
2015-02-03,Arrasate,333
2015-02-03,Berastegi,322
2015-02-03,Miramon,116
2015-02-03,Zegama,304
2015-02-04,Arrasate,352
2015-02-04,Berastegi,292
2015-02-04,Bidania,331
2015-02-04,Miramon,79
2015-02-04,Zegama,312
2015-02-05,Arrasate,351
2015-02-05,Berastegi,295
2015-02-05,Miramon,79
2015-02-05,Zegama,320
2015-02-06,Arrasate,15
2015-02-06,Berastegi,303
2015-02-06,Bidania,354
2015-02-06,Miramon,129
2015-02-06,Zegama,316
2015-02-07,Arrasate,80
2015-02-07,Berastegi,328
2015-02-07,Bidania,350
2015-02-07,Miramon,150
2015-02-07,Zegama,303
2015-02-08,Arrasate,335
2015-02-08,Berastegi,328
2015-02-08,Bidania,325
2015-02-08,Miramon,20
2015-02-08,Zegama,312
2015-02-09,Arrasate,2
2015-02-09,Berastegi,279
2015-02-09,Bidania,14
2015-02-09,Miramon,105
2015-02-09,Zegama,315
2015-02-10,Arrasate,187
2015-02-10,Berastegi,125
2015-02-10,Bidania,144
2015-02-10,Miramon,205
2015-02-10,Zegama,143
2015-02-11,Arrasate,210
2015-02-11,Berastegi,146
2015-02-11,Bidania,155
2015-02-11,Miramon,221
2015-02-11,Zegama,130
2015-02-12,Arrasate,214
2015-02-12,Berastegi,137
2015-02-12,Bidania,156
2015-02-12,Miramon,218
2015-02-12,Zegama,142
2015-02-13,Arrasate,214
2015-02-13,Berastegi,158
2015-02-13,Bidania,191
2015-02-13,Miramon,247
2015-02-13,Zegama,187
2015-02-14,Arrasate,287
2015-02-14,Berastegi,160
2015-02-14,Bidania,251
2015-02-14,Miramon,254
2015-02-14,Zegama,191
2015-02-15,Arrasate,327
2015-02-15,Berastegi,329
2015-02-15,Miramon,321
2015-02-15,Zegama,304
2015-02-16,Arrasate,302
2015-02-16,Berastegi,324
2015-02-16,Miramon,309
2015-02-16,Zegama,324
2015-02-17,Arrasate,325
2015-02-17,Berastegi,311
2015-02-17,Miramon,35
2015-02-17,Zegama,313
2015-02-18,Arrasate,349
2015-02-18,Berastegi,317
2015-02-18,Bidania,326
2015-02-18,Miramon,106
2015-02-18,Zegama,322
2015-02-19,Arrasate,182
2015-02-19,Berastegi,145
2015-02-19,Bidania,150
2015-02-19,Miramon,227
2015-02-19,Zegama,140
2015-02-20,Arrasate,226
2015-02-20,Berastegi,142
2015-02-20,Bidania,163
2015-02-20,Miramon,228
2015-02-20,Zegama,190
2015-02-21,Arrasate,300
2015-02-21,Berastegi,324
2015-02-21,Miramon,345
2015-02-21,Zegama,293
2015-02-22,Arrasate,310
2015-02-22,Berastegi,334
2015-02-22,Miramon,357
2015-02-22,Zegama,312
2015-02-23,Arrasate,310
2015-02-23,Berastegi,316
2015-02-23,Miramon,295
2015-02-23,Zegama,262
2015-02-24,Arrasate,303
2015-02-24,Berastegi,313
2015-02-24,Miramon,329
2015-02-24,Zegama,315
2015-02-25,Arrasate,305
2015-02-25,Berastegi,314
2015-02-25,Miramon,339
2015-02-25,Zegama,318
2015-02-26,Arrasate,302
2015-02-26,Berastegi,327
2015-02-26,Miramon,339
2015-02-26,Zegama,323
2015-02-27,Arrasate,320
2015-02-27,Berastegi,325
2015-02-27,Bidania,317
2015-02-27,Miramon,1
2015-02-27,Zegama,319
2015-02-28,Arrasate,284
2015-02-28,Berastegi,158
2015-02-28,Miramon,244
2015-02-28,Zegama,153
2015-03-01,Arrasate,219
2015-03-01,Berastegi,161
2015-03-01,Bidania,193
2015-03-01,Miramon,235
2015-03-01,Zegama,200
2015-03-02,Arrasate,323
2015-03-02,Berastegi,318
2015-03-02,Miramon,318
2015-03-02,Zegama,240
2015-03-03,Arrasate,36
2015-03-03,Berastegi,336
2015-03-03,Bidania,314
2015-03-03,Miramon,37
2015-03-03,Zegama,323
2015-03-04,Arrasate,333
2015-03-04,Berastegi,328
2015-03-04,Bidania,319
2015-03-04,Miramon,19
2015-03-04,Zegama,312
2015-03-05,Arrasate,0
2015-03-05,Berastegi,298
2015-03-05,Bidania,347
2015-03-05,Miramon,66
2015-03-05,Zegama,315
2015-03-06,Arrasate,184
2015-03-06,Berastegi,329
2015-03-06,Bidania,80
2015-03-06,Miramon,255
2015-03-06,Zegama,116
2015-03-07,Arrasate,203
2015-03-07,Berastegi,328
2015-03-07,Miramon,231
2015-03-07,Zegama,137
2015-03-08,Arrasate,339
2015-03-08,Berastegi,311
2015-03-08,Bidania,311
2015-03-08,Miramon,267
2015-03-08,Zegama,344
2015-03-09,Arrasate,324
2015-03-09,Berastegi,334
2015-03-09,Bidania,320
2015-03-09,Miramon,241
2015-03-09,Zegama,273
2015-03-10,Arrasate,282
2015-03-10,Berastegi,344
2015-03-10,Bidania,320
2015-03-10,Miramon,263
2015-03-10,Zegama,329
2015-03-11,Arrasate,357
2015-03-11,Berastegi,345
2015-03-11,Bidania,317
2015-03-11,Miramon,297
2015-03-11,Zegama,337
2015-03-12,Arrasate,354
2015-03-12,Berastegi,332
2015-03-12,Bidania,311
2015-03-12,Miramon,324
2015-03-12,Zegama,322
2015-03-13,Arrasate,305
2015-03-13,Berastegi,317
2015-03-13,Miramon,339
2015-03-13,Zegama,322
2015-03-14,Arrasate,305
2015-03-14,Berastegi,350
2015-03-14,Miramon,337
2015-03-14,Zegama,310
2015-03-15,Arrasate,266
2015-03-15,Berastegi,336
2015-03-15,Miramon,271
2015-03-15,Zegama,317
2015-03-16,Arrasate,94
2015-03-16,Berastegi,167
2015-03-16,Bidania,149
2015-03-16,Miramon,212
2015-03-16,Zegama,110
2015-03-17,Arrasate,154
2015-03-17,Berastegi,146
2015-03-17,Bidania,145
2015-03-17,Miramon,197
2015-03-17,Zegama,131
2015-03-18,Arrasate,23
2015-03-18,Berastegi,149
2015-03-18,Bidania,123
2015-03-18,Miramon,271
2015-03-18,Zegama,141
2015-03-19,Arrasate,356
2015-03-19,Berastegi,328
2015-03-19,Bidania,342
2015-03-19,Miramon,290
2015-03-19,Zegama,338
2015-03-20,Arrasate,2
2015-03-20,Berastegi,335
2015-03-20,Miramon,332
2015-03-20,Zegama,332
2015-03-21,Arrasate,16
2015-03-21,Berastegi,327
2015-03-21,Miramon,189
2015-03-21,Zegama,316
2015-03-22,Arrasate,344
2015-03-22,Berastegi,323
2015-03-22,Miramon,47
2015-03-22,Zegama,320
2015-03-23,Arrasate,124
2015-03-23,Berastegi,350
2015-03-23,Miramon,219
2015-03-23,Zegama,135
2015-03-24,Arrasate,329
2015-03-24,Berastegi,333
2015-03-24,Miramon,344
2015-03-24,Zegama,314
2015-03-25,Arrasate,326
2015-03-25,Berastegi,320
2015-03-25,Bidania,331
2015-03-25,Miramon,19
2015-03-25,Zegama,309
2015-03-26,Arrasate,299
2015-03-26,Berastegi,331
2015-03-26,Miramon,316
2015-03-26,Zegama,320
2015-03-27,Arrasate,309
2015-03-27,Berastegi,333
2015-03-27,Miramon,323
2015-03-27,Zegama,327
2015-03-28,Arrasate,347
2015-03-28,Berastegi,329
2015-03-28,Miramon,329
2015-03-28,Zegama,334
2015-03-29,Arrasate,349
2015-03-29,Berastegi,334
2015-03-29,Bidania,310
2015-03-29,Miramon,286
2015-03-29,Zegama,324
2015-03-30,Arrasate,345
2015-03-30,Berastegi,326
2015-03-30,Bidania,302
2015-03-30,Miramon,321
2015-03-30,Zegama,328
2015-03-31,Arrasate,330
2015-03-31,Berastegi,341
2015-03-31,Bidania,310
2015-03-31,Miramon,333
2015-03-31,Zegama,323
2015-04-01,Arrasate,346
2015-04-01,Berastegi,336
2015-04-01,Bidania,315
2015-04-01,Miramon,11
2015-04-01,Zegama,339
2015-04-02,Arrasate,329
2015-04-02,Berastegi,318
2015-04-02,Bidania,305
2015-04-02,Miramon,259
2015-04-02,Zegama,351
2015-04-03,Arrasate,330
2015-04-03,Berastegi,329
2015-04-03,Bidania,308
2015-04-03,Miramon,310
2015-04-03,Zegama,325
2015-04-04,Arrasate,345
2015-04-04,Berastegi,326
2015-04-04,Miramon,348
2015-04-04,Zegama,326
2015-04-05,Arrasate,8
2015-04-05,Berastegi,305
2015-04-05,Bidania,344
2015-04-05,Miramon,42
2015-04-05,Zegama,326
2015-04-06,Arrasate,358
2015-04-06,Berastegi,315
2015-04-06,Bidania,32
2015-04-06,Miramon,13
2015-04-06,Zegama,349
2015-04-07,Arrasate,98
2015-04-07,Berastegi,78
2015-04-07,Bidania,151
2015-04-07,Miramon,246
2015-04-07,Zegama,127
2015-04-08,Arrasate,148
2015-04-08,Berastegi,160
2015-04-08,Bidania,153
2015-04-08,Miramon,189
2015-04-08,Zegama,123
2015-04-09,Arrasate,151
2015-04-09,Berastegi,148
2015-04-09,Bidania,155
2015-04-09,Miramon,203
2015-04-09,Zegama,126
2015-04-10,Arrasate,167
2015-04-10,Berastegi,154
2015-04-10,Bidania,162
2015-04-10,Miramon,213
2015-04-10,Zegama,128
2015-04-11,Arrasate,356
2015-04-11,Berastegi,348
2015-04-11,Bidania,16
2015-04-11,Miramon,60
2015-04-11,Zegama,327
2015-04-12,Arrasate,162
2015-04-12,Berastegi,137
2015-04-12,Bidania,142
2015-04-12,Miramon,200
2015-04-12,Zegama,131
2015-04-13,Arrasate,140
2015-04-13,Berastegi,154
2015-04-13,Bidania,123
2015-04-13,Miramon,211
2015-04-13,Zegama,133
2015-04-14,Arrasate,152
2015-04-14,Berastegi,145
2015-04-14,Bidania,127
2015-04-14,Miramon,186
2015-04-14,Zegama,140
2015-04-15,Arrasate,159
2015-04-15,Berastegi,154
2015-04-15,Bidania,153
2015-04-15,Miramon,232
2015-04-15,Zegama,137
2015-04-16,Arrasate,226
2015-04-16,Berastegi,143
2015-04-16,Bidania,150
2015-04-16,Miramon,327
2015-04-16,Zegama,141
2015-04-17,Arrasate,63
2015-04-17,Berastegi,336
2015-04-17,Miramon,43
2015-04-17,Zegama,296
2015-04-18,Arrasate,322
2015-04-18,Berastegi,168
2015-04-18,Miramon,279
2015-04-18,Zegama,214
2015-04-19,Arrasate,336
2015-04-19,Berastegi,328
2015-04-19,Bidania,314
2015-04-19,Miramon,304
2015-04-19,Zegama,346
2015-04-20,Arrasate,3
2015-04-20,Berastegi,342
2015-04-20,Bidania,99
2015-04-20,Miramon,281
2015-04-20,Zegama,294
2015-04-21,Arrasate,139
2015-04-21,Berastegi,150
2015-04-21,Bidania,128
2015-04-21,Miramon,212
2015-04-21,Zegama,128
2015-04-22,Arrasate,150
2015-04-22,Berastegi,156
2015-04-22,Bidania,160
2015-04-22,Miramon,223
2015-04-22,Zegama,131
2015-04-23,Arrasate,332
2015-04-23,Berastegi,332
2015-04-23,Bidania,320
2015-04-23,Miramon,10
2015-04-23,Zegama,313
2015-04-24,Arrasate,270
2015-04-24,Berastegi,142
2015-04-24,Bidania,141
2015-04-24,Miramon,244
2015-04-24,Zegama,140
2015-04-25,Arrasate,200
2015-04-25,Berastegi,177
2015-04-25,Bidania,173
2015-04-25,Miramon,233
2015-04-25,Zegama,148
2015-04-26,Arrasate,218
2015-04-26,Berastegi,137
2015-04-26,Bidania,173
2015-04-26,Miramon,261
2015-04-26,Zegama,163
2015-04-27,Arrasate,319
2015-04-27,Berastegi,327
2015-04-27,Miramon,336
2015-04-27,Zegama,320
2015-04-28,Arrasate,358
2015-04-28,Berastegi,322
2015-04-28,Bidania,324
2015-04-28,Miramon,14
2015-04-28,Zegama,325
2015-04-29,Arrasate,347
2015-04-29,Berastegi,318
2015-04-29,Bidania,307
2015-04-29,Miramon,272
2015-04-29,Zegama,8
2015-04-30,Arrasate,197
2015-04-30,Berastegi,180
2015-04-30,Bidania,183
2015-04-30,Miramon,222
2015-04-30,Zegama,177
2015-05-01,Arrasate,217
2015-05-01,Berastegi,187
2015-05-01,Bidania,194
2015-05-01,Miramon,261
2015-05-01,Zegama,208
2015-05-02,Arrasate,203
2015-05-02,Berastegi,145
2015-05-02,Bidania,153
2015-05-02,Miramon,220
2015-05-02,Zegama,166
2015-05-03,Arrasate,198
2015-05-03,Berastegi,170
2015-05-03,Bidania,181
2015-05-03,Miramon,274
2015-05-03,Zegama,153
2015-05-04,Arrasate,194
2015-05-04,Berastegi,157
2015-05-04,Bidania,157
2015-05-04,Miramon,223
2015-05-04,Zegama,123
2015-05-05,Arrasate,306
2015-05-05,Berastegi,316
2015-05-05,Bidania,242
2015-05-05,Miramon,329
2015-05-05,Zegama,50
2015-05-06,Arrasate,352
2015-05-06,Berastegi,338
2015-05-06,Bidania,316
2015-05-06,Miramon,17
2015-05-06,Zegama,346
2015-05-07,Arrasate,157
2015-05-07,Berastegi,149
2015-05-07,Bidania,151
2015-05-07,Miramon,206
2015-05-07,Zegama,133
2015-05-08,Arrasate,337
2015-05-08,Berastegi,346
2015-05-08,Bidania,170
2015-05-08,Miramon,20
2015-05-08,Zegama,132
2015-05-09,Arrasate,356
2015-05-09,Berastegi,331
2015-05-09,Bidania,335
2015-05-09,Miramon,75
2015-05-09,Zegama,324
2015-05-10,Arrasate,227
2015-05-10,Berastegi,136
2015-05-10,Bidania,148
2015-05-10,Miramon,226
2015-05-10,Zegama,133
2015-05-11,Arrasate,331
2015-05-11,Berastegi,8
2015-05-11,Bidania,127
2015-05-11,Miramon,23
2015-05-11,Zegama,122
2015-05-12,Arrasate,335
2015-05-12,Berastegi,339
2015-05-12,Bidania,129
2015-05-12,Miramon,360
2015-05-12,Zegama,121
2015-05-13,Arrasate,312
2015-05-13,Berastegi,120
2015-05-13,Bidania,150
2015-05-13,Miramon,356
2015-05-13,Zegama,175
2015-05-14,Arrasate,315
2015-05-14,Berastegi,329
2015-05-14,Bidania,306
2015-05-14,Miramon,323
2015-05-14,Zegama,315
2015-05-15,Arrasate,309
2015-05-15,Berastegi,324
2015-05-15,Bidania,308
2015-05-15,Miramon,341
2015-05-15,Zegama,323
2015-05-16,Arrasate,318
2015-05-16,Berastegi,332
2015-05-16,Bidania,309
2015-05-16,Miramon,349
2015-05-16,Zegama,319
2015-05-17,Arrasate,4
2015-05-17,Berastegi,323
2015-05-17,Bidania,311
2015-05-17,Miramon,15
2015-05-17,Zegama,336
2015-05-18,Arrasate,344
2015-05-18,Berastegi,338
2015-05-18,Bidania,306
2015-05-18,Miramon,332
2015-05-18,Zegama,355
2015-05-19,Arrasate,317
2015-05-19,Berastegi,329
2015-05-19,Bidania,310
2015-05-19,Miramon,339
2015-05-19,Zegama,315
2015-05-20,Arrasate,316
2015-05-20,Berastegi,330
2015-05-20,Bidania,310
2015-05-20,Miramon,333
2015-05-20,Zegama,313
2015-05-21,Arrasate,329
2015-05-21,Berastegi,328
2015-05-21,Bidania,315
2015-05-21,Miramon,355
2015-05-21,Zegama,312
2015-05-22,Arrasate,338
2015-05-22,Berastegi,322
2015-05-22,Bidania,315
2015-05-22,Miramon,356
2015-05-22,Zegama,331
2015-05-23,Arrasate,337
2015-05-23,Berastegi,327
2015-05-23,Bidania,309
2015-05-23,Miramon,349
2015-05-23,Zegama,344
2015-05-24,Arrasate,331
2015-05-24,Berastegi,327
2015-05-24,Miramon,353
2015-05-24,Zegama,329
2015-05-25,Arrasate,328
2015-05-25,Berastegi,333
2015-05-25,Bidania,310
2015-05-25,Miramon,347
2015-05-25,Zegama,319
2015-05-26,Arrasate,330
2015-05-26,Berastegi,330
2015-05-26,Miramon,345
2015-05-26,Zegama,323
2015-05-27,Arrasate,353
2015-05-27,Berastegi,308
2015-05-27,Bidania,337
2015-05-27,Miramon,355
2015-05-27,Zegama,327
2015-05-28,Arrasate,347
2015-05-28,Berastegi,330
2015-05-28,Bidania,320
2015-05-28,Miramon,351
2015-05-28,Zegama,336
2015-05-29,Arrasate,359
2015-05-29,Berastegi,332
2015-05-29,Bidania,309
2015-05-29,Miramon,1
2015-05-29,Zegama,322
2015-05-30,Arrasate,331
2015-05-30,Berastegi,323
2015-05-30,Bidania,319
2015-05-30,Miramon,268
2015-05-30,Zegama,353
2015-05-31,Arrasate,338
2015-05-31,Berastegi,332
2015-05-31,Bidania,305
2015-05-31,Miramon,284
2015-05-31,Zegama,346
2015-06-01,Arrasate,346
2015-06-01,Berastegi,338
2015-06-01,Bidania,309
2015-06-01,Miramon,7
2015-06-01,Zegama,350
2015-06-02,Arrasate,353
2015-06-02,Berastegi,329
2015-06-02,Bidania,315
2015-06-02,Miramon,19
2015-06-02,Zegama,331
2015-06-03,Arrasate,9
2015-06-03,Berastegi,328
2015-06-03,Miramon,46
2015-06-03,Zegama,329
2015-06-04,Arrasate,149
2015-06-04,Berastegi,138
2015-06-04,Bidania,129
2015-06-04,Miramon,223
2015-06-04,Zegama,122
2015-06-05,Arrasate,343
2015-06-05,Berastegi,339
2015-06-05,Bidania,310
2015-06-05,Miramon,304
2015-06-05,Zegama,80
2015-06-06,Arrasate,352
2015-06-06,Berastegi,339
2015-06-06,Bidania,320
2015-06-06,Miramon,18
2015-06-06,Zegama,337
2015-06-07,Arrasate,350
2015-06-07,Berastegi,334
2015-06-07,Bidania,318
2015-06-07,Miramon,341
2015-06-07,Zegama,335
2015-06-08,Arrasate,330
2015-06-08,Berastegi,328
2015-06-08,Bidania,308
2015-06-08,Miramon,327
2015-06-08,Zegama,337
2015-06-09,Arrasate,324
2015-06-09,Berastegi,326
2015-06-09,Bidania,313
2015-06-09,Miramon,315
2015-06-09,Zegama,342
2015-06-10,Arrasate,141
2015-06-10,Berastegi,149
2015-06-10,Miramon,209
2015-06-10,Zegama,149
2015-06-11,Arrasate,156
2015-06-11,Berastegi,144
2015-06-11,Bidania,143
2015-06-11,Miramon,258
2015-06-11,Zegama,143
2015-06-12,Arrasate,357
2015-06-12,Berastegi,333
2015-06-12,Bidania,327
2015-06-12,Miramon,36
2015-06-12,Zegama,331
2015-06-13,Arrasate,354
2015-06-13,Berastegi,337
2015-06-13,Miramon,311
2015-06-13,Zegama,345
2015-06-14,Arrasate,339
2015-06-14,Berastegi,330
2015-06-14,Bidania,312
2015-06-14,Miramon,323
2015-06-14,Zegama,348
2015-06-15,Arrasate,308
2015-06-15,Berastegi,329
2015-06-15,Miramon,316
2015-06-15,Zegama,313
2015-06-16,Arrasate,306
2015-06-16,Berastegi,330
2015-06-16,Miramon,327
2015-06-16,Zegama,315
2015-06-17,Arrasate,322
2015-06-17,Berastegi,332
2015-06-17,Bidania,309
2015-06-17,Miramon,329
2015-06-17,Zegama,335
2015-06-18,Arrasate,337
2015-06-18,Berastegi,328
2015-06-18,Bidania,310
2015-06-18,Miramon,337
2015-06-18,Zegama,342
2015-06-19,Arrasate,355
2015-06-19,Berastegi,327
2015-06-19,Miramon,319
2015-06-19,Zegama,332
2015-06-20,Arrasate,4
2015-06-20,Berastegi,330
2015-06-20,Bidania,336
2015-06-20,Miramon,352
2015-06-20,Zegama,335
2015-06-21,Arrasate,335
2015-06-21,Berastegi,314
2015-06-21,Bidania,315
2015-06-21,Miramon,305
2015-06-21,Zegama,336
2015-06-22,Arrasate,9
2015-06-22,Berastegi,316
2015-06-22,Bidania,304
2015-06-22,Miramon,328
2015-06-22,Zegama,328
2015-06-23,Arrasate,6
2015-06-23,Berastegi,316
2015-06-23,Bidania,325
2015-06-23,Miramon,15
2015-06-23,Zegama,332
2015-06-24,Arrasate,334
2015-06-24,Berastegi,314
2015-06-24,Bidania,311
2015-06-24,Miramon,347
2015-06-24,Zegama,330
2015-06-25,Arrasate,32
2015-06-25,Berastegi,323
2015-06-25,Bidania,143
2015-06-25,Miramon,245
2015-06-25,Zegama,67
2015-06-26,Arrasate,349
2015-06-26,Berastegi,327
2015-06-26,Bidania,306
2015-06-26,Miramon,326
2015-06-26,Zegama,343
2015-06-27,Arrasate,360
2015-06-27,Berastegi,314
2015-06-27,Bidania,317
2015-06-27,Miramon,9
2015-06-27,Zegama,322
2015-06-28,Arrasate,350
2015-06-28,Berastegi,330
2015-06-28,Bidania,310
2015-06-28,Miramon,338
2015-06-28,Zegama,335
2015-06-29,Arrasate,31
2015-06-29,Berastegi,334
2015-06-29,Bidania,291
2015-06-29,Miramon,29
2015-06-29,Zegama,328
2015-06-30,Arrasate,164
2015-06-30,Berastegi,126
2015-06-30,Bidania,122
2015-06-30,Miramon,296
2015-06-30,Zegama,135
2015-07-01,Arrasate,45
2015-07-01,Berastegi,319
2015-07-01,Bidania,200
2015-07-01,Miramon,3
2015-07-01,Zegama,116
2015-07-02,Arrasate,354
2015-07-02,Berastegi,336
2015-07-02,Bidania,326
2015-07-02,Miramon,326
2015-07-02,Zegama,336
2015-07-03,Arrasate,133
2015-07-03,Berastegi,151
2015-07-03,Bidania,140
2015-07-03,Miramon,246
2015-07-03,Zegama,131
2015-07-04,Arrasate,1
2015-07-04,Berastegi,320
2015-07-04,Bidania,309
2015-07-04,Miramon,32
2015-07-04,Zegama,331
2015-07-05,Arrasate,348
2015-07-05,Berastegi,334
2015-07-05,Bidania,319
2015-07-05,Miramon,2
2015-07-05,Zegama,332
2015-07-06,Arrasate,20
2015-07-06,Berastegi,337
2015-07-06,Bidania,346
2015-07-06,Miramon,350
2015-07-06,Zegama,342
2015-07-07,Arrasate,343
2015-07-07,Berastegi,325
2015-07-07,Bidania,308
2015-07-07,Miramon,348
2015-07-07,Zegama,355
2015-07-08,Arrasate,359
2015-07-08,Berastegi,334
2015-07-08,Bidania,314
2015-07-08,Miramon,6
2015-07-08,Zegama,332
2015-07-09,Arrasate,13
2015-07-09,Berastegi,310
2015-07-09,Bidania,350
2015-07-09,Miramon,62
2015-07-09,Zegama,321
2015-07-10,Arrasate,340
2015-07-10,Berastegi,68
2015-07-10,Bidania,267
2015-07-10,Miramon,311
2015-07-10,Zegama,197
2015-07-11,Arrasate,10
2015-07-11,Berastegi,331
2015-07-11,Bidania,322
2015-07-11,Miramon,338
2015-07-11,Zegama,328
2015-07-12,Arrasate,354
2015-07-12,Berastegi,323
2015-07-12,Bidania,354
2015-07-12,Miramon,50
2015-07-12,Zegama,340
2015-07-13,Arrasate,337
2015-07-13,Berastegi,320
2015-07-13,Bidania,306
2015-07-13,Miramon,29
2015-07-13,Zegama,335
2015-07-14,Arrasate,357
2015-07-14,Berastegi,327
2015-07-14,Bidania,316
2015-07-14,Miramon,39
2015-07-14,Zegama,322
2015-07-15,Arrasate,339
2015-07-15,Berastegi,322
2015-07-15,Bidania,318
2015-07-15,Miramon,350
2015-07-15,Zegama,327
2015-07-16,Arrasate,354
2015-07-16,Berastegi,345
2015-07-16,Bidania,112
2015-07-16,Miramon,349
2015-07-16,Zegama,118
2015-07-17,Arrasate,349
2015-07-17,Berastegi,311
2015-07-17,Bidania,312
2015-07-17,Miramon,0
2015-07-17,Zegama,324
2015-07-18,Arrasate,338
2015-07-18,Berastegi,119
2015-07-18,Bidania,149
2015-07-18,Miramon,325
2015-07-18,Zegama,118
2015-07-19,Arrasate,337
2015-07-19,Berastegi,311
2015-07-19,Bidania,307
2015-07-19,Miramon,30
2015-07-19,Zegama,335
2015-07-20,Arrasate,4
2015-07-20,Berastegi,310
2015-07-20,Bidania,342
2015-07-20,Miramon,2
2015-07-20,Zegama,327
2015-07-21,Arrasate,332
2015-07-21,Berastegi,328
2015-07-21,Bidania,311
2015-07-21,Miramon,310
2015-07-21,Zegama,344
2015-07-22,Arrasate,335
2015-07-22,Berastegi,333
2015-07-22,Miramon,316
2015-07-22,Zegama,340
2015-07-23,Arrasate,324
2015-07-23,Berastegi,315
2015-07-23,Bidania,317
2015-07-23,Miramon,54
2015-07-23,Zegama,325
2015-07-24,Arrasate,319
2015-07-24,Berastegi,332
2015-07-24,Bidania,310
2015-07-24,Miramon,331
2015-07-24,Zegama,330
2015-07-25,Arrasate,331
2015-07-25,Berastegi,329
2015-07-25,Bidania,310
2015-07-25,Miramon,321
2015-07-25,Zegama,319
2015-07-26,Arrasate,329
2015-07-26,Berastegi,339
2015-07-26,Bidania,312
2015-07-26,Miramon,275
2015-07-26,Zegama,39
2015-07-27,Arrasate,354
2015-07-27,Berastegi,331
2015-07-27,Bidania,311
2015-07-27,Miramon,296
2015-07-27,Zegama,328
2015-07-28,Arrasate,328
2015-07-28,Berastegi,337
2015-07-28,Bidania,319
2015-07-28,Miramon,265
2015-07-28,Zegama,4
2015-07-29,Arrasate,350
2015-07-29,Berastegi,334
2015-07-29,Bidania,340
2015-07-29,Miramon,211
2015-07-29,Zegama,340
2015-07-30,Arrasate,32
2015-07-30,Berastegi,301
2015-07-30,Bidania,350
2015-07-30,Miramon,114
2015-07-30,Zegama,298
2015-07-31,Arrasate,335
2015-07-31,Berastegi,326
2015-07-31,Bidania,306
2015-07-31,Miramon,316
2015-07-31,Zegama,322
2015-08-01,Arrasate,334
2015-08-01,Berastegi,332
2015-08-01,Bidania,326
2015-08-01,Miramon,291
2015-08-01,Zegama,313
2015-08-02,Arrasate,185
2015-08-02,Berastegi,139
2015-08-02,Bidania,141
2015-08-02,Miramon,225
2015-08-02,Zegama,129
2015-08-03,Arrasate,354
2015-08-03,Berastegi,331
2015-08-03,Bidania,316
2015-08-03,Miramon,337
2015-08-03,Zegama,331
2015-08-04,Arrasate,346
2015-08-04,Berastegi,330
2015-08-04,Bidania,353
2015-08-04,Miramon,50
2015-08-04,Zegama,321
2015-08-05,Arrasate,335
2015-08-05,Berastegi,150
2015-08-05,Bidania,258
2015-08-05,Miramon,303
2015-08-05,Zegama,95
2015-08-06,Arrasate,27
2015-08-06,Berastegi,321
2015-08-06,Bidania,308
2015-08-06,Miramon,21
2015-08-06,Zegama,335
2015-08-07,Arrasate,328
2015-08-07,Berastegi,332
2015-08-07,Bidania,309
2015-08-07,Miramon,319
2015-08-07,Zegama,322
2015-08-08,Arrasate,26
2015-08-08,Miramon,269
2015-08-08,Zegama,332
2015-08-09,Arrasate,2
2015-08-09,Berastegi,323
2015-08-09,Bidania,307
2015-08-09,Miramon,285
2015-08-09,Zegama,344
2015-08-10,Arrasate,12
2015-08-10,Berastegi,332
2015-08-10,Bidania,143
2015-08-10,Miramon,238
2015-08-10,Zegama,325
2015-08-11,Arrasate,342
2015-08-11,Berastegi,32
2015-08-11,Bidania,149
2015-08-11,Miramon,283
2015-08-11,Zegama,102
2015-08-12,Arrasate,5
2015-08-12,Berastegi,117
2015-08-12,Bidania,124
2015-08-12,Miramon,335
2015-08-12,Zegama,132
2015-08-13,Arrasate,256
2015-08-13,Berastegi,302
2015-08-13,Bidania,293
2015-08-13,Miramon,311
2015-08-13,Zegama,129
2015-08-14,Arrasate,330
2015-08-14,Berastegi,317
2015-08-14,Bidania,303
2015-08-14,Miramon,318
2015-08-14,Zegama,320
2015-08-15,Arrasate,359
2015-08-15,Berastegi,329
2015-08-15,Bidania,308
2015-08-15,Miramon,279
2015-08-15,Zegama,345
2015-08-16,Arrasate,349
2015-08-16,Berastegi,328
2015-08-16,Bidania,306
2015-08-16,Miramon,264
2015-08-16,Zegama,345
2015-08-17,Arrasate,348
2015-08-17,Berastegi,322
2015-08-17,Bidania,330
2015-08-17,Miramon,329
2015-08-17,Zegama,328
2015-08-18,Arrasate,343
2015-08-18,Berastegi,323
2015-08-18,Bidania,317
2015-08-18,Miramon,289
2015-08-18,Zegama,330
2015-08-19,Arrasate,324
2015-08-19,Berastegi,316
2015-08-19,Bidania,311
2015-08-19,Miramon,247
2015-08-19,Zegama,314
2015-08-20,Arrasate,307
2015-08-20,Berastegi,335
2015-08-20,Bidania,151
2015-08-20,Miramon,269
2015-08-20,Zegama,253
2015-08-21,Arrasate,360
2015-08-21,Berastegi,130
2015-08-21,Bidania,110
2015-08-21,Miramon,279
2015-08-21,Zegama,137
2015-08-22,Arrasate,137
2015-08-22,Berastegi,153
2015-08-22,Bidania,141
2015-08-22,Miramon,353
2015-08-22,Zegama,130
2015-08-23,Arrasate,224
2015-08-23,Berastegi,186
2015-08-23,Bidania,203
2015-08-23,Miramon,265
2015-08-23,Zegama,136
2015-08-24,Arrasate,325
2015-08-24,Berastegi,325
2015-08-24,Bidania,284
2015-08-24,Miramon,313
2015-08-24,Zegama,204
2015-08-25,Arrasate,243
2015-08-25,Berastegi,184
2015-08-25,Bidania,147
2015-08-25,Miramon,220
2015-08-25,Zegama,156
2015-08-26,Arrasate,191
2015-08-26,Berastegi,155
2015-08-26,Bidania,148
2015-08-26,Miramon,225
2015-08-26,Zegama,133
2015-08-27,Arrasate,213
2015-08-27,Berastegi,142
2015-08-27,Bidania,158
2015-08-27,Miramon,237
2015-08-27,Zegama,145
2015-08-28,Arrasate,299
2015-08-28,Berastegi,345
2015-08-28,Bidania,98
2015-08-28,Miramon,327
2015-08-28,Zegama,186
2015-08-29,Arrasate,162
2015-08-29,Berastegi,149
2015-08-29,Bidania,140
2015-08-29,Miramon,3
2015-08-29,Zegama,134
2015-08-30,Arrasate,159
2015-08-30,Berastegi,150
2015-08-30,Bidania,142
2015-08-30,Miramon,208
2015-08-30,Zegama,139
2015-08-31,Arrasate,321
2015-08-31,Berastegi,143
2015-08-31,Bidania,159
2015-08-31,Miramon,306
2015-08-31,Zegama,148
2015-09-01,Arrasate,331
2015-09-01,Berastegi,325
2015-09-01,Miramon,345
2015-09-01,Zegama,318
2015-09-02,Arrasate,357
2015-09-02,Berastegi,337
2015-09-02,Bidania,343
2015-09-02,Miramon,33
2015-09-02,Zegama,350
2015-09-03,Arrasate,345
2015-09-03,Berastegi,321
2015-09-03,Bidania,320
2015-09-03,Miramon,301
2015-09-03,Zegama,304
2015-09-04,Arrasate,332
2015-09-04,Berastegi,316
2015-09-04,Bidania,344
2015-09-04,Miramon,14
2015-09-04,Zegama,331
2015-09-05,Arrasate,345
2015-09-05,Berastegi,334
2015-09-05,Bidania,316
2015-09-05,Miramon,270
2015-09-05,Zegama,358
2015-09-06,Arrasate,344
2015-09-06,Berastegi,319
2015-09-06,Bidania,4
2015-09-06,Miramon,261
2015-09-06,Zegama,332
2015-09-07,Arrasate,355
2015-09-07,Berastegi,317
2015-09-07,Bidania,323
2015-09-07,Miramon,262
2015-09-07,Zegama,4
2015-09-08,Arrasate,310
2015-09-08,Berastegi,329
2015-09-08,Bidania,312
2015-09-08,Miramon,238
2015-09-08,Zegama,217
2015-09-09,Arrasate,26
2015-09-09,Berastegi,144
2015-09-09,Bidania,125
2015-09-09,Miramon,255
2015-09-09,Zegama,135
2015-09-10,Arrasate,23
2015-09-10,Berastegi,326
2015-09-10,Miramon,262
2015-09-10,Zegama,0
2015-09-11,Arrasate,144
2015-09-11,Berastegi,150
2015-09-11,Bidania,159
2015-09-11,Miramon,290
2015-09-11,Zegama,123
2015-09-12,Arrasate,10
2015-09-12,Berastegi,332
2015-09-12,Bidania,323
2015-09-12,Miramon,284
2015-09-12,Zegama,327
2015-09-13,Arrasate,202
2015-09-13,Berastegi,153
2015-09-13,Bidania,163
2015-09-13,Miramon,264
2015-09-13,Zegama,154
2015-09-14,Arrasate,344
2015-09-14,Berastegi,338
2015-09-14,Bidania,306
2015-09-14,Miramon,300
2015-09-14,Zegama,314
2015-09-15,Arrasate,182
2015-09-15,Berastegi,153
2015-09-15,Bidania,151
2015-09-15,Miramon,218
2015-09-15,Zegama,138
2015-09-16,Arrasate,210
2015-09-16,Berastegi,164
2015-09-16,Bidania,169
2015-09-16,Miramon,233
2015-09-16,Zegama,125
2015-09-17,Arrasate,248
2015-09-17,Berastegi,327
2015-09-17,Bidania,262
2015-09-17,Miramon,261
2015-09-17,Zegama,159
2015-09-18,Arrasate,329
2015-09-18,Berastegi,353
2015-09-18,Bidania,316
2015-09-18,Miramon,248
2015-09-18,Zegama,338
2015-09-19,Arrasate,356
2015-09-19,Berastegi,347
2015-09-19,Bidania,346
2015-09-19,Miramon,240
2015-09-19,Zegama,341
2015-09-20,Arrasate,330
2015-09-20,Berastegi,327
2015-09-20,Bidania,327
2015-09-20,Miramon,221
2015-09-20,Zegama,224
2015-09-21,Arrasate,339
2015-09-21,Berastegi,330
2015-09-21,Bidania,309
2015-09-21,Miramon,249
2015-09-21,Zegama,324
2015-09-22,Arrasate,320
2015-09-22,Berastegi,334
2015-09-22,Bidania,301
2015-09-22,Miramon,313
2015-09-22,Zegama,326
2015-09-23,Arrasate,99
2015-09-23,Berastegi,322
2015-09-23,Bidania,309
2015-09-23,Miramon,297
2015-09-23,Zegama,313
2015-09-24,Arrasate,320
2015-09-24,Berastegi,315
2015-09-24,Bidania,323
2015-09-24,Miramon,196
2015-09-24,Zegama,351
2015-09-25,Arrasate,13
2015-09-25,Berastegi,327
2015-09-25,Bidania,324
2015-09-25,Miramon,232
2015-09-25,Zegama,293
2015-09-26,Arrasate,346
2015-09-26,Berastegi,331
2015-09-26,Bidania,311
2015-09-26,Miramon,267
2015-09-26,Zegama,329
2015-09-27,Arrasate,346
2015-09-27,Berastegi,322
2015-09-27,Bidania,305
2015-09-27,Miramon,258
2015-09-27,Zegama,6
2015-09-28,Arrasate,334
2015-09-28,Berastegi,347
2015-09-28,Bidania,142
2015-09-28,Miramon,233
2015-09-28,Zegama,144
2015-09-29,Arrasate,346
2015-09-29,Berastegi,322
2015-09-29,Bidania,310
2015-09-29,Miramon,255
2015-09-29,Zegama,345
2015-09-30,Arrasate,142
2015-09-30,Berastegi,156
2015-09-30,Bidania,126
2015-09-30,Miramon,178
2015-09-30,Zegama,134
2015-10-01,Arrasate,313
2015-10-01,Berastegi,322
2015-10-01,Bidania,309
2015-10-01,Miramon,292
2015-10-01,Zegama,329
2015-10-02,Arrasate,326
2015-10-02,Berastegi,165
2015-10-02,Bidania,306
2015-10-02,Miramon,250
2015-10-02,Zegama,162
2015-10-03,Arrasate,312
2015-10-03,Berastegi,321
2015-10-03,Bidania,317
2015-10-03,Miramon,234
2015-10-03,Zegama,163
2015-10-04,Arrasate,177
2015-10-04,Berastegi,146
2015-10-04,Bidania,145
2015-10-04,Miramon,219
2015-10-04,Zegama,137
2015-10-05,Arrasate,215
2015-10-05,Berastegi,144
2015-10-05,Bidania,155
2015-10-05,Miramon,228
2015-10-05,Zegama,131
2015-10-06,Arrasate,257
2015-10-06,Berastegi,206
2015-10-06,Bidania,245
2015-10-06,Miramon,282
2015-10-06,Zegama,136
2015-10-07,Arrasate,14
2015-10-07,Berastegi,333
2015-10-07,Bidania,311
2015-10-07,Miramon,283
2015-10-07,Zegama,353
2015-10-08,Arrasate,13
2015-10-08,Berastegi,313
2015-10-08,Bidania,66
2015-10-08,Miramon,67
2015-10-08,Zegama,313
2015-10-09,Arrasate,246
2015-10-09,Berastegi,321
2015-10-09,Bidania,136
2015-10-09,Miramon,212
2015-10-09,Zegama,151
2015-10-10,Arrasate,193
2015-10-10,Berastegi,140
2015-10-10,Bidania,129
2015-10-10,Miramon,225
2015-10-10,Zegama,135
2015-10-11,Arrasate,234
2015-10-11,Berastegi,144
2015-10-11,Bidania,133
2015-10-11,Miramon,228
2015-10-11,Zegama,140
2015-10-12,Arrasate,330
2015-10-12,Berastegi,324
2015-10-12,Bidania,311
2015-10-12,Miramon,313
2015-10-12,Zegama,327
2015-10-13,Arrasate,345
2015-10-13,Berastegi,342
2015-10-13,Bidania,330
2015-10-13,Miramon,39
2015-10-13,Zegama,318
2015-10-14,Arrasate,7
2015-10-14,Berastegi,313
2015-10-14,Bidania,329
2015-10-14,Miramon,85
2015-10-14,Zegama,323
2015-10-15,Arrasate,344
2015-10-15,Berastegi,312
2015-10-15,Bidania,46
2015-10-15,Miramon,220
2015-10-15,Zegama,83
2015-10-16,Arrasate,174
2015-10-16,Berastegi,329
2015-10-16,Bidania,135
2015-10-16,Miramon,208
2015-10-16,Zegama,127
2015-10-17,Arrasate,175
2015-10-17,Berastegi,157
2015-10-17,Bidania,135
2015-10-17,Miramon,212
2015-10-17,Zegama,128
2015-10-18,Arrasate,262
2015-10-18,Berastegi,144
2015-10-18,Bidania,147
2015-10-18,Miramon,242
2015-10-18,Zegama,132
2015-10-19,Arrasate,356
2015-10-19,Berastegi,335
2015-10-19,Bidania,290
2015-10-19,Miramon,357
2015-10-19,Zegama,323
2015-10-20,Arrasate,333
2015-10-20,Berastegi,328
2015-10-20,Bidania,313
2015-10-20,Miramon,25
2015-10-20,Zegama,319
2015-10-21,Arrasate,16
2015-10-21,Berastegi,313
2015-10-21,Bidania,344
2015-10-21,Miramon,212
2015-10-21,Zegama,321
2015-10-22,Arrasate,7
2015-10-22,Berastegi,333
2015-10-22,Bidania,317
2015-10-22,Miramon,237
2015-10-22,Zegama,307
2015-10-23,Arrasate,186
2015-10-23,Berastegi,140
2015-10-23,Bidania,138
2015-10-23,Miramon,230
2015-10-23,Zegama,134
2015-10-24,Arrasate,306
2015-10-24,Berastegi,125
2015-10-24,Bidania,160
2015-10-24,Miramon,264
2015-10-24,Zegama,135
2015-10-25,Arrasate,124
2015-10-25,Berastegi,159
2015-10-25,Bidania,138
2015-10-25,Miramon,193
2015-10-25,Zegama,155
2015-10-26,Arrasate,147
2015-10-26,Berastegi,155
2015-10-26,Bidania,149
2015-10-26,Miramon,206
2015-10-26,Zegama,129
2015-10-27,Arrasate,190
2015-10-27,Berastegi,153
2015-10-27,Miramon,230
2015-10-27,Zegama,155
2015-10-28,Arrasate,207
2015-10-28,Berastegi,171
2015-10-28,Bidania,185
2015-10-28,Miramon,238
2015-10-28,Zegama,158
2015-10-29,Arrasate,206
2015-10-29,Berastegi,145
2015-10-29,Bidania,151
2015-10-29,Miramon,220
2015-10-29,Zegama,227
2015-10-30,Arrasate,172
2015-10-30,Berastegi,151
2015-10-30,Bidania,154
2015-10-30,Miramon,220
2015-10-30,Zegama,129
2015-10-31,Arrasate,155
2015-10-31,Berastegi,154
2015-10-31,Bidania,148
2015-10-31,Miramon,205
2015-10-31,Zegama,131
2015-11-01,Arrasate,151
2015-11-01,Berastegi,156
2015-11-01,Bidania,129
2015-11-01,Miramon,197
2015-11-01,Zegama,134
2015-11-02,Arrasate,146
2015-11-02,Berastegi,156
2015-11-02,Bidania,131
2015-11-02,Miramon,189
2015-11-02,Zegama,138
2015-11-03,Arrasate,158
2015-11-03,Berastegi,146
2015-11-03,Bidania,150
2015-11-03,Miramon,202
2015-11-03,Zegama,135
2015-11-04,Arrasate,207
2015-11-04,Berastegi,141
2015-11-04,Bidania,155
2015-11-04,Miramon,215
2015-11-04,Zegama,189
2015-11-05,Arrasate,224
2015-11-05,Berastegi,167
2015-11-05,Bidania,146
2015-11-05,Miramon,229
2015-11-05,Zegama,214
2015-11-06,Arrasate,208
2015-11-06,Berastegi,145
2015-11-06,Bidania,142
2015-11-06,Miramon,234
2015-11-06,Zegama,201
2015-11-07,Arrasate,266
2015-11-07,Berastegi,137
2015-11-07,Bidania,149
2015-11-07,Miramon,237
2015-11-07,Zegama,137
2015-11-08,Arrasate,228
2015-11-08,Berastegi,145
2015-11-08,Bidania,147
2015-11-08,Miramon,222
2015-11-08,Zegama,127
2015-11-09,Arrasate,194
2015-11-09,Berastegi,328
2015-11-09,Bidania,325
2015-11-09,Miramon,250
2015-11-09,Zegama,134
2015-11-10,Arrasate,259
2015-11-10,Berastegi,333
2015-11-10,Bidania,152
2015-11-10,Miramon,235
2015-11-10,Zegama,136
2015-11-11,Arrasate,297
2015-11-11,Berastegi,338
2015-11-11,Bidania,298
2015-11-11,Miramon,223
2015-11-11,Zegama,134
2015-11-12,Arrasate,192
2015-11-12,Berastegi,154
2015-11-12,Bidania,147
2015-11-12,Miramon,213
2015-11-12,Zegama,138
2015-11-13,Arrasate,347
2015-11-13,Berastegi,333
2015-11-13,Bidania,312
2015-11-13,Miramon,231
2015-11-13,Zegama,313
2015-11-14,Arrasate,228
2015-11-14,Berastegi,312
2015-11-14,Bidania,334
2015-11-14,Miramon,196
2015-11-14,Zegama,207
2015-11-15,Arrasate,262
2015-11-15,Berastegi,331
2015-11-15,Bidania,145
2015-11-15,Miramon,222
2015-11-15,Zegama,136
2015-11-16,Arrasate,191
2015-11-16,Berastegi,332
2015-11-16,Bidania,331
2015-11-16,Miramon,232
2015-11-16,Zegama,147
2015-11-17,Arrasate,183
2015-11-17,Berastegi,288
2015-11-17,Bidania,136
2015-11-17,Miramon,228
2015-11-17,Zegama,136
2015-11-18,Arrasate,229
2015-11-18,Berastegi,302
2015-11-18,Bidania,326
2015-11-18,Miramon,234
2015-11-18,Zegama,131
2015-11-19,Arrasate,279
2015-11-19,Berastegi,315
2015-11-19,Bidania,305
2015-11-19,Miramon,230
2015-11-19,Zegama,163
2015-11-20,Arrasate,295
2015-11-20,Berastegi,281
2015-11-20,Bidania,255
2015-11-20,Miramon,238
2015-11-20,Zegama,166
2015-11-21,Arrasate,298
2015-11-21,Berastegi,330
2015-11-21,Bidania,310
2015-11-21,Miramon,353
2015-11-21,Zegama,310
2015-11-22,Arrasate,295
2015-11-22,Berastegi,340
2015-11-22,Miramon,326
2015-11-22,Zegama,317
2015-11-23,Arrasate,110
2015-11-23,Berastegi,315
2015-11-23,Bidania,341
2015-11-23,Miramon,219
2015-11-23,Zegama,313
2015-11-24,Arrasate,294
2015-11-24,Berastegi,299
2015-11-24,Miramon,239
2015-11-24,Zegama,312
2015-11-25,Arrasate,306
2015-11-25,Berastegi,312
2015-11-25,Miramon,340
2015-11-25,Zegama,319
2015-11-26,Arrasate,311
2015-11-26,Berastegi,327
2015-11-26,Bidania,314
2015-11-26,Miramon,356
2015-11-26,Zegama,317
2015-11-27,Arrasate,322
2015-11-27,Berastegi,326
2015-11-27,Miramon,288
2015-11-27,Zegama,317
2015-11-28,Arrasate,327
2015-11-28,Berastegi,328
2015-11-28,Bidania,318
2015-11-28,Miramon,353
2015-11-28,Zegama,309
2015-11-29,Arrasate,204
2015-11-29,Berastegi,285
2015-11-29,Bidania,301
2015-11-29,Miramon,222
2015-11-29,Zegama,136
2015-11-30,Arrasate,269
2015-11-30,Berastegi,210
2015-11-30,Bidania,241
2015-11-30,Miramon,226
2015-11-30,Zegama,134
2015-12-01,Arrasate,161
2015-12-01,Berastegi,152
2015-12-01,Bidania,141
2015-12-01,Miramon,224
2015-12-01,Zegama,137
2015-12-02,Arrasate,185
2015-12-02,Berastegi,168
2015-12-02,Bidania,137
2015-12-02,Miramon,221
2015-12-02,Zegama,138
2015-12-03,Arrasate,239
2015-12-03,Berastegi,138
2015-12-03,Bidania,151
2015-12-03,Miramon,227
2015-12-03,Zegama,223
2015-12-04,Arrasate,310
2015-12-04,Berastegi,301
2015-12-04,Bidania,307
2015-12-04,Miramon,294
2015-12-04,Zegama,240
2015-12-05,Arrasate,203
2015-12-05,Berastegi,163
2015-12-05,Bidania,142
2015-12-05,Miramon,221
2015-12-05,Zegama,135
2015-12-06,Arrasate,242
2015-12-06,Berastegi,151
2015-12-06,Bidania,135
2015-12-06,Miramon,221
2015-12-06,Zegama,126
2015-12-07,Arrasate,177
2015-12-07,Berastegi,155
2015-12-07,Bidania,154
2015-12-07,Miramon,206
2015-12-07,Zegama,146
2015-12-08,Arrasate,272
2015-12-08,Berastegi,137
2015-12-08,Bidania,171
2015-12-08,Miramon,250
2015-12-08,Zegama,197
2015-12-09,Arrasate,142
2015-12-09,Berastegi,316
2015-12-09,Bidania,309
2015-12-09,Miramon,200
2015-12-09,Zegama,138
2015-12-10,Arrasate,212
2015-12-10,Berastegi,145
2015-12-10,Bidania,28
2015-12-10,Miramon,232
2015-12-10,Zegama,133
2015-12-11,Arrasate,260
2015-12-11,Berastegi,134
2015-12-11,Bidania,30
2015-12-11,Miramon,226
2015-12-11,Zegama,141
2015-12-12,Arrasate,272
2015-12-12,Berastegi,138
2015-12-12,Bidania,128
2015-12-12,Miramon,235
2015-12-12,Zegama,135
2015-12-13,Arrasate,254
2015-12-13,Berastegi,136
2015-12-13,Bidania,151
2015-12-13,Miramon,225
2015-12-13,Zegama,187
2015-12-14,Arrasate,238
2015-12-14,Berastegi,132
2015-12-14,Bidania,157
2015-12-14,Miramon,215
2015-12-14,Zegama,198
2015-12-15,Arrasate,229
2015-12-15,Berastegi,143
2015-12-15,Bidania,172
2015-12-15,Miramon,228
2015-12-15,Zegama,205
2015-12-16,Arrasate,250
2015-12-16,Berastegi,135
2015-12-16,Bidania,139
2015-12-16,Miramon,226
2015-12-16,Zegama,246
2015-12-17,Arrasate,241
2015-12-17,Berastegi,139
2015-12-17,Bidania,165
2015-12-17,Miramon,244
2015-12-17,Zegama,178
2015-12-18,Arrasate,230
2015-12-18,Berastegi,143
2015-12-18,Bidania,166
2015-12-18,Miramon,227
2015-12-18,Zegama,218
2015-12-19,Arrasate,216
2015-12-19,Berastegi,142
2015-12-19,Bidania,153
2015-12-19,Miramon,213
2015-12-19,Zegama,184
2015-12-20,Arrasate,229
2015-12-20,Berastegi,137
2015-12-20,Bidania,150
2015-12-20,Miramon,246
2015-12-20,Zegama,158
2015-12-21,Arrasate,235
2015-12-21,Berastegi,163
2015-12-21,Bidania,156
2015-12-21,Miramon,225
2015-12-21,Zegama,228
2015-12-22,Arrasate,234
2015-12-22,Berastegi,137
2015-12-22,Bidania,157
2015-12-22,Miramon,230
2015-12-22,Zegama,172
2015-12-23,Arrasate,253
2015-12-23,Berastegi,142
2015-12-23,Bidania,140
2015-12-23,Miramon,233
2015-12-23,Zegama,157
2015-12-24,Arrasate,248
2015-12-24,Berastegi,138
2015-12-24,Bidania,158
2015-12-24,Miramon,221
2015-12-24,Zegama,177
2015-12-25,Arrasate,228
2015-12-25,Berastegi,133
2015-12-25,Bidania,147
2015-12-25,Miramon,224
2015-12-25,Zegama,150
2015-12-26,Arrasate,266
2015-12-26,Berastegi,143
2015-12-26,Bidania,152
2015-12-26,Miramon,227
2015-12-26,Zegama,130
2015-12-27,Arrasate,196
2015-12-27,Berastegi,151
2015-12-27,Bidania,141
2015-12-27,Miramon,216
2015-12-27,Zegama,127
2015-12-28,Arrasate,149
2015-12-28,Berastegi,152
2015-12-28,Bidania,150
2015-12-28,Miramon,201
2015-12-28,Zegama,130
2015-12-29,Arrasate,215
2015-12-29,Berastegi,169
2015-12-29,Bidania,172
2015-12-29,Miramon,234
2015-12-29,Zegama,224
2015-12-30,Arrasate,197
2015-12-30,Berastegi,141
2015-12-30,Bidania,158
2015-12-30,Miramon,235
2015-12-30,Zegama,187
2015-12-31,Arrasate,131
2015-12-31,Berastegi,334
2015-12-31,Bidania,319
2015-12-31,Miramon,218
2015-12-31,Zegama,147
2016-01-01,Arrasate,176
2016-01-01,Berastegi,148
2016-01-01,Bidania,158
2016-01-01,Miramon,219
2016-01-01,Zegama,136
2016-01-02,Arrasate,212
2016-01-02,Berastegi,302
2016-01-02,Bidania,258
2016-01-02,Miramon,290
2016-01-02,Zegama,166
2016-01-03,Arrasate,212
2016-01-03,Berastegi,158
2016-01-03,Bidania,191
2016-01-03,Miramon,242
2016-01-03,Zegama,172
2016-01-04,Arrasate,235
2016-01-04,Berastegi,140
2016-01-04,Bidania,234
2016-01-04,Miramon,252
2016-01-04,Zegama,200
2016-01-05,Arrasate,229
2016-01-05,Berastegi,303
2016-01-05,Bidania,276
2016-01-05,Miramon,286
2016-01-05,Zegama,167
2016-01-06,Arrasate,203
2016-01-06,Berastegi,269
2016-01-06,Bidania,219
2016-01-06,Miramon,248
2016-01-06,Zegama,148
2016-01-07,Arrasate,219
2016-01-07,Berastegi,158
2016-01-07,Bidania,209
2016-01-07,Miramon,262
2016-01-07,Zegama,129
2016-01-08,Arrasate,218
2016-01-08,Berastegi,176
2016-01-08,Bidania,204
2016-01-08,Miramon,264
2016-01-08,Zegama,132
2016-01-09,Arrasate,216
2016-01-09,Berastegi,185
2016-01-09,Bidania,204
2016-01-09,Miramon,257
2016-01-09,Zegama,148
2016-01-10,Arrasate,224
2016-01-10,Berastegi,180
2016-01-10,Bidania,205
2016-01-10,Miramon,248
2016-01-10,Zegama,122
2016-01-11,Arrasate,223
2016-01-11,Berastegi,6
2016-01-11,Bidania,250
2016-01-11,Miramon,280
2016-01-11,Zegama,121
2016-01-12,Arrasate,289
2016-01-12,Berastegi,318
2016-01-12,Bidania,296
2016-01-12,Miramon,288
2016-01-12,Zegama,164
2016-01-13,Arrasate,190
2016-01-13,Berastegi,136
2016-01-13,Bidania,158
2016-01-13,Miramon,220
2016-01-13,Zegama,163
2016-01-14,Arrasate,256
2016-01-14,Berastegi,30
2016-01-14,Miramon,290
2016-01-14,Zegama,216
2016-01-15,Arrasate,317
2016-01-15,Berastegi,335
2016-01-15,Miramon,358
2016-01-15,Zegama,308
2016-01-16,Arrasate,339
2016-01-16,Berastegi,326
2016-01-16,Bidania,324
2016-01-16,Miramon,211
2016-01-16,Zegama,302
2016-01-17,Arrasate,253
2016-01-17,Berastegi,152
2016-01-17,Bidania,144
2016-01-17,Miramon,223
2016-01-17,Zegama,185
2016-01-18,Arrasate,265
2016-01-18,Berastegi,180
2016-01-18,Bidania,272
2016-01-18,Miramon,266
2016-01-18,Zegama,248
2016-01-19,Arrasate,251
2016-01-19,Berastegi,216
2016-01-19,Bidania,290
2016-01-19,Miramon,247
2016-01-19,Zegama,198
2016-01-20,Arrasate,236
2016-01-20,Berastegi,144
2016-01-20,Bidania,137
2016-01-20,Miramon,225
2016-01-20,Zegama,177
2016-01-21,Arrasate,248
2016-01-21,Berastegi,297
2016-01-21,Bidania,136
2016-01-21,Miramon,225
2016-01-21,Zegama,147
2016-01-22,Arrasate,267
2016-01-22,Berastegi,152
2016-01-22,Bidania,135
2016-01-22,Miramon,227
2016-01-22,Zegama,128
2016-01-23,Arrasate,230
2016-01-23,Berastegi,133
2016-01-23,Bidania,146
2016-01-23,Miramon,221
2016-01-23,Zegama,141
2016-01-24,Arrasate,234
2016-01-24,Berastegi,148
2016-01-24,Bidania,144
2016-01-24,Miramon,228
2016-01-24,Zegama,127
2016-01-25,Arrasate,276
2016-01-25,Berastegi,140
2016-01-25,Bidania,150
2016-01-25,Miramon,231
2016-01-25,Zegama,149
2016-01-26,Arrasate,262
2016-01-26,Berastegi,141
2016-01-26,Bidania,141
2016-01-26,Miramon,236
2016-01-26,Zegama,137
2016-01-27,Arrasate,240
2016-01-27,Berastegi,131
2016-01-27,Bidania,156
2016-01-27,Miramon,230
2016-01-27,Zegama,158
2016-01-28,Arrasate,224
2016-01-28,Berastegi,144
2016-01-28,Bidania,177
2016-01-28,Miramon,242
2016-01-28,Zegama,207
2016-01-29,Arrasate,348
2016-01-29,Berastegi,330
2016-01-29,Miramon,184
2016-01-29,Zegama,328
2016-01-30,Arrasate,253
2016-01-30,Berastegi,133
2016-01-30,Bidania,136
2016-01-30,Miramon,238
2016-01-30,Zegama,239
2016-01-31,Arrasate,288
2016-01-31,Berastegi,342
2016-01-31,Miramon,295
2016-01-31,Zegama,271
2016-02-01,Arrasate,21
2016-02-01,Berastegi,336
2016-02-01,Bidania,311
2016-02-01,Miramon,327
2016-02-01,Zegama,333
2016-02-02,Arrasate,322
2016-02-02,Berastegi,331
2016-02-02,Bidania,316
2016-02-02,Miramon,278
2016-02-02,Zegama,312
2016-02-03,Arrasate,310
2016-02-03,Berastegi,330
2016-02-03,Bidania,319
2016-02-03,Miramon,352
2016-02-03,Zegama,313
2016-02-04,Arrasate,33
2016-02-04,Berastegi,328
2016-02-04,Bidania,338
2016-02-04,Miramon,218
2016-02-04,Zegama,124
2016-02-05,Arrasate,239
2016-02-05,Berastegi,137
2016-02-05,Bidania,142
2016-02-05,Miramon,222
2016-02-05,Zegama,128
2016-02-06,Arrasate,180
2016-02-06,Berastegi,148
2016-02-06,Bidania,159
2016-02-06,Miramon,230
2016-02-06,Zegama,137
2016-02-07,Arrasate,221
2016-02-07,Berastegi,319
2016-02-07,Bidania,274
2016-02-07,Miramon,286
2016-02-07,Zegama,245
2016-02-08,Arrasate,198
2016-02-08,Berastegi,199
2016-02-08,Bidania,209
2016-02-08,Miramon,249
2016-02-08,Zegama,208
2016-02-09,Arrasate,241
2016-02-09,Berastegi,200
2016-02-09,Bidania,228
2016-02-09,Miramon,282
2016-02-09,Zegama,132
2016-02-10,Arrasate,38
2016-02-10,Berastegi,331
2016-02-10,Miramon,274
2016-02-10,Zegama,347
2016-02-11,Arrasate,343
2016-02-11,Berastegi,336
2016-02-11,Miramon,287
2016-02-11,Zegama,338
2016-02-12,Arrasate,223
2016-02-12,Berastegi,63
2016-02-12,Miramon,280
2016-02-12,Zegama,120
2016-02-13,Arrasate,283
2016-02-13,Berastegi,52
2016-02-13,Bidania,270
2016-02-13,Miramon,286
2016-02-13,Zegama,126
2016-02-14,Arrasate,290
2016-02-14,Berastegi,297
2016-02-14,Bidania,286
2016-02-14,Miramon,300
2016-02-14,Zegama,304
2016-02-15,Arrasate,344
2016-02-15,Berastegi,300
2016-02-15,Miramon,67
2016-02-15,Zegama,315
2016-02-16,Arrasate,3
2016-02-16,Berastegi,294
2016-02-16,Bidania,328
2016-02-16,Miramon,81
2016-02-16,Zegama,311
2016-02-17,Arrasate,232
2016-02-17,Berastegi,143
2016-02-17,Bidania,156
2016-02-17,Miramon,225
2016-02-17,Zegama,222
2016-02-18,Arrasate,276
2016-02-18,Berastegi,105
2016-02-18,Miramon,258
2016-02-18,Zegama,233
2016-02-19,Arrasate,307
2016-02-19,Berastegi,291
2016-02-19,Bidania,321
2016-02-19,Miramon,235
2016-02-19,Zegama,123
2016-02-20,Arrasate,169
2016-02-20,Berastegi,303
2016-02-20,Bidania,127
2016-02-20,Miramon,233
2016-02-20,Zegama,143
2016-02-21,Arrasate,184
2016-02-21,Berastegi,138
2016-02-21,Bidania,144
2016-02-21,Miramon,224
2016-02-21,Zegama,132
2016-02-22,Arrasate,313
2016-02-22,Berastegi,331
2016-02-22,Bidania,284
2016-02-22,Miramon,298
2016-02-22,Zegama,302
2016-02-23,Arrasate,328
2016-02-23,Berastegi,315
2016-02-23,Bidania,302
2016-02-23,Miramon,311
2016-02-23,Zegama,326
2016-02-24,Arrasate,202
2016-02-24,Berastegi,301
2016-02-24,Bidania,182
2016-02-24,Miramon,249
2016-02-24,Zegama,219
2016-02-25,Arrasate,315
2016-02-25,Berastegi,313
2016-02-25,Miramon,301
2016-02-25,Zegama,297
2016-02-26,Arrasate,158
2016-02-26,Berastegi,147
2016-02-26,Bidania,150
2016-02-26,Miramon,226
2016-02-26,Zegama,146
2016-02-27,Arrasate,310
2016-02-27,Berastegi,303
2016-02-27,Miramon,343
2016-02-27,Zegama,319
2016-02-28,Arrasate,326
2016-02-28,Berastegi,328
2016-02-28,Miramon,14
2016-02-28,Zegama,314
2016-02-29,Arrasate,313
2016-02-29,Berastegi,333
2016-02-29,Bidania,314
2016-02-29,Miramon,5
2016-02-29,Zegama,323
2016-03-01,Arrasate,336
2016-03-01,Berastegi,329
2016-03-01,Bidania,315
2016-03-01,Miramon,328
2016-03-01,Zegama,318
2016-03-02,Arrasate,309
2016-03-02,Berastegi,322
2016-03-02,Miramon,317
2016-03-02,Zegama,319
2016-03-03,Arrasate,297
2016-03-03,Berastegi,314
2016-03-03,Miramon,325
2016-03-03,Zegama,331
2016-03-04,Arrasate,248
2016-03-04,Berastegi,204
2016-03-04,Bidania,234
2016-03-04,Miramon,272
2016-03-04,Zegama,215
2016-03-05,Arrasate,258
2016-03-05,Berastegi,282
2016-03-05,Miramon,279
2016-03-05,Zegama,276
2016-03-06,Arrasate,281
2016-03-06,Berastegi,140
2016-03-06,Miramon,282
2016-03-06,Zegama,316
2016-03-07,Arrasate,321
2016-03-07,Berastegi,325
2016-03-07,Miramon,341
2016-03-07,Zegama,310
2016-03-08,Arrasate,319
2016-03-08,Berastegi,332
2016-03-08,Miramon,255
2016-03-08,Zegama,309
2016-03-09,Arrasate,295
2016-03-09,Berastegi,312
2016-03-09,Bidania,302
2016-03-09,Miramon,333
2016-03-09,Zegama,281
2016-03-10,Arrasate,316
2016-03-10,Berastegi,332
2016-03-10,Miramon,1
2016-03-10,Zegama,315
2016-03-11,Arrasate,329
2016-03-11,Berastegi,326
2016-03-11,Bidania,334
2016-03-11,Miramon,41
2016-03-11,Zegama,319
2016-03-12,Arrasate,6
2016-03-12,Berastegi,301
2016-03-12,Bidania,327
2016-03-12,Miramon,66
2016-03-12,Zegama,322
2016-03-13,Arrasate,332
2016-03-13,Berastegi,323
2016-03-13,Bidania,316
2016-03-13,Miramon,11
2016-03-13,Zegama,322
2016-03-14,Arrasate,104
2016-03-14,Berastegi,155
2016-03-14,Bidania,120
2016-03-14,Miramon,217
2016-03-14,Zegama,128
2016-03-15,Arrasate,174
2016-03-15,Berastegi,139
2016-03-15,Bidania,132
2016-03-15,Miramon,220
2016-03-15,Zegama,134
2016-03-16,Arrasate,308
2016-03-16,Berastegi,330
2016-03-16,Bidania,315
2016-03-16,Miramon,338
2016-03-16,Zegama,320
2016-03-17,Arrasate,352
2016-03-17,Berastegi,339
2016-03-17,Bidania,20
2016-03-17,Miramon,216
2016-03-17,Zegama,1
2016-03-18,Arrasate,52
2016-03-18,Berastegi,142
2016-03-18,Bidania,131
2016-03-18,Miramon,164
2016-03-18,Zegama,133
2016-03-19,Arrasate,131
2016-03-19,Berastegi,169
2016-03-19,Bidania,117
2016-03-19,Miramon,140
2016-03-19,Zegama,144
2016-03-20,Arrasate,157
2016-03-20,Berastegi,141
2016-03-20,Bidania,147
2016-03-20,Miramon,237
2016-03-20,Zegama,132
2016-03-21,Arrasate,349
2016-03-21,Berastegi,328
2016-03-21,Bidania,327
2016-03-21,Miramon,288
2016-03-21,Zegama,316
2016-03-22,Arrasate,318
2016-03-22,Berastegi,332
2016-03-22,Bidania,312
2016-03-22,Miramon,346
2016-03-22,Zegama,317
2016-03-23,Arrasate,320
2016-03-23,Berastegi,324
2016-03-23,Bidania,316
2016-03-23,Miramon,5
2016-03-23,Zegama,315
2016-03-24,Arrasate,358
2016-03-24,Berastegi,322
2016-03-24,Bidania,311
2016-03-24,Miramon,342
2016-03-24,Zegama,325
2016-03-25,Arrasate,239
2016-03-25,Berastegi,354
2016-03-25,Bidania,315
2016-03-25,Miramon,230
2016-03-25,Zegama,31
2016-03-26,Arrasate,221
2016-03-26,Berastegi,181
2016-03-26,Bidania,201
2016-03-26,Miramon,254
2016-03-26,Zegama,200
2016-03-27,Arrasate,197
2016-03-27,Berastegi,183
2016-03-27,Bidania,190
2016-03-27,Miramon,230
2016-03-27,Zegama,178
2016-03-28,Arrasate,179
2016-03-28,Berastegi,183
2016-03-28,Bidania,202
2016-03-28,Miramon,241
2016-03-28,Zegama,198
2016-03-29,Arrasate,188
2016-03-29,Berastegi,188
2016-03-29,Bidania,182
2016-03-29,Miramon,237
2016-03-29,Zegama,147
2016-03-30,Arrasate,198
2016-03-30,Berastegi,146
2016-03-30,Bidania,153
2016-03-30,Miramon,271
2016-03-30,Zegama,137
2016-03-31,Arrasate,317
2016-03-31,Berastegi,325
2016-03-31,Miramon,355
2016-03-31,Zegama,318
2016-04-01,Arrasate,329
2016-04-01,Berastegi,318
2016-04-01,Bidania,332
2016-04-01,Miramon,25
2016-04-01,Zegama,337
2016-04-02,Arrasate,195
2016-04-02,Berastegi,152
2016-04-02,Bidania,155
2016-04-02,Miramon,212
2016-04-02,Zegama,134
2016-04-03,Arrasate,201
2016-04-03,Berastegi,158
2016-04-03,Bidania,171
2016-04-03,Miramon,221
2016-04-03,Zegama,147
2016-04-04,Arrasate,260
2016-04-04,Berastegi,150
2016-04-04,Bidania,158
2016-04-04,Miramon,233
2016-04-04,Zegama,140
2016-04-05,Arrasate,329
2016-04-05,Berastegi,329
2016-04-05,Bidania,322
2016-04-05,Miramon,10
2016-04-05,Zegama,323
2016-04-06,Arrasate,341
2016-04-06,Berastegi,342
2016-04-06,Bidania,317
2016-04-06,Miramon,356
2016-04-06,Zegama,343
2016-04-07,Arrasate,310
2016-04-07,Berastegi,331
2016-04-07,Bidania,313
2016-04-07,Miramon,353
2016-04-07,Zegama,314
2016-04-08,Arrasate,308
2016-04-08,Berastegi,328
2016-04-08,Bidania,314
2016-04-08,Miramon,342
2016-04-08,Zegama,314
2016-04-09,Arrasate,325
2016-04-09,Berastegi,323
2016-04-09,Miramon,242
2016-04-09,Zegama,353
2016-04-10,Arrasate,216
2016-04-10,Berastegi,159
2016-04-10,Bidania,157
2016-04-10,Miramon,219
2016-04-10,Zegama,154
2016-04-11,Arrasate,200
2016-04-11,Berastegi,148
2016-04-11,Bidania,157
2016-04-11,Miramon,210
2016-04-11,Zegama,146
2016-04-12,Arrasate,193
2016-04-12,Berastegi,151
2016-04-12,Bidania,155
2016-04-12,Miramon,219
2016-04-12,Zegama,151
2016-04-13,Arrasate,198
2016-04-13,Berastegi,187
2016-04-13,Bidania,194
2016-04-13,Miramon,246
2016-04-13,Zegama,142
2016-04-14,Arrasate,173
2016-04-14,Berastegi,146
2016-04-14,Bidania,159
2016-04-14,Miramon,214
2016-04-14,Zegama,138
2016-04-15,Arrasate,229
2016-04-15,Berastegi,162
2016-04-15,Bidania,191
2016-04-15,Miramon,357
2016-04-15,Zegama,142
2016-04-16,Arrasate,222
2016-04-16,Berastegi,170
2016-04-16,Bidania,187
2016-04-16,Miramon,269
2016-04-16,Zegama,137
2016-04-17,Arrasate,330
2016-04-17,Berastegi,333
2016-04-17,Bidania,302
2016-04-17,Miramon,353
2016-04-17,Zegama,33
2016-04-18,Arrasate,12
2016-04-18,Berastegi,319
2016-04-18,Bidania,75
2016-04-18,Miramon,57
2016-04-18,Zegama,317
2016-04-19,Arrasate,154
2016-04-19,Berastegi,158
2016-04-19,Bidania,134
2016-04-19,Miramon,189
2016-04-19,Zegama,128
2016-04-20,Arrasate,161
2016-04-20,Berastegi,148
2016-04-20,Bidania,146
2016-04-20,Miramon,208
2016-04-20,Zegama,133
2016-04-21,Arrasate,256
2016-04-21,Berastegi,138
2016-04-21,Bidania,162
2016-04-21,Miramon,279
2016-04-21,Zegama,145
2016-04-22,Arrasate,329
2016-04-22,Berastegi,330
2016-04-22,Bidania,325
2016-04-22,Miramon,337
2016-04-22,Zegama,170
2016-04-23,Arrasate,342
2016-04-23,Berastegi,332
2016-04-23,Bidania,309
2016-04-23,Miramon,353
2016-04-23,Zegama,326
2016-04-24,Arrasate,341
2016-04-24,Berastegi,334
2016-04-24,Bidania,322
2016-04-24,Miramon,21
2016-04-24,Zegama,330
2016-04-25,Arrasate,60
2016-04-25,Berastegi,326
2016-04-25,Bidania,310
2016-04-25,Miramon,320
2016-04-25,Zegama,319
2016-04-26,Arrasate,341
2016-04-26,Berastegi,331
2016-04-26,Bidania,310
2016-04-26,Miramon,314
2016-04-26,Zegama,346
2016-04-27,Arrasate,341
2016-04-27,Berastegi,324
2016-04-27,Bidania,343
2016-04-27,Miramon,48
2016-04-27,Zegama,336
2016-04-28,Arrasate,326
2016-04-28,Berastegi,325
2016-04-28,Bidania,327
2016-04-28,Miramon,26
2016-04-28,Zegama,323
2016-04-29,Arrasate,339
2016-04-29,Berastegi,321
2016-04-29,Bidania,301
2016-04-29,Miramon,346
2016-04-29,Zegama,340
2016-04-30,Arrasate,305
2016-04-30,Berastegi,321
2016-04-30,Bidania,311
2016-04-30,Miramon,345
2016-04-30,Zegama,317
2016-05-01,Arrasate,333
2016-05-01,Berastegi,324
2016-05-01,Bidania,315
2016-05-01,Miramon,20
2016-05-01,Zegama,320
2016-05-02,Arrasate,341
2016-05-02,Berastegi,314
2016-05-02,Bidania,342
2016-05-02,Miramon,350
2016-05-02,Zegama,342
2016-05-03,Arrasate,19
2016-05-03,Berastegi,311
2016-05-03,Bidania,19
2016-05-03,Miramon,15
2016-05-03,Zegama,322
2016-05-04,Arrasate,275
2016-05-04,Berastegi,324
2016-05-04,Bidania,144
2016-05-04,Miramon,267
2016-05-04,Zegama,21
2016-05-05,Arrasate,187
2016-05-05,Berastegi,144
2016-05-05,Bidania,135
2016-05-05,Miramon,259
2016-05-05,Zegama,122
2016-05-06,Arrasate,150
2016-05-06,Berastegi,152
2016-05-06,Bidania,152
2016-05-06,Miramon,204
2016-05-06,Zegama,128
2016-05-07,Arrasate,149
2016-05-07,Berastegi,158
2016-05-07,Bidania,147
2016-05-07,Miramon,197
2016-05-07,Zegama,130
2016-05-08,Arrasate,150
2016-05-08,Berastegi,163
2016-05-08,Bidania,135
2016-05-08,Miramon,187
2016-05-08,Zegama,136
2016-05-09,Arrasate,164
2016-05-09,Berastegi,148
2016-05-09,Bidania,149
2016-05-09,Miramon,200
2016-05-09,Zegama,138
2016-05-10,Arrasate,159
2016-05-10,Berastegi,146
2016-05-10,Bidania,147
2016-05-10,Miramon,203
2016-05-10,Zegama,128
2016-05-11,Arrasate,240
2016-05-11,Berastegi,307
2016-05-11,Bidania,208
2016-05-11,Miramon,342
2016-05-11,Zegama,137
2016-05-12,Arrasate,314
2016-05-12,Berastegi,314
2016-05-12,Bidania,295
2016-05-12,Miramon,260
2016-05-12,Zegama,274
2016-05-13,Arrasate,327
2016-05-13,Berastegi,339
2016-05-13,Miramon,316
2016-05-13,Zegama,319
2016-05-14,Arrasate,309
2016-05-14,Berastegi,336
2016-05-14,Miramon,330
2016-05-14,Zegama,317
2016-05-15,Arrasate,338
2016-05-15,Berastegi,327
2016-05-15,Bidania,316
2016-05-15,Miramon,358
2016-05-15,Zegama,334
2016-05-16,Arrasate,8
2016-05-16,Berastegi,324
2016-05-16,Bidania,308
2016-05-16,Miramon,347
2016-05-16,Zegama,338
2016-05-17,Arrasate,342
2016-05-17,Berastegi,312
2016-05-17,Bidania,311
2016-05-17,Miramon,33
2016-05-17,Zegama,330
2016-05-18,Arrasate,324
2016-05-18,Berastegi,337
2016-05-18,Bidania,307
2016-05-18,Miramon,325
2016-05-18,Zegama,329
2016-05-19,Arrasate,323
2016-05-19,Berastegi,331
2016-05-19,Miramon,304
2016-05-19,Zegama,330
2016-05-20,Arrasate,112
2016-05-20,Berastegi,295
2016-05-20,Bidania,140
2016-05-20,Miramon,213
2016-05-20,Zegama,48
2016-05-21,Arrasate,184
2016-05-21,Berastegi,145
2016-05-21,Bidania,145
2016-05-21,Miramon,252
2016-05-21,Zegama,120
2016-05-22,Arrasate,313
2016-05-22,Berastegi,344
2016-05-22,Bidania,295
2016-05-22,Miramon,328
2016-05-22,Zegama,311
2016-05-23,Arrasate,5
2016-05-23,Berastegi,346
2016-05-23,Bidania,326
2016-05-23,Miramon,323
2016-05-23,Zegama,331
2016-05-24,Arrasate,174
2016-05-24,Berastegi,145
2016-05-24,Bidania,146
2016-05-24,Miramon,192
2016-05-24,Zegama,128
2016-05-25,Arrasate,344
2016-05-25,Berastegi,342
2016-05-25,Bidania,322
2016-05-25,Miramon,3
2016-05-25,Zegama,311
2016-05-26,Arrasate,349
2016-05-26,Berastegi,321
2016-05-26,Bidania,318
2016-05-26,Miramon,341
2016-05-26,Zegama,327
2016-05-27,Arrasate,320
2016-05-27,Berastegi,333
2016-05-27,Bidania,335
2016-05-27,Miramon,14
2016-05-27,Zegama,328
2016-05-28,Arrasate,235
2016-05-28,Berastegi,321
2016-05-28,Bidania,281
2016-05-28,Miramon,342
2016-05-28,Zegama,187
2016-05-29,Arrasate,311
2016-05-29,Berastegi,331
2016-05-29,Bidania,310
2016-05-29,Miramon,310
2016-05-29,Zegama,250
2016-05-30,Arrasate,317
2016-05-30,Berastegi,330
2016-05-30,Miramon,314
2016-05-30,Zegama,324
2016-05-31,Arrasate,308
2016-05-31,Berastegi,336
2016-05-31,Bidania,306
2016-05-31,Miramon,328
2016-05-31,Zegama,317
2016-06-01,Arrasate,327
2016-06-01,Berastegi,327
2016-06-01,Bidania,303
2016-06-01,Miramon,327
2016-06-01,Zegama,316
2016-06-02,Arrasate,357
2016-06-02,Berastegi,337
2016-06-02,Bidania,328
2016-06-02,Miramon,4
2016-06-02,Zegama,329
2016-06-03,Arrasate,330
2016-06-03,Berastegi,333
2016-06-03,Bidania,311
2016-06-03,Miramon,5
2016-06-03,Zegama,323
2016-06-04,Arrasate,350
2016-06-04,Berastegi,338
2016-06-04,Bidania,316
2016-06-04,Miramon,347
2016-06-04,Zegama,325
2016-06-05,Arrasate,350
2016-06-05,Berastegi,322
2016-06-05,Bidania,340
2016-06-05,Miramon,4
2016-06-05,Zegama,311
2016-06-06,Arrasate,344
2016-06-06,Berastegi,321
2016-06-06,Bidania,310
2016-06-06,Miramon,344
2016-06-06,Zegama,46
2016-06-07,Arrasate,352
2016-06-07,Berastegi,326
2016-06-07,Bidania,21
2016-06-07,Miramon,333
2016-06-07,Zegama,327
2016-06-08,Arrasate,347
2016-06-08,Berastegi,314
2016-06-08,Bidania,315
2016-06-08,Miramon,333
2016-06-08,Zegama,327
2016-06-09,Arrasate,10
2016-06-09,Berastegi,331
2016-06-09,Bidania,23
2016-06-09,Miramon,329
2016-06-09,Zegama,331
2016-06-10,Arrasate,328
2016-06-10,Berastegi,332
2016-06-10,Miramon,328
2016-06-10,Zegama,319
2016-06-11,Arrasate,350
2016-06-11,Berastegi,331
2016-06-11,Bidania,306
2016-06-11,Miramon,280
2016-06-11,Zegama,326
2016-06-12,Arrasate,347
2016-06-12,Berastegi,325
2016-06-12,Bidania,309
2016-06-12,Miramon,225
2016-06-12,Zegama,350
2016-06-13,Arrasate,315
2016-06-13,Berastegi,339
2016-06-13,Bidania,306
2016-06-13,Miramon,327
2016-06-13,Zegama,318
2016-06-14,Arrasate,337
2016-06-14,Berastegi,341
2016-06-14,Bidania,308
2016-06-14,Miramon,323
2016-06-14,Zegama,320
2016-06-15,Arrasate,229
2016-06-15,Berastegi,185
2016-06-15,Bidania,168
2016-06-15,Miramon,235
2016-06-15,Zegama,145
2016-06-16,Arrasate,308
2016-06-16,Berastegi,326
2016-06-16,Bidania,293
2016-06-16,Miramon,262
2016-06-16,Zegama,224
2016-06-17,Arrasate,314
2016-06-17,Berastegi,316
2016-06-17,Bidania,293
2016-06-17,Miramon,275
2016-06-17,Zegama,126
2016-06-18,Arrasate,299
2016-06-18,Berastegi,334
2016-06-18,Miramon,315
2016-06-18,Zegama,330
2016-06-19,Arrasate,353
2016-06-19,Berastegi,326
2016-06-19,Bidania,312
2016-06-19,Miramon,337
2016-06-19,Zegama,337
2016-06-20,Arrasate,342
2016-06-20,Berastegi,323
2016-06-20,Bidania,305
2016-06-20,Miramon,284
2016-06-20,Zegama,340
2016-06-21,Arrasate,137
2016-06-21,Berastegi,6
2016-06-21,Bidania,140
2016-06-21,Miramon,252
2016-06-21,Zegama,122
2016-06-22,Arrasate,142
2016-06-22,Berastegi,144
2016-06-22,Bidania,128
2016-06-22,Miramon,318
2016-06-22,Zegama,130
2016-06-23,Arrasate,352
2016-06-23,Berastegi,121
2016-06-23,Bidania,166
2016-06-23,Miramon,343
2016-06-23,Zegama,117
2016-06-24,Arrasate,342
2016-06-24,Berastegi,331
2016-06-24,Miramon,359
2016-06-24,Zegama,338
2016-06-25,Arrasate,349
2016-06-25,Berastegi,330
2016-06-25,Bidania,323
2016-06-25,Miramon,29
2016-06-25,Zegama,328
2016-06-26,Arrasate,349
2016-06-26,Berastegi,324
2016-06-26,Bidania,314
2016-06-26,Miramon,21
2016-06-26,Zegama,329
2016-06-27,Arrasate,356
2016-06-27,Berastegi,330
2016-06-27,Bidania,321
2016-06-27,Miramon,27
2016-06-27,Zegama,328
2016-06-28,Arrasate,335
2016-06-28,Berastegi,331
2016-06-28,Bidania,307
2016-06-28,Miramon,351
2016-06-28,Zegama,348
2016-06-29,Arrasate,346
2016-06-29,Berastegi,329
2016-06-29,Bidania,309
2016-06-29,Miramon,300
2016-06-29,Zegama,325
2016-06-30,Arrasate,335
2016-06-30,Berastegi,329
2016-06-30,Bidania,323
2016-06-30,Miramon,347
2016-06-30,Zegama,339
2016-07-01,Arrasate,12
2016-07-01,Berastegi,321
2016-07-01,Miramon,3
2016-07-01,Zegama,325
2016-07-02,Arrasate,349
2016-07-02,Berastegi,315
2016-07-02,Bidania,307
2016-07-02,Miramon,330
2016-07-02,Zegama,327
2016-07-03,Arrasate,4
2016-07-03,Berastegi,328
2016-07-03,Bidania,360
2016-07-03,Miramon,39
2016-07-03,Zegama,337
2016-07-04,Arrasate,347
2016-07-04,Berastegi,328
2016-07-04,Bidania,309
2016-07-04,Miramon,340
2016-07-04,Zegama,332
2016-07-05,Arrasate,353
2016-07-05,Berastegi,330
2016-07-05,Miramon,24
2016-07-05,Zegama,329
2016-07-06,Arrasate,346
2016-07-06,Berastegi,328
2016-07-06,Bidania,317
2016-07-06,Miramon,34
2016-07-06,Zegama,322
2016-07-07,Arrasate,349
2016-07-07,Berastegi,333
2016-07-07,Bidania,338
2016-07-07,Miramon,357
2016-07-07,Zegama,304
2016-07-08,Arrasate,358
2016-07-08,Berastegi,341
2016-07-08,Miramon,350
2016-07-08,Zegama,330
2016-07-09,Arrasate,333
2016-07-09,Berastegi,332
2016-07-09,Bidania,320
2016-07-09,Miramon,9
2016-07-09,Zegama,327
2016-07-10,Arrasate,351
2016-07-10,Berastegi,322
2016-07-10,Bidania,310
2016-07-10,Miramon,359
2016-07-10,Zegama,338
2016-07-11,Arrasate,340
2016-07-11,Berastegi,330
2016-07-11,Miramon,333
2016-07-11,Zegama,329
2016-07-12,Arrasate,315
2016-07-12,Berastegi,329
2016-07-12,Miramon,305
2016-07-12,Zegama,327
2016-07-13,Arrasate,322
2016-07-13,Berastegi,334
2016-07-13,Bidania,311
2016-07-13,Miramon,344
2016-07-13,Zegama,308
2016-07-14,Arrasate,349
2016-07-14,Berastegi,328
2016-07-14,Bidania,330
2016-07-14,Miramon,16
2016-07-14,Zegama,321
2016-07-15,Arrasate,2
2016-07-15,Berastegi,318
2016-07-15,Bidania,20
2016-07-15,Miramon,67
2016-07-15,Zegama,329
2016-07-16,Arrasate,348
2016-07-16,Berastegi,316
2016-07-16,Bidania,94
2016-07-16,Miramon,309
2016-07-16,Zegama,353
2016-07-17,Arrasate,359
2016-07-17,Berastegi,192
2016-07-17,Bidania,137
2016-07-17,Miramon,240
2016-07-17,Zegama,130
2016-07-18,Arrasate,148
2016-07-18,Berastegi,140
2016-07-18,Bidania,138
2016-07-18,Miramon,215
2016-07-18,Zegama,131
2016-07-19,Arrasate,165
2016-07-19,Berastegi,140
2016-07-19,Bidania,140
2016-07-19,Miramon,234
2016-07-19,Zegama,132
2016-07-20,Arrasate,335
2016-07-20,Berastegi,328
2016-07-20,Bidania,311
2016-07-20,Miramon,318
2016-07-20,Zegama,350
2016-07-21,Arrasate,336
2016-07-21,Berastegi,322
2016-07-21,Bidania,305
2016-07-21,Miramon,314
2016-07-21,Zegama,326
2016-07-22,Arrasate,341
2016-07-22,Berastegi,325
2016-07-22,Miramon,349
2016-07-22,Zegama,319
2016-07-23,Arrasate,341
2016-07-23,Berastegi,327
2016-07-23,Miramon,332
2016-07-23,Zegama,321
2016-07-24,Arrasate,4
2016-07-24,Berastegi,346
2016-07-24,Miramon,340
2016-07-24,Zegama,322
2016-07-25,Arrasate,352
2016-07-25,Berastegi,323
2016-07-25,Bidania,8
2016-07-25,Miramon,21
2016-07-25,Zegama,326
2016-07-26,Arrasate,356
2016-07-26,Berastegi,323
2016-07-26,Bidania,324
2016-07-26,Miramon,17
2016-07-26,Zegama,335
2016-07-27,Arrasate,359
2016-07-27,Berastegi,333
2016-07-27,Bidania,311
2016-07-27,Miramon,358
2016-07-27,Zegama,338
2016-07-28,Arrasate,336
2016-07-28,Berastegi,315
2016-07-28,Bidania,312
2016-07-28,Miramon,4
2016-07-28,Zegama,315
2016-07-29,Arrasate,359
2016-07-29,Berastegi,325
2016-07-29,Bidania,313
2016-07-29,Miramon,26
2016-07-29,Zegama,322
2016-07-30,Arrasate,354
2016-07-30,Berastegi,331
2016-07-30,Bidania,313
2016-07-30,Miramon,6
2016-07-30,Zegama,328
2016-07-31,Arrasate,353
2016-07-31,Berastegi,333
2016-07-31,Bidania,310
2016-07-31,Miramon,292
2016-07-31,Zegama,320
2016-08-01,Arrasate,339
2016-08-01,Berastegi,329
2016-08-01,Bidania,342
2016-08-01,Miramon,254
2016-08-01,Zegama,336
2016-08-02,Arrasate,332
2016-08-02,Berastegi,317
2016-08-02,Bidania,314
2016-08-02,Miramon,265
2016-08-02,Zegama,340
2016-08-03,Arrasate,344
2016-08-03,Berastegi,333
2016-08-03,Bidania,311
2016-08-03,Miramon,314
2016-08-03,Zegama,347
2016-08-04,Arrasate,321
2016-08-04,Berastegi,328
2016-08-04,Bidania,310
2016-08-04,Miramon,335
2016-08-04,Zegama,319
2016-08-05,Arrasate,340
2016-08-05,Berastegi,324
2016-08-05,Bidania,319
2016-08-05,Miramon,28
2016-08-05,Zegama,338
2016-08-06,Arrasate,359
2016-08-06,Berastegi,317
2016-08-06,Bidania,328
2016-08-06,Miramon,14
2016-08-06,Zegama,323
2016-08-07,Arrasate,347
2016-08-07,Berastegi,321
2016-08-07,Bidania,313
2016-08-07,Miramon,288
2016-08-07,Zegama,354
2016-08-08,Arrasate,7
2016-08-08,Berastegi,329
2016-08-08,Bidania,308
2016-08-08,Miramon,300
2016-08-08,Zegama,348
2016-08-09,Arrasate,334
2016-08-09,Berastegi,335
2016-08-09,Bidania,318
2016-08-09,Miramon,26
2016-08-09,Zegama,328
2016-08-10,Arrasate,345
2016-08-10,Berastegi,319
2016-08-10,Bidania,325
2016-08-10,Miramon,9
2016-08-10,Zegama,331
2016-08-11,Arrasate,353
2016-08-11,Berastegi,314
2016-08-11,Bidania,320
2016-08-11,Miramon,14
2016-08-11,Zegama,324
2016-08-12,Arrasate,356
2016-08-12,Berastegi,329
2016-08-12,Bidania,143
2016-08-12,Miramon,260
2016-08-12,Zegama,53
2016-08-13,Arrasate,328
2016-08-13,Berastegi,167
2016-08-13,Bidania,124
2016-08-13,Miramon,256
2016-08-13,Zegama,122
2016-08-14,Arrasate,103
2016-08-14,Berastegi,146
2016-08-14,Bidania,125
2016-08-14,Miramon,328
2016-08-14,Zegama,129
2016-08-15,Arrasate,324
2016-08-15,Berastegi,142
2016-08-15,Bidania,122
2016-08-15,Miramon,246
2016-08-15,Zegama,137
2016-08-16,Arrasate,352
2016-08-16,Berastegi,333
2016-08-16,Bidania,50
2016-08-16,Miramon,353
2016-08-16,Zegama,99
2016-08-17,Arrasate,335
2016-08-17,Berastegi,340
2016-08-17,Miramon,349
2016-08-17,Zegama,333
2016-08-18,Arrasate,1
2016-08-18,Berastegi,341
2016-08-18,Bidania,312
2016-08-18,Miramon,342
2016-08-18,Zegama,347
2016-08-19,Arrasate,336
2016-08-19,Berastegi,336
2016-08-19,Bidania,313
2016-08-19,Miramon,288
2016-08-19,Zegama,60
2016-08-20,Arrasate,358
2016-08-20,Berastegi,326
2016-08-20,Miramon,338
2016-08-20,Zegama,325
2016-08-21,Arrasate,348
2016-08-21,Berastegi,340
2016-08-21,Bidania,334
2016-08-21,Miramon,275
2016-08-21,Zegama,358
2016-08-22,Arrasate,107
2016-08-22,Berastegi,327
2016-08-22,Bidania,144
2016-08-22,Miramon,195
2016-08-22,Zegama,146
2016-08-23,Arrasate,286
2016-08-23,Berastegi,153
2016-08-23,Bidania,120
2016-08-23,Miramon,289
2016-08-23,Zegama,131
2016-08-24,Arrasate,96
2016-08-24,Berastegi,178
2016-08-24,Bidania,144
2016-08-24,Miramon,5
2016-08-24,Zegama,112
2016-08-25,Arrasate,136
2016-08-25,Berastegi,137
2016-08-25,Bidania,134
2016-08-25,Miramon,339
2016-08-25,Zegama,130
2016-08-26,Arrasate,332
2016-08-26,Berastegi,323
2016-08-26,Bidania,320
2016-08-26,Miramon,319
2016-08-26,Zegama,325
2016-08-27,Arrasate,321
2016-08-27,Berastegi,86
2016-08-27,Bidania,128
2016-08-27,Miramon,344
2016-08-27,Zegama,110
2016-08-28,Arrasate,345
2016-08-28,Berastegi,326
2016-08-28,Miramon,335
2016-08-28,Zegama,316
2016-08-29,Arrasate,342
2016-08-29,Berastegi,335
2016-08-29,Bidania,310
2016-08-29,Miramon,346
2016-08-29,Zegama,331
2016-08-30,Arrasate,5
2016-08-30,Berastegi,329
2016-08-30,Bidania,359
2016-08-30,Miramon,15
2016-08-30,Zegama,318
2016-08-31,Arrasate,342
2016-08-31,Berastegi,334
2016-08-31,Bidania,312
2016-08-31,Miramon,262
2016-08-31,Zegama,336
2016-09-01,Arrasate,328
2016-09-01,Berastegi,319
2016-09-01,Bidania,317
2016-09-01,Miramon,277
2016-09-01,Zegama,336
2016-09-02,Arrasate,360
2016-09-02,Berastegi,319
2016-09-02,Bidania,316
2016-09-02,Miramon,258
2016-09-02,Zegama,330
2016-09-03,Arrasate,325
2016-09-03,Berastegi,322
2016-09-03,Bidania,138
2016-09-03,Miramon,259
2016-09-03,Zegama,206
2016-09-04,Arrasate,344
2016-09-04,Berastegi,331
2016-09-04,Bidania,327
2016-09-04,Miramon,290
2016-09-04,Zegama,324
2016-09-05,Arrasate,352
2016-09-05,Berastegi,318
2016-09-05,Bidania,311
2016-09-05,Miramon,320
2016-09-05,Zegama,343
2016-09-06,Arrasate,319
2016-09-06,Berastegi,324
2016-09-06,Bidania,172
2016-09-06,Miramon,240
2016-09-06,Zegama,302
2016-09-07,Arrasate,336
2016-09-07,Berastegi,150
2016-09-07,Bidania,201
2016-09-07,Miramon,271
2016-09-07,Zegama,121
2016-09-08,Arrasate,6
2016-09-08,Berastegi,325
2016-09-08,Miramon,338
2016-09-08,Zegama,322
2016-09-09,Arrasate,14
2016-09-09,Berastegi,329
2016-09-09,Miramon,302
2016-09-09,Zegama,305
2016-09-10,Arrasate,330
2016-09-10,Berastegi,323
2016-09-10,Bidania,319
2016-09-10,Miramon,261
2016-09-10,Zegama,324
2016-09-11,Arrasate,33
2016-09-11,Berastegi,327
2016-09-11,Bidania,106
2016-09-11,Miramon,254
2016-09-11,Zegama,233
2016-09-12,Arrasate,148
2016-09-12,Berastegi,151
2016-09-12,Bidania,144
2016-09-12,Miramon,194
2016-09-12,Zegama,132
2016-09-13,Arrasate,165
2016-09-13,Berastegi,156
2016-09-13,Bidania,160
2016-09-13,Miramon,234
2016-09-13,Zegama,134
2016-09-14,Arrasate,313
2016-09-14,Berastegi,320
2016-09-14,Bidania,311
2016-09-14,Miramon,219
2016-09-14,Zegama,162
2016-09-15,Arrasate,213
2016-09-15,Berastegi,156
2016-09-15,Bidania,158
2016-09-15,Miramon,174
2016-09-15,Zegama,187
2016-09-16,Arrasate,307
2016-09-16,Bidania,306
2016-09-16,Miramon,256
2016-09-16,Zegama,312
2016-09-17,Arrasate,306
2016-09-17,Berastegi,335
2016-09-17,Miramon,306
2016-09-17,Zegama,310
2016-09-18,Arrasate,305
2016-09-18,Berastegi,326
2016-09-18,Miramon,246
2016-09-18,Zegama,312
2016-09-19,Arrasate,68
2016-09-19,Miramon,207
2016-09-19,Zegama,317
2016-09-20,Arrasate,346
2016-09-20,Berastegi,319
2016-09-20,Bidania,318
2016-09-20,Miramon,278
2016-09-20,Zegama,326
2016-09-21,Arrasate,340
2016-09-21,Berastegi,325
2016-09-21,Bidania,304
2016-09-21,Miramon,211
2016-09-21,Zegama,304
2016-09-22,Arrasate,0
2016-09-22,Berastegi,327
2016-09-22,Bidania,325
2016-09-22,Miramon,308
2016-09-22,Zegama,335
2016-09-23,Arrasate,340
2016-09-23,Berastegi,315
2016-09-23,Bidania,317
2016-09-23,Miramon,75
2016-09-23,Zegama,243
2016-09-24,Arrasate,162
2016-09-24,Berastegi,144
2016-09-24,Bidania,136
2016-09-24,Miramon,170
2016-09-24,Zegama,124
2016-09-25,Arrasate,340
2016-09-25,Berastegi,326
2016-09-25,Bidania,306
2016-09-25,Miramon,259
2016-09-25,Zegama,331
2016-09-26,Arrasate,342
2016-09-26,Berastegi,322
2016-09-26,Bidania,313
2016-09-26,Miramon,219
2016-09-26,Zegama,303
2016-09-27,Arrasate,336
2016-09-27,Berastegi,331
2016-09-27,Miramon,205
2016-09-27,Zegama,332
2016-09-28,Arrasate,118
2016-09-28,Berastegi,51
2016-09-28,Bidania,146
2016-09-28,Miramon,149
2016-09-28,Zegama,126
2016-09-29,Arrasate,228
2016-09-29,Berastegi,149
2016-09-29,Bidania,154
2016-09-29,Miramon,199
2016-09-29,Zegama,153
2016-09-30,Arrasate,203
2016-09-30,Berastegi,145
2016-09-30,Bidania,159
2016-09-30,Miramon,225
2016-09-30,Zegama,128
2016-10-01,Arrasate,337
2016-10-01,Berastegi,326
2016-10-01,Bidania,309
2016-10-01,Miramon,227
2016-10-01,Zegama,349
2016-10-02,Arrasate,346
2016-10-02,Berastegi,333
2016-10-02,Bidania,322
2016-10-02,Miramon,182
2016-10-02,Zegama,345
2016-10-03,Arrasate,132
2016-10-03,Berastegi,151
2016-10-03,Bidania,144
2016-10-03,Miramon,141
2016-10-03,Zegama,137
2016-10-04,Arrasate,321
2016-10-04,Berastegi,334
2016-10-04,Bidania,156
2016-10-04,Miramon,286
2016-10-04,Zegama,45
2016-10-05,Arrasate,352
2016-10-05,Berastegi,331
2016-10-05,Miramon,219
2016-10-05,Zegama,318
2016-10-06,Arrasate,358
2016-10-06,Berastegi,333
2016-10-06,Bidania,311
2016-10-06,Miramon,216
2016-10-06,Zegama,332
2016-10-07,Arrasate,342
2016-10-07,Berastegi,331
2016-10-07,Bidania,298
2016-10-07,Miramon,167
2016-10-07,Zegama,263
2016-10-08,Arrasate,6
2016-10-08,Berastegi,324
2016-10-08,Bidania,309
2016-10-08,Miramon,181
2016-10-08,Zegama,319
2016-10-09,Arrasate,10
2016-10-09,Berastegi,315
2016-10-09,Bidania,344
2016-10-09,Miramon,24
2016-10-09,Zegama,320
2016-10-10,Arrasate,7
2016-10-10,Berastegi,308
2016-10-10,Bidania,328
2016-10-10,Miramon,171
2016-10-10,Zegama,71
2016-10-11,Arrasate,104
2016-10-11,Berastegi,350
2016-10-11,Bidania,136
2016-10-11,Miramon,149
2016-10-11,Zegama,133
2016-10-12,Arrasate,148
2016-10-12,Berastegi,155
2016-10-12,Bidania,138
2016-10-12,Miramon,173
2016-10-12,Zegama,135
2016-10-13,Arrasate,140
2016-10-13,Berastegi,71
2016-10-13,Bidania,82
2016-10-13,Miramon,207
2016-10-13,Zegama,118
2016-10-14,Arrasate,316
2016-10-14,Berastegi,325
2016-10-14,Miramon,258
2016-10-14,Zegama,295
2016-10-15,Arrasate,186
2016-10-15,Berastegi,146
2016-10-15,Bidania,151
2016-10-15,Miramon,176
2016-10-15,Zegama,168
2016-10-16,Arrasate,190
2016-10-16,Berastegi,142
2016-10-16,Bidania,152
2016-10-16,Miramon,194
2016-10-16,Zegama,135
2016-10-17,Arrasate,62
2016-10-17,Berastegi,325
2016-10-17,Bidania,325
2016-10-17,Miramon,298
2016-10-17,Zegama,265
2016-10-18,Arrasate,354
2016-10-18,Berastegi,321
2016-10-18,Bidania,351
2016-10-18,Miramon,35
2016-10-18,Zegama,306
2016-10-19,Arrasate,329
2016-10-19,Berastegi,306
2016-10-19,Bidania,343
2016-10-19,Miramon,178
2016-10-19,Zegama,146
2016-10-20,Arrasate,334
2016-10-20,Berastegi,308
2016-10-20,Bidania,335
2016-10-20,Miramon,339
2016-10-20,Zegama,324
2016-10-21,Arrasate,319
2016-10-21,Berastegi,312
2016-10-21,Bidania,104
2016-10-21,Miramon,146
2016-10-21,Zegama,148
2016-10-22,Arrasate,163
2016-10-22,Berastegi,155
2016-10-22,Bidania,143
2016-10-22,Miramon,173
2016-10-22,Zegama,125
2016-10-23,Arrasate,154
2016-10-23,Berastegi,164
2016-10-23,Bidania,151
2016-10-23,Miramon,167
2016-10-23,Zegama,139
2016-10-24,Arrasate,193
2016-10-24,Berastegi,144
2016-10-24,Bidania,146
2016-10-24,Miramon,178
2016-10-24,Zegama,152
2016-10-25,Arrasate,172
2016-10-25,Berastegi,145
2016-10-25,Bidania,127
2016-10-25,Miramon,208
2016-10-25,Zegama,141
2016-10-26,Arrasate,13
2016-10-26,Berastegi,327
2016-10-26,Miramon,333
2016-10-26,Zegama,311
2016-10-27,Arrasate,291
2016-10-27,Berastegi,335
2016-10-27,Bidania,333
2016-10-27,Miramon,359
2016-10-27,Zegama,255
2016-10-28,Arrasate,143
2016-10-28,Berastegi,301
2016-10-28,Bidania,146
2016-10-28,Miramon,173
2016-10-28,Zegama,137
2016-10-29,Arrasate,132
2016-10-29,Berastegi,320
2016-10-29,Bidania,150
2016-10-29,Miramon,175
2016-10-29,Zegama,137
2016-10-30,Arrasate,210
2016-10-30,Berastegi,343
2016-10-30,Bidania,35
2016-10-30,Miramon,195
2016-10-30,Zegama,138
2016-10-31,Arrasate,216
2016-10-31,Berastegi,166
2016-10-31,Bidania,130
2016-10-31,Miramon,182
2016-10-31,Zegama,137
2016-11-01,Arrasate,262
2016-11-01,Berastegi,161
2016-11-01,Bidania,134
2016-11-01,Miramon,185
2016-11-01,Zegama,130
2016-11-02,Arrasate,310
2016-11-02,Berastegi,334
2016-11-02,Bidania,324
2016-11-02,Miramon,176
2016-11-02,Zegama,142
2016-11-03,Arrasate,160
2016-11-03,Berastegi,329
2016-11-03,Bidania,131
2016-11-03,Miramon,181
2016-11-03,Zegama,139
2016-11-04,Arrasate,226
2016-11-04,Berastegi,136
2016-11-04,Bidania,153
2016-11-04,Miramon,184
2016-11-04,Zegama,148
2016-11-05,Arrasate,292
2016-11-05,Berastegi,78
2016-11-05,Miramon,273
2016-11-05,Zegama,298
2016-11-06,Arrasate,289
2016-11-06,Berastegi,292
2016-11-06,Miramon,214
2016-11-06,Zegama,318
2016-11-07,Arrasate,308
2016-11-07,Berastegi,229
2016-11-07,Miramon,182
2016-11-07,Zegama,334
2016-11-08,Arrasate,231
2016-11-08,Berastegi,194
2016-11-08,Miramon,207
2016-11-08,Zegama,247
2016-11-09,Arrasate,223
2016-11-09,Berastegi,300
2016-11-09,Miramon,249
2016-11-09,Zegama,240
2016-11-10,Arrasate,331
2016-11-10,Berastegi,294
2016-11-10,Bidania,288
2016-11-10,Miramon,244
2016-11-10,Zegama,272
2016-11-11,Arrasate,124
2016-11-11,Berastegi,329
2016-11-11,Miramon,234
2016-11-11,Zegama,322
2016-11-12,Arrasate,275
2016-11-12,Berastegi,321
2016-11-12,Bidania,303
2016-11-12,Miramon,187
2016-11-12,Zegama,135
2016-11-13,Arrasate,325
2016-11-13,Berastegi,331
2016-11-13,Miramon,329
2016-11-13,Zegama,315
2016-11-14,Arrasate,342
2016-11-14,Berastegi,313
2016-11-14,Bidania,322
2016-11-14,Miramon,19
2016-11-14,Zegama,314
2016-11-15,Arrasate,359
2016-11-15,Berastegi,324
2016-11-15,Bidania,326
2016-11-15,Miramon,139
2016-11-15,Zegama,322
2016-11-16,Arrasate,185
2016-11-16,Berastegi,336
2016-11-16,Bidania,325
2016-11-16,Miramon,185
2016-11-16,Zegama,149
2016-11-17,Arrasate,190
2016-11-17,Berastegi,214
2016-11-17,Bidania,304
2016-11-17,Miramon,184
2016-11-17,Zegama,143
2016-11-18,Arrasate,317
2016-11-18,Berastegi,259
2016-11-18,Bidania,309
2016-11-18,Miramon,225
2016-11-18,Zegama,191
2016-11-19,Arrasate,209
2016-11-19,Berastegi,152
2016-11-19,Bidania,168
2016-11-19,Miramon,201
2016-11-19,Zegama,160
2016-11-20,Arrasate,178
2016-11-20,Berastegi,150
2016-11-20,Bidania,155
2016-11-20,Miramon,165
2016-11-20,Zegama,141
2016-11-21,Arrasate,200
2016-11-21,Berastegi,164
2016-11-21,Bidania,167
2016-11-21,Miramon,188
2016-11-21,Zegama,135
2016-11-22,Arrasate,0
2016-11-22,Berastegi,318
2016-11-22,Bidania,339
2016-11-22,Miramon,135
2016-11-22,Zegama,286
2016-11-23,Arrasate,82
2016-11-23,Berastegi,125
2016-11-23,Miramon,170
2016-11-23,Zegama,254
2016-11-24,Arrasate,183
2016-11-24,Berastegi,148
2016-11-24,Bidania,154
2016-11-24,Miramon,179
2016-11-24,Zegama,174
2016-11-25,Arrasate,177
2016-11-25,Berastegi,156
2016-11-25,Bidania,137
2016-11-25,Miramon,174
2016-11-25,Zegama,137
2016-11-26,Arrasate,151
2016-11-26,Berastegi,171
2016-11-26,Bidania,122
2016-11-26,Miramon,110
2016-11-26,Zegama,138
2016-11-27,Arrasate,196
2016-11-27,Berastegi,180
2016-11-27,Bidania,119
2016-11-27,Miramon,139
2016-11-27,Zegama,147
2016-11-28,Arrasate,114
2016-11-28,Berastegi,320
2016-11-28,Miramon,178
2016-11-28,Zegama,309
2016-11-29,Arrasate,147
2016-11-29,Berastegi,144
2016-11-29,Bidania,148
2016-11-29,Miramon,167
2016-11-29,Zegama,121
2016-11-30,Arrasate,141
2016-11-30,Berastegi,161
2016-11-30,Bidania,152
2016-11-30,Miramon,150
2016-11-30,Zegama,117
2016-12-01,Arrasate,191
2016-12-01,Berastegi,141
2016-12-01,Bidania,137
2016-12-01,Miramon,175
2016-12-01,Zegama,122
2016-12-02,Arrasate,163
2016-12-02,Berastegi,310
2016-12-02,Bidania,127
2016-12-02,Miramon,181
2016-12-02,Zegama,137
2016-12-03,Arrasate,191
2016-12-03,Berastegi,150
2016-12-03,Bidania,137
2016-12-03,Miramon,174
2016-12-03,Zegama,133
2016-12-04,Arrasate,152
2016-12-04,Berastegi,152
2016-12-04,Bidania,147
2016-12-04,Miramon,180
2016-12-04,Zegama,136
2016-12-05,Arrasate,159
2016-12-05,Berastegi,150
2016-12-05,Bidania,147
2016-12-05,Miramon,179
2016-12-05,Zegama,135
2016-12-06,Arrasate,161
2016-12-06,Berastegi,300
2016-12-06,Bidania,134
2016-12-06,Miramon,180
2016-12-06,Zegama,137
2016-12-07,Arrasate,271
2016-12-07,Berastegi,161
2016-12-07,Bidania,137
2016-12-07,Miramon,181
2016-12-07,Zegama,131
2016-12-08,Arrasate,259
2016-12-08,Berastegi,158
2016-12-08,Bidania,132
2016-12-08,Miramon,177
2016-12-08,Zegama,124
2016-12-09,Arrasate,260
2016-12-09,Berastegi,150
2016-12-09,Bidania,139
2016-12-09,Miramon,180
2016-12-09,Zegama,128
2016-12-10,Arrasate,260
2016-12-10,Berastegi,141
2016-12-10,Bidania,148
2016-12-10,Miramon,193
2016-12-10,Zegama,141
2016-12-11,Arrasate,108
2016-12-11,Berastegi,312
2016-12-11,Bidania,35
2016-12-11,Miramon,178
2016-12-11,Zegama,143
2016-12-12,Arrasate,346
2016-12-12,Berastegi,307
2016-12-12,Bidania,66
2016-12-12,Miramon,190
2016-12-12,Zegama,47
2016-12-13,Arrasate,247
2016-12-13,Berastegi,137
2016-12-13,Bidania,150
2016-12-13,Miramon,175
2016-12-13,Zegama,133
2016-12-14,Arrasate,234
2016-12-14,Berastegi,135
2016-12-14,Bidania,156
2016-12-14,Miramon,186
2016-12-14,Zegama,135
2016-12-15,Arrasate,187
2016-12-15,Berastegi,141
2016-12-15,Bidania,156
2016-12-15,Miramon,169
2016-12-15,Zegama,136
2016-12-16,Arrasate,152
2016-12-16,Berastegi,157
2016-12-16,Bidania,148
2016-12-16,Miramon,184
2016-12-16,Zegama,131
2016-12-17,Arrasate,228
2016-12-17,Berastegi,319
2016-12-17,Bidania,344
2016-12-17,Miramon,186
2016-12-17,Zegama,143
2016-12-18,Arrasate,178
2016-12-18,Berastegi,325
2016-12-18,Bidania,149
2016-12-18,Miramon,175
2016-12-18,Zegama,136
2016-12-19,Arrasate,323
2016-12-19,Berastegi,332
2016-12-19,Bidania,312
2016-12-19,Miramon,217
2016-12-19,Zegama,317
2016-12-20,Arrasate,6
2016-12-20,Berastegi,328
2016-12-20,Miramon,195
2016-12-20,Zegama,318
2016-12-21,Arrasate,119
2016-12-21,Berastegi,340
2016-12-21,Miramon,177
2016-12-21,Zegama,150
2016-12-22,Arrasate,113
2016-12-22,Berastegi,335
2016-12-22,Miramon,181
2016-12-22,Zegama,136
2016-12-23,Arrasate,40
2016-12-23,Berastegi,332
2016-12-23,Bidania,326
2016-12-23,Miramon,193
2016-12-23,Zegama,139
2016-12-24,Arrasate,119
2016-12-24,Berastegi,318
2016-12-24,Miramon,191
2016-12-24,Zegama,325
2016-12-25,Arrasate,156
2016-12-25,Berastegi,324
2016-12-25,Miramon,168
2016-12-25,Zegama,182
2016-12-26,Arrasate,41
2016-12-26,Berastegi,126
2016-12-26,Bidania,40
2016-12-26,Miramon,109
2016-12-26,Zegama,280
2016-12-27,Arrasate,153
2016-12-27,Berastegi,324
2016-12-27,Bidania,151
2016-12-27,Miramon,176
2016-12-27,Zegama,149
2016-12-28,Arrasate,210
2016-12-28,Berastegi,150
2016-12-28,Bidania,129
2016-12-28,Miramon,189
2016-12-28,Zegama,125
2016-12-29,Arrasate,157
2016-12-29,Berastegi,333
2016-12-29,Bidania,343
2016-12-29,Miramon,179
2016-12-29,Zegama,134
2016-12-30,Arrasate,135
2016-12-30,Berastegi,341
2016-12-30,Bidania,156
2016-12-30,Miramon,196
2016-12-30,Zegama,134
2016-12-31,Arrasate,198
2016-12-31,Berastegi,166
2016-12-31,Bidania,132
2016-12-31,Miramon,196
2016-12-31,Zegama,138
2017-01-01,Arrasate,194
2017-01-01,Berastegi,192
2017-01-01,Bidania,148
2017-01-01,Miramon,175
2017-01-01,Zegama,133
2017-01-02,Arrasate,268
2017-01-02,Berastegi,162
2017-01-02,Bidania,141
2017-01-02,Miramon,185
2017-01-02,Zegama,136
2017-01-03,Arrasate,153
2017-01-03,Berastegi,326
2017-01-03,Bidania,346
2017-01-03,Miramon,190
2017-01-03,Zegama,139
2017-01-04,Arrasate,140
2017-01-04,Berastegi,329
2017-01-04,Bidania,323
2017-01-04,Miramon,187
2017-01-04,Zegama,159
2017-01-05,Arrasate,3
2017-01-05,Berastegi,88
2017-01-05,Bidania,124
2017-01-05,Miramon,158
2017-01-05,Zegama,272
2017-01-06,Arrasate,27
2017-01-06,Berastegi,337
2017-01-06,Bidania,325
2017-01-06,Miramon,185
2017-01-06,Zegama,199
2017-01-07,Arrasate,146
2017-01-07,Berastegi,325
2017-01-07,Bidania,338
2017-01-07,Miramon,179
2017-01-07,Zegama,163
2017-01-08,Arrasate,49
2017-01-08,Berastegi,344
2017-01-08,Bidania,7
2017-01-08,Miramon,174
2017-01-08,Zegama,325
2017-01-09,Arrasate,120
2017-01-09,Berastegi,344
2017-01-09,Bidania,346
2017-01-09,Miramon,174
2017-01-09,Zegama,299
2017-01-10,Arrasate,298
2017-01-10,Berastegi,329
2017-01-10,Miramon,304
2017-01-10,Zegama,315
2017-01-11,Arrasate,302
2017-01-11,Berastegi,334
2017-01-11,Miramon,303
2017-01-11,Zegama,323
2017-01-12,Arrasate,295
2017-01-12,Berastegi,330
2017-01-12,Miramon,250
2017-01-12,Zegama,269
2017-01-13,Arrasate,295
2017-01-13,Berastegi,327
2017-01-13,Miramon,309
2017-01-13,Zegama,319
2017-01-14,Arrasate,314
2017-01-14,Berastegi,345
2017-01-14,Miramon,294
2017-01-14,Zegama,311
2017-01-15,Arrasate,309
2017-01-15,Berastegi,335
2017-01-15,Miramon,321
2017-01-15,Zegama,311
2017-01-16,Arrasate,313
2017-01-16,Berastegi,323
2017-01-16,Miramon,329
2017-01-16,Zegama,321
2017-01-17,Arrasate,349
2017-01-17,Berastegi,303
2017-01-17,Bidania,335
2017-01-17,Miramon,44
2017-01-17,Zegama,326
2017-01-18,Arrasate,4
2017-01-18,Berastegi,332
2017-01-18,Miramon,99
2017-01-18,Zegama,318
2017-01-19,Arrasate,76
2017-01-19,Berastegi,347
2017-01-19,Bidania,323
2017-01-19,Miramon,139
2017-01-19,Zegama,6
2017-01-20,Arrasate,229
2017-01-20,Berastegi,348
2017-01-20,Bidania,63
2017-01-20,Miramon,176
2017-01-20,Zegama,144
2017-01-21,Arrasate,200
2017-01-21,Berastegi,317
2017-01-21,Bidania,309
2017-01-21,Miramon,184
2017-01-21,Zegama,141
2017-01-22,Arrasate,325
2017-01-22,Berastegi,330
2017-01-22,Bidania,315
2017-01-22,Miramon,186
2017-01-22,Zegama,319
2017-01-23,Arrasate,324
2017-01-23,Berastegi,335
2017-01-23,Bidania,312
2017-01-23,Miramon,242
2017-01-23,Zegama,331
2017-01-24,Arrasate,348
2017-01-24,Berastegi,322
2017-01-24,Bidania,314
2017-01-24,Miramon,255
2017-01-24,Zegama,315
2017-01-25,Arrasate,325
2017-01-25,Berastegi,309
2017-01-25,Bidania,330
2017-01-25,Miramon,165
2017-01-25,Zegama,87
2017-01-26,Arrasate,152
2017-01-26,Berastegi,155
2017-01-26,Bidania,152
2017-01-26,Miramon,158
2017-01-26,Zegama,123
2017-01-27,Arrasate,145
2017-01-27,Berastegi,154
2017-01-27,Bidania,160
2017-01-27,Miramon,165
2017-01-27,Zegama,140
2017-01-28,Arrasate,210
2017-01-28,Berastegi,295
2017-01-28,Bidania,290
2017-01-28,Miramon,205
2017-01-28,Zegama,163
2017-01-29,Arrasate,238
2017-01-29,Berastegi,140
2017-01-29,Bidania,149
2017-01-29,Miramon,177
2017-01-29,Zegama,222
2017-01-30,Arrasate,223
2017-01-30,Berastegi,135
2017-01-30,Bidania,151
2017-01-30,Miramon,175
2017-01-30,Zegama,195
2017-01-31,Arrasate,186
2017-01-31,Berastegi,153
2017-01-31,Bidania,158
2017-01-31,Miramon,181
2017-01-31,Zegama,131
2017-02-01,Arrasate,204
2017-02-01,Berastegi,141
2017-02-01,Bidania,160
2017-02-01,Miramon,208
2017-02-01,Zegama,165
2017-02-02,Arrasate,182
2017-02-02,Berastegi,152
2017-02-02,Bidania,167
2017-02-02,Miramon,177
2017-02-02,Zegama,139
2017-02-03,Arrasate,207
2017-02-03,Berastegi,164
2017-02-03,Bidania,176
2017-02-03,Miramon,187
2017-02-03,Zegama,124
2017-02-04,Arrasate,232
2017-02-04,Berastegi,175
2017-02-04,Bidania,209
2017-02-04,Miramon,223
2017-02-04,Zegama,115
2017-02-05,Arrasate,278
2017-02-05,Berastegi,306
2017-02-05,Bidania,290
2017-02-05,Miramon,279
2017-02-05,Zegama,313
2017-02-06,Arrasate,284
2017-02-06,Berastegi,336
2017-02-06,Bidania,311
2017-02-06,Miramon,213
2017-02-06,Zegama,290
2017-02-07,Arrasate,306
2017-02-07,Berastegi,331
2017-02-07,Bidania,307
2017-02-07,Miramon,271
2017-02-07,Zegama,321
2017-02-08,Arrasate,306
2017-02-08,Berastegi,324
2017-02-08,Bidania,313
2017-02-08,Miramon,315
2017-02-08,Zegama,312
2017-02-09,Arrasate,207
2017-02-09,Berastegi,141
2017-02-09,Bidania,140
2017-02-09,Miramon,142
2017-02-09,Zegama,115
2017-02-10,Arrasate,155
2017-02-10,Berastegi,151
2017-02-10,Bidania,144
2017-02-10,Miramon,163
2017-02-10,Zegama,132
2017-02-11,Arrasate,44
2017-02-11,Berastegi,150
2017-02-11,Bidania,129
2017-02-11,Miramon,181
2017-02-11,Zegama,142
2017-02-12,Arrasate,130
2017-02-12,Berastegi,173
2017-02-12,Bidania,132
2017-02-12,Miramon,138
2017-02-12,Zegama,134
2017-02-13,Arrasate,133
2017-02-13,Berastegi,170
2017-02-13,Bidania,134
2017-02-13,Miramon,146
2017-02-13,Zegama,138
2017-02-14,Arrasate,172
2017-02-14,Berastegi,145
2017-02-14,Bidania,155
2017-02-14,Miramon,171
2017-02-14,Zegama,144
2017-02-15,Arrasate,164
2017-02-15,Berastegi,140
2017-02-15,Bidania,156
2017-02-15,Miramon,171
2017-02-15,Zegama,126
2017-02-16,Arrasate,208
2017-02-16,Berastegi,148
2017-02-16,Bidania,135
2017-02-16,Miramon,175
2017-02-16,Zegama,128
2017-02-17,Arrasate,220
2017-02-17,Berastegi,328
2017-02-17,Bidania,135
2017-02-17,Miramon,195
2017-02-17,Zegama,145
2017-02-18,Arrasate,330
2017-02-18,Berastegi,341
2017-02-18,Bidania,304
2017-02-18,Miramon,213
2017-02-18,Zegama,93
2017-02-19,Arrasate,344
2017-02-19,Berastegi,335
2017-02-19,Bidania,312
2017-02-19,Miramon,287
2017-02-19,Zegama,330
2017-02-20,Arrasate,75
2017-02-20,Berastegi,325
2017-02-20,Miramon,256
2017-02-20,Zegama,325
2017-02-21,Arrasate,318
2017-02-21,Berastegi,331
2017-02-21,Bidania,324
2017-02-21,Miramon,190
2017-02-21,Zegama,92
2017-02-22,Arrasate,149
2017-02-22,Berastegi,345
2017-02-22,Bidania,135
2017-02-22,Miramon,204
2017-02-22,Zegama,136
2017-02-23,Arrasate,347
2017-02-23,Berastegi,357
2017-02-23,Bidania,94
2017-02-23,Miramon,281
2017-02-23,Zegama,121
2017-02-24,Arrasate,338
2017-02-24,Berastegi,335
2017-02-24,Bidania,337
2017-02-24,Miramon,22
2017-02-24,Zegama,328
2017-02-25,Arrasate,173
2017-02-25,Berastegi,332
2017-02-25,Bidania,296
2017-02-25,Miramon,182
2017-02-25,Zegama,126
2017-02-26,Arrasate,345
2017-02-26,Berastegi,335
2017-02-26,Bidania,321
2017-02-26,Miramon,199
2017-02-26,Zegama,347
2017-02-27,Arrasate,198
2017-02-27,Berastegi,187
2017-02-27,Bidania,203
2017-02-27,Miramon,200
2017-02-27,Zegama,176
2017-02-28,Arrasate,273
2017-02-28,Berastegi,281
2017-02-28,Miramon,253
2017-02-28,Zegama,121
2017-03-01,Arrasate,210
2017-03-01,Berastegi,177
2017-03-01,Bidania,172
2017-03-01,Miramon,189
2017-03-01,Zegama,198
2017-03-02,Arrasate,220
2017-03-02,Berastegi,145
2017-03-02,Bidania,155
2017-03-02,Miramon,172
2017-03-02,Zegama,150
2017-03-03,Arrasate,151
2017-03-03,Berastegi,159
2017-03-03,Bidania,161
2017-03-03,Miramon,177
2017-03-03,Zegama,130
2017-03-04,Arrasate,263
2017-03-04,Berastegi,277
2017-03-04,Bidania,270
2017-03-04,Miramon,239
2017-03-04,Zegama,162
2017-03-05,Arrasate,225
2017-03-05,Berastegi,144
2017-03-05,Bidania,170
2017-03-05,Miramon,217
2017-03-05,Zegama,196
2017-03-06,Arrasate,304
2017-03-06,Berastegi,342
2017-03-06,Bidania,287
2017-03-06,Miramon,282
2017-03-06,Zegama,341
2017-03-07,Arrasate,318
2017-03-07,Berastegi,334
2017-03-07,Bidania,301
2017-03-07,Miramon,276
2017-03-07,Zegama,332
2017-03-08,Arrasate,341
2017-03-08,Berastegi,322
2017-03-08,Miramon,332
2017-03-08,Zegama,331
2017-03-09,Arrasate,211
2017-03-09,Berastegi,333
2017-03-09,Bidania,328
2017-03-09,Miramon,263
2017-03-09,Zegama,296
2017-03-10,Arrasate,33
2017-03-10,Berastegi,317
2017-03-10,Bidania,161
2017-03-10,Miramon,175
2017-03-10,Zegama,139
2017-03-11,Arrasate,317
2017-03-11,Berastegi,349
2017-03-11,Bidania,305
2017-03-11,Miramon,251
2017-03-11,Zegama,306
2017-03-12,Arrasate,305
2017-03-12,Berastegi,321
2017-03-12,Miramon,289
2017-03-12,Zegama,321
2017-03-13,Arrasate,334
2017-03-13,Berastegi,321
2017-03-13,Miramon,328
2017-03-13,Zegama,318
2017-03-14,Arrasate,347
2017-03-14,Berastegi,328
2017-03-14,Bidania,315
2017-03-14,Miramon,309
2017-03-14,Zegama,324
2017-03-15,Arrasate,343
2017-03-15,Berastegi,334
2017-03-15,Bidania,313
2017-03-15,Miramon,296
2017-03-15,Zegama,321
2017-03-16,Arrasate,148
2017-03-16,Berastegi,142
2017-03-16,Bidania,150
2017-03-16,Miramon,164
2017-03-16,Zegama,126
2017-03-17,Arrasate,335
2017-03-17,Berastegi,343
2017-03-17,Bidania,318
2017-03-17,Miramon,302
2017-03-17,Zegama,10
2017-03-18,Arrasate,357
2017-03-18,Berastegi,326
2017-03-18,Bidania,325
2017-03-18,Miramon,345
2017-03-18,Zegama,312
2017-03-19,Arrasate,345
2017-03-19,Berastegi,332
2017-03-19,Bidania,309
2017-03-19,Miramon,250
2017-03-19,Zegama,333
2017-03-20,Arrasate,356
2017-03-20,Berastegi,338
2017-03-20,Bidania,309
2017-03-20,Miramon,255
2017-03-20,Zegama,345
2017-03-21,Arrasate,317
2017-03-21,Berastegi,332
2017-03-21,Miramon,235
2017-03-21,Zegama,325
2017-03-22,Arrasate,208
2017-03-22,Berastegi,173
2017-03-22,Bidania,185
2017-03-22,Miramon,207
2017-03-22,Zegama,156
2017-03-23,Arrasate,190
2017-03-23,Berastegi,185
2017-03-23,Bidania,172
2017-03-23,Miramon,181
2017-03-23,Zegama,196
2017-03-24,Arrasate,22
2017-03-24,Berastegi,106
2017-03-24,Bidania,85
2017-03-24,Miramon,97
2017-03-24,Zegama,81
2017-03-25,Arrasate,197
2017-03-25,Berastegi,132
2017-03-25,Miramon,191
2017-03-25,Zegama,170
2017-03-26,Arrasate,141
2017-03-26,Berastegi,155
2017-03-26,Bidania,146
2017-03-26,Miramon,147
2017-03-26,Zegama,135
2017-03-27,Arrasate,147
2017-03-27,Berastegi,153
2017-03-27,Bidania,149
2017-03-27,Miramon,154
2017-03-27,Zegama,134
2017-03-28,Arrasate,206
2017-03-28,Berastegi,195
2017-03-28,Bidania,179
2017-03-28,Miramon,206
2017-03-28,Zegama,147
2017-03-29,Arrasate,200
2017-03-29,Berastegi,125
2017-03-29,Bidania,141
2017-03-29,Miramon,177
2017-03-29,Zegama,145
2017-03-30,Arrasate,153
2017-03-30,Berastegi,150
2017-03-30,Bidania,152
2017-03-30,Miramon,175
2017-03-30,Zegama,121
2017-03-31,Arrasate,226
2017-03-31,Berastegi,160
2017-03-31,Bidania,187
2017-03-31,Miramon,296
2017-03-31,Zegama,125
2017-04-01,Arrasate,308
2017-04-01,Berastegi,310
2017-04-01,Miramon,272
2017-04-01,Zegama,306
2017-04-02,Arrasate,308
2017-04-02,Berastegi,321
2017-04-02,Bidania,310
2017-04-02,Miramon,296
2017-04-02,Zegama,317
2017-04-03,Arrasate,339
2017-04-03,Berastegi,323
2017-04-03,Bidania,278
2017-04-03,Miramon,306
2017-04-03,Zegama,327
2017-04-04,Arrasate,316
2017-04-04,Berastegi,332
2017-04-04,Bidania,311
2017-04-04,Miramon,302
2017-04-04,Zegama,339
2017-04-05,Arrasate,326
2017-04-05,Berastegi,322
2017-04-05,Bidania,315
2017-04-05,Miramon,317
2017-04-05,Zegama,313
2017-04-06,Arrasate,337
2017-04-06,Berastegi,316
2017-04-06,Bidania,322
2017-04-06,Miramon,323
2017-04-06,Zegama,327
2017-04-07,Arrasate,312
2017-04-07,Berastegi,334
2017-04-07,Bidania,317
2017-04-07,Miramon,227
2017-04-07,Zegama,343
2017-04-08,Arrasate,194
2017-04-08,Berastegi,144
2017-04-08,Bidania,137
2017-04-08,Miramon,179
2017-04-08,Zegama,124
2017-04-09,Arrasate,256
2017-04-09,Berastegi,138
2017-04-09,Bidania,131
2017-04-09,Miramon,330
2017-04-09,Zegama,121
2017-04-10,Arrasate,353
2017-04-10,Berastegi,333
2017-04-10,Bidania,328
2017-04-10,Miramon,290
2017-04-10,Zegama,346
2017-04-11,Arrasate,351
2017-04-11,Berastegi,324
2017-04-11,Bidania,327
2017-04-11,Miramon,301
2017-04-11,Zegama,330
2017-04-12,Arrasate,327
2017-04-12,Berastegi,323
2017-04-12,Bidania,317
2017-04-12,Miramon,288
2017-04-12,Zegama,330
2017-04-13,Arrasate,339
2017-04-13,Berastegi,328
2017-04-13,Bidania,315
2017-04-13,Miramon,250
2017-04-13,Zegama,334
2017-04-14,Arrasate,336
2017-04-14,Berastegi,329
2017-04-14,Bidania,308
2017-04-14,Miramon,242
2017-04-14,Zegama,338
2017-04-15,Arrasate,329
2017-04-15,Berastegi,338
2017-04-15,Bidania,307
2017-04-15,Miramon,281
2017-04-15,Zegama,333
2017-04-16,Arrasate,358
2017-04-16,Berastegi,313
2017-04-16,Bidania,309
2017-04-16,Miramon,43
2017-04-16,Zegama,325
2017-04-17,Arrasate,347
2017-04-17,Berastegi,318
2017-04-17,Bidania,332
2017-04-17,Miramon,285
2017-04-17,Zegama,339
2017-04-18,Arrasate,351
2017-04-18,Berastegi,318
2017-04-18,Bidania,314
2017-04-18,Miramon,2
2017-04-18,Zegama,317
2017-04-19,Arrasate,5
2017-04-19,Berastegi,328
2017-04-19,Bidania,22
2017-04-19,Miramon,28
2017-04-19,Zegama,315
2017-04-20,Arrasate,351
2017-04-20,Berastegi,325
2017-04-20,Bidania,26
2017-04-20,Miramon,41
2017-04-20,Zegama,348
2017-04-21,Arrasate,131
2017-04-21,Berastegi,140
2017-04-21,Bidania,135
2017-04-21,Miramon,168
2017-04-21,Zegama,126
2017-04-22,Arrasate,247
2017-04-22,Berastegi,152
2017-04-22,Bidania,129
2017-04-22,Miramon,202
2017-04-22,Zegama,118
2017-04-23,Arrasate,351
2017-04-23,Berastegi,328
2017-04-23,Bidania,58
2017-04-23,Miramon,229
2017-04-23,Zegama,347
2017-04-24,Arrasate,351
2017-04-24,Berastegi,333
2017-04-24,Bidania,10
2017-04-24,Miramon,266
2017-04-24,Zegama,325
2017-04-25,Arrasate,335
2017-04-25,Berastegi,324
2017-04-25,Bidania,311
2017-04-25,Miramon,262
2017-04-25,Zegama,334
2017-04-26,Arrasate,330
2017-04-26,Berastegi,324
2017-04-26,Bidania,318
2017-04-26,Miramon,349
2017-04-26,Zegama,312
2017-04-27,Arrasate,357
2017-04-27,Berastegi,316
2017-04-27,Bidania,320
2017-04-27,Miramon,329
2017-04-27,Zegama,324
2017-04-28,Arrasate,358
2017-04-28,Berastegi,308
2017-04-28,Bidania,7
2017-04-28,Miramon,64
2017-04-28,Zegama,351
2017-04-29,Arrasate,146
2017-04-29,Berastegi,153
2017-04-29,Bidania,147
2017-04-29,Miramon,158
2017-04-29,Zegama,122
2017-04-30,Arrasate,204
2017-04-30,Berastegi,151
2017-04-30,Bidania,173
2017-04-30,Miramon,196
2017-04-30,Zegama,122
2017-05-01,Arrasate,309
2017-05-01,Berastegi,327
2017-05-01,Bidania,289
2017-05-01,Miramon,230
2017-05-01,Zegama,52
2017-05-02,Arrasate,340
2017-05-02,Berastegi,353
2017-05-02,Bidania,305
2017-05-02,Miramon,261
2017-05-02,Zegama,332
2017-05-03,Arrasate,337
2017-05-03,Berastegi,310
2017-05-03,Bidania,308
2017-05-03,Miramon,357
2017-05-03,Zegama,322
2017-05-04,Arrasate,343
2017-05-04,Berastegi,338
2017-05-04,Bidania,150
2017-05-04,Miramon,272
2017-05-04,Zegama,332
2017-05-05,Arrasate,177
2017-05-05,Berastegi,157
2017-05-05,Bidania,148
2017-05-05,Miramon,209
2017-05-05,Zegama,135
2017-05-06,Arrasate,291
2017-05-06,Berastegi,338
2017-05-06,Bidania,306
2017-05-06,Miramon,257
2017-05-06,Zegama,180
2017-05-07,Arrasate,358
2017-05-07,Berastegi,324
2017-05-07,Bidania,47
2017-05-07,Miramon,167
2017-05-07,Zegama,340
2017-05-08,Arrasate,9
2017-05-08,Berastegi,319
2017-05-08,Bidania,313
2017-05-08,Miramon,261
2017-05-08,Zegama,320
2017-05-09,Arrasate,133
2017-05-09,Berastegi,342
2017-05-09,Bidania,161
2017-05-09,Miramon,244
2017-05-09,Zegama,220
2017-05-10,Arrasate,175
2017-05-10,Berastegi,148
2017-05-10,Bidania,141
2017-05-10,Miramon,172
2017-05-10,Zegama,139
2017-05-11,Arrasate,206
2017-05-11,Berastegi,163
2017-05-11,Bidania,174
2017-05-11,Miramon,189
2017-05-11,Zegama,153
2017-05-12,Arrasate,202
2017-05-12,Berastegi,148
2017-05-12,Bidania,168
2017-05-12,Miramon,205
2017-05-12,Zegama,154
2017-05-13,Arrasate,220
2017-05-13,Berastegi,328
2017-05-13,Bidania,254
2017-05-13,Miramon,354
2017-05-13,Zegama,139
2017-05-14,Arrasate,217
2017-05-14,Berastegi,306
2017-05-14,Bidania,244
2017-05-14,Miramon,274
2017-05-14,Zegama,149
2017-05-15,Arrasate,271
2017-05-15,Berastegi,210
2017-05-15,Bidania,132
2017-05-15,Miramon,187
2017-05-15,Zegama,137
2017-05-16,Arrasate,336
2017-05-16,Berastegi,50
2017-05-16,Bidania,123
2017-05-16,Miramon,250
2017-05-16,Zegama,129
2017-05-17,Arrasate,325
2017-05-17,Berastegi,107
2017-05-17,Bidania,39
2017-05-17,Miramon,256
2017-05-17,Zegama,124
2017-05-18,Arrasate,313
2017-05-18,Berastegi,334
2017-05-18,Miramon,277
2017-05-18,Zegama,321
2017-05-19,Arrasate,332
2017-05-19,Berastegi,327
2017-05-19,Bidania,303
2017-05-19,Miramon,250
2017-05-19,Zegama,331
2017-05-20,Arrasate,333
2017-05-20,Berastegi,336
2017-05-20,Bidania,313
2017-05-20,Miramon,260
2017-05-20,Zegama,321
2017-05-21,Arrasate,147
2017-05-21,Berastegi,150
2017-05-21,Bidania,140
2017-05-21,Miramon,163
2017-05-21,Zegama,126
2017-05-22,Arrasate,331
2017-05-22,Berastegi,333
2017-05-22,Bidania,301
2017-05-22,Miramon,290
2017-05-22,Zegama,19
2017-05-23,Arrasate,335
2017-05-23,Berastegi,317
2017-05-23,Bidania,313
2017-05-23,Miramon,336
2017-05-23,Zegama,331
2017-05-24,Arrasate,358
2017-05-24,Berastegi,356
2017-05-24,Bidania,136
2017-05-24,Miramon,309
2017-05-24,Zegama,305
2017-05-25,Arrasate,341
2017-05-25,Berastegi,120
2017-05-25,Bidania,115
2017-05-25,Miramon,169
2017-05-25,Zegama,133
2017-05-26,Arrasate,308
2017-05-26,Berastegi,122
2017-05-26,Bidania,151
2017-05-26,Miramon,255
2017-05-26,Zegama,125
2017-05-27,Arrasate,121
2017-05-27,Berastegi,156
2017-05-27,Bidania,137
2017-05-27,Miramon,336
2017-05-27,Zegama,140
2017-05-28,Arrasate,167
2017-05-28,Berastegi,152
2017-05-28,Bidania,141
2017-05-28,Miramon,335
2017-05-28,Zegama,134
2017-05-29,Arrasate,357
2017-05-29,Berastegi,353
2017-05-29,Bidania,47
2017-05-29,Miramon,300
2017-05-29,Zegama,119
2017-05-30,Arrasate,348
2017-05-30,Berastegi,333
2017-05-30,Miramon,334
2017-05-30,Zegama,329
2017-05-31,Arrasate,333
2017-05-31,Berastegi,331
2017-05-31,Bidania,302
2017-05-31,Miramon,305
2017-05-31,Zegama,321
2017-06-01,Arrasate,345
2017-06-01,Berastegi,348
2017-06-01,Bidania,130
2017-06-01,Miramon,309
2017-06-01,Zegama,307
2017-06-02,Arrasate,357
2017-06-02,Berastegi,338
2017-06-02,Bidania,307
2017-06-02,Miramon,286
2017-06-02,Zegama,7
2017-06-03,Arrasate,332
2017-06-03,Berastegi,340
2017-06-03,Miramon,273
2017-06-03,Zegama,322
2017-06-04,Arrasate,357
2017-06-04,Berastegi,332
2017-06-04,Miramon,262
2017-06-04,Zegama,315
2017-06-05,Arrasate,147
2017-06-05,Berastegi,287
2017-06-05,Bidania,255
2017-06-05,Miramon,137
2017-06-05,Zegama,128
2017-06-06,Arrasate,317
2017-06-06,Berastegi,331
2017-06-06,Bidania,305
2017-06-06,Miramon,277
2017-06-06,Zegama,312
2017-06-07,Arrasate,107
2017-06-07,Berastegi,329
2017-06-07,Bidania,150
2017-06-07,Miramon,188
2017-06-07,Zegama,338
2017-06-08,Arrasate,152
2017-06-08,Berastegi,144
2017-06-08,Bidania,134
2017-06-08,Miramon,193
2017-06-08,Zegama,123
2017-06-09,Arrasate,351
2017-06-09,Berastegi,340
2017-06-09,Bidania,317
2017-06-09,Miramon,316
2017-06-09,Zegama,333
2017-06-10,Arrasate,12
2017-06-10,Berastegi,347
2017-06-10,Bidania,120
2017-06-10,Miramon,304
2017-06-10,Zegama,28
2017-06-11,Arrasate,351
2017-06-11,Berastegi,327
2017-06-11,Bidania,308
2017-06-11,Miramon,295
2017-06-11,Zegama,339
2017-06-12,Arrasate,356
2017-06-12,Berastegi,334
2017-06-12,Bidania,328
2017-06-12,Miramon,357
2017-06-12,Zegama,318
2017-06-13,Arrasate,3
2017-06-13,Berastegi,332
2017-06-13,Bidania,319
2017-06-13,Miramon,277
2017-06-13,Zegama,324
2017-06-14,Arrasate,350
2017-06-14,Berastegi,328
2017-06-14,Bidania,311
2017-06-14,Miramon,299
2017-06-14,Zegama,324
2017-06-15,Arrasate,339
2017-06-15,Berastegi,335
2017-06-15,Bidania,306
2017-06-15,Miramon,290
2017-06-15,Zegama,329
2017-06-16,Arrasate,359
2017-06-16,Berastegi,327
2017-06-16,Bidania,327
2017-06-16,Miramon,3
2017-06-16,Zegama,318
2017-06-17,Arrasate,355
2017-06-17,Berastegi,320
2017-06-17,Bidania,29
2017-06-17,Miramon,277
2017-06-17,Zegama,338
2017-06-18,Arrasate,339
2017-06-18,Berastegi,348
2017-06-18,Bidania,135
2017-06-18,Miramon,230
2017-06-18,Zegama,356
2017-06-19,Arrasate,177
2017-06-19,Berastegi,151
2017-06-19,Bidania,144
2017-06-19,Miramon,183
2017-06-19,Zegama,148
2017-06-20,Arrasate,261
2017-06-20,Berastegi,147
2017-06-20,Bidania,134
2017-06-20,Miramon,200
2017-06-20,Zegama,131
2017-06-21,Arrasate,23
2017-06-21,Berastegi,91
2017-06-21,Bidania,120
2017-06-21,Miramon,163
2017-06-21,Zegama,146
2017-06-22,Arrasate,340
2017-06-22,Berastegi,331
2017-06-22,Bidania,311
2017-06-22,Miramon,292
2017-06-22,Zegama,326
2017-06-23,Arrasate,338
2017-06-23,Berastegi,341
2017-06-23,Bidania,315
2017-06-23,Miramon,297
2017-06-23,Zegama,317
2017-06-24,Arrasate,338
2017-06-24,Berastegi,332
2017-06-24,Bidania,345
2017-06-24,Miramon,355
2017-06-24,Zegama,315
2017-06-25,Arrasate,31
2017-06-25,Berastegi,324
2017-06-25,Bidania,349
2017-06-25,Miramon,77
2017-06-25,Zegama,311
2017-06-26,Arrasate,334
2017-06-26,Berastegi,160
2017-06-26,Bidania,155
2017-06-26,Miramon,258
2017-06-26,Zegama,132
2017-06-27,Arrasate,330
2017-06-27,Berastegi,323
2017-06-27,Bidania,303
2017-06-27,Miramon,267
2017-06-27,Zegama,291
2017-06-28,Arrasate,300
2017-06-28,Berastegi,277
2017-06-28,Bidania,285
2017-06-28,Miramon,266
2017-06-28,Zegama,147
2017-06-29,Arrasate,331
2017-06-29,Berastegi,307
2017-06-29,Bidania,289
2017-06-29,Miramon,268
2017-06-29,Zegama,218
2017-06-30,Arrasate,298
2017-06-30,Berastegi,298
2017-06-30,Bidania,281
2017-06-30,Miramon,249
2017-06-30,Zegama,270
2017-07-01,Arrasate,294
2017-07-01,Berastegi,328
2017-07-01,Bidania,298
2017-07-01,Miramon,270
2017-07-01,Zegama,297
2017-07-02,Arrasate,335
2017-07-02,Berastegi,328
2017-07-02,Bidania,312
2017-07-02,Miramon,283
2017-07-02,Zegama,301
2017-07-03,Arrasate,3
2017-07-03,Berastegi,347
2017-07-03,Bidania,91
2017-07-03,Miramon,320
2017-07-03,Zegama,314
2017-07-04,Arrasate,128
2017-07-04,Berastegi,145
2017-07-04,Bidania,135
2017-07-04,Miramon,87
2017-07-04,Zegama,118
2017-07-05,Arrasate,130
2017-07-05,Berastegi,136
2017-07-05,Bidania,141
2017-07-05,Miramon,298
2017-07-05,Zegama,118
2017-07-06,Arrasate,193
2017-07-06,Berastegi,150
2017-07-06,Bidania,144
2017-07-06,Miramon,334
2017-07-06,Zegama,130
2017-07-07,Arrasate,343
2017-07-07,Berastegi,331
2017-07-07,Bidania,320
2017-07-07,Miramon,290
2017-07-07,Zegama,30
2017-07-08,Arrasate,324
2017-07-08,Berastegi,327
2017-07-08,Bidania,312
2017-07-08,Miramon,301
2017-07-08,Zegama,342
2017-07-09,Arrasate,331
2017-07-09,Berastegi,328
2017-07-09,Bidania,306
2017-07-09,Miramon,301
2017-07-09,Zegama,331
2017-07-10,Arrasate,47
2017-07-10,Berastegi,320
2017-07-10,Bidania,308
2017-07-10,Miramon,261
2017-07-10,Zegama,333
2017-07-11,Arrasate,340
2017-07-11,Berastegi,318
2017-07-11,Bidania,310
2017-07-11,Miramon,323
2017-07-11,Zegama,333
2017-07-12,Arrasate,347
2017-07-12,Berastegi,334
2017-07-12,Bidania,312
2017-07-12,Miramon,266
2017-07-12,Zegama,341
2017-07-13,Arrasate,355
2017-07-13,Berastegi,326
2017-07-13,Bidania,310
2017-07-13,Miramon,323
2017-07-13,Zegama,329
2017-07-14,Arrasate,4
2017-07-14,Berastegi,318
2017-07-14,Bidania,313
2017-07-14,Miramon,347
2017-07-14,Zegama,328
2017-07-15,Arrasate,355
2017-07-15,Berastegi,314
2017-07-15,Bidania,342
2017-07-15,Miramon,351
2017-07-15,Zegama,327
2017-07-16,Arrasate,329
2017-07-16,Berastegi,334
2017-07-16,Bidania,145
2017-07-16,Miramon,296
2017-07-16,Zegama,332
2017-07-17,Arrasate,136
2017-07-17,Berastegi,154
2017-07-17,Bidania,137
2017-07-17,Miramon,77
2017-07-17,Zegama,132
2017-07-18,Arrasate,141
2017-07-18,Berastegi,152
2017-07-18,Bidania,144
2017-07-18,Miramon,195
2017-07-18,Zegama,134
2017-07-19,Arrasate,347
2017-07-19,Berastegi,335
2017-07-19,Bidania,313
2017-07-19,Miramon,301
2017-07-19,Zegama,323
2017-07-20,Arrasate,344
2017-07-20,Berastegi,322
2017-07-20,Bidania,304
2017-07-20,Miramon,258
2017-07-20,Zegama,325
2017-07-21,Arrasate,5
2017-07-21,Berastegi,328
2017-07-21,Bidania,315
2017-07-21,Miramon,238
2017-07-21,Zegama,298
2017-07-22,Arrasate,326
2017-07-22,Berastegi,340
2017-07-22,Bidania,317
2017-07-22,Miramon,227
2017-07-22,Zegama,344
2017-07-23,Arrasate,335
2017-07-23,Berastegi,318
2017-07-23,Bidania,307
2017-07-23,Miramon,273
2017-07-23,Zegama,340
2017-07-24,Arrasate,310
2017-07-24,Berastegi,337
2017-07-24,Bidania,307
2017-07-24,Miramon,286
2017-07-24,Zegama,312
2017-07-25,Arrasate,314
2017-07-25,Berastegi,329
2017-07-25,Bidania,306
2017-07-25,Miramon,296
2017-07-25,Zegama,319
2017-07-26,Arrasate,340
2017-07-26,Berastegi,325
2017-07-26,Bidania,312
2017-07-26,Miramon,259
2017-07-26,Zegama,353
2017-07-27,Arrasate,333
2017-07-27,Berastegi,346
2017-07-27,Bidania,308
2017-07-27,Miramon,276
2017-07-27,Zegama,347
2017-07-28,Arrasate,328
2017-07-28,Berastegi,323
2017-07-28,Bidania,312
2017-07-28,Miramon,354
2017-07-28,Zegama,306
2017-07-29,Arrasate,339
2017-07-29,Berastegi,320
2017-07-29,Bidania,311
2017-07-29,Miramon,290
2017-07-29,Zegama,333
2017-07-30,Arrasate,341
2017-07-30,Berastegi,335
2017-07-30,Bidania,317
2017-07-30,Miramon,300
2017-07-30,Zegama,335
2017-07-31,Arrasate,356
2017-07-31,Berastegi,335
2017-07-31,Bidania,324
2017-07-31,Miramon,346
2017-07-31,Zegama,313
2017-08-01,Arrasate,7
2017-08-01,Berastegi,326
2017-08-01,Bidania,335
2017-08-01,Miramon,337
2017-08-01,Zegama,319
2017-08-02,Arrasate,344
2017-08-02,Berastegi,324
2017-08-02,Bidania,314
2017-08-02,Miramon,303
2017-08-02,Zegama,321
2017-08-03,Arrasate,344
2017-08-03,Berastegi,333
2017-08-03,Bidania,327
2017-08-03,Miramon,338
2017-08-03,Zegama,334
2017-08-04,Arrasate,353
2017-08-04,Berastegi,333
2017-08-04,Bidania,344
2017-08-04,Miramon,359
2017-08-04,Zegama,325
2017-08-05,Arrasate,348
2017-08-05,Berastegi,319
2017-08-05,Bidania,319
2017-08-05,Miramon,360
2017-08-05,Zegama,298
2017-08-06,Arrasate,356
2017-08-06,Berastegi,315
2017-08-06,Bidania,324
2017-08-06,Miramon,1
2017-08-06,Zegama,298
2017-08-07,Arrasate,320
2017-08-07,Berastegi,330
2017-08-07,Bidania,306
2017-08-07,Miramon,249
2017-08-07,Zegama,321
2017-08-08,Arrasate,319
2017-08-08,Berastegi,324
2017-08-08,Bidania,307
2017-08-08,Miramon,261
2017-08-08,Zegama,297
2017-08-09,Arrasate,304
2017-08-09,Berastegi,331
2017-08-09,Bidania,308
2017-08-09,Miramon,264
2017-08-09,Zegama,304
2017-08-10,Arrasate,302
2017-08-10,Berastegi,322
2017-08-10,Bidania,303
2017-08-10,Miramon,281
2017-08-10,Zegama,294
2017-08-11,Arrasate,330
2017-08-11,Berastegi,325
2017-08-11,Bidania,309
2017-08-11,Miramon,272
2017-08-11,Zegama,305
2017-08-12,Arrasate,319
2017-08-12,Berastegi,324
2017-08-12,Bidania,310
2017-08-12,Miramon,157
2017-08-12,Zegama,306
2017-08-13,Arrasate,321
2017-08-13,Berastegi,325
2017-08-13,Bidania,313
2017-08-13,Miramon,320
2017-08-13,Zegama,289
2017-08-14,Arrasate,143
2017-08-14,Berastegi,147
2017-08-14,Bidania,133
2017-08-14,Miramon,195
2017-08-14,Zegama,119
2017-08-15,Arrasate,353
2017-08-15,Berastegi,337
2017-08-15,Bidania,310
2017-08-15,Miramon,309
2017-08-15,Zegama,312
2017-08-16,Arrasate,341
2017-08-16,Berastegi,335
2017-08-16,Bidania,310
2017-08-16,Miramon,174
2017-08-16,Zegama,280
2017-08-17,Arrasate,318
2017-08-17,Berastegi,313
2017-08-17,Bidania,326
2017-08-17,Miramon,213
2017-08-17,Zegama,325
2017-08-18,Arrasate,349
2017-08-18,Berastegi,334
2017-08-18,Bidania,314
2017-08-18,Miramon,223
2017-08-18,Zegama,316
2017-08-19,Arrasate,352
2017-08-19,Berastegi,322
2017-08-19,Bidania,340
2017-08-19,Miramon,21
2017-08-19,Zegama,318
2017-08-20,Arrasate,345
2017-08-20,Berastegi,316
2017-08-20,Bidania,321
2017-08-20,Miramon,7
2017-08-20,Zegama,316
2017-08-21,Arrasate,123
2017-08-21,Berastegi,134
2017-08-21,Bidania,145
2017-08-21,Miramon,147
2017-08-21,Zegama,124
2017-08-22,Arrasate,336
2017-08-22,Berastegi,172
2017-08-22,Bidania,138
2017-08-22,Miramon,282
2017-08-22,Zegama,85
2017-08-23,Arrasate,348
2017-08-23,Berastegi,332
2017-08-23,Bidania,316
2017-08-23,Miramon,2
2017-08-23,Zegama,309
2017-08-24,Arrasate,343
2017-08-24,Berastegi,330
2017-08-24,Bidania,311
2017-08-24,Miramon,320
2017-08-24,Zegama,335
2017-08-25,Arrasate,352
2017-08-25,Berastegi,325
2017-08-25,Bidania,314
2017-08-25,Miramon,317
2017-08-25,Zegama,310
2017-08-26,Arrasate,223
2017-08-26,Berastegi,154
2017-08-26,Bidania,133
2017-08-26,Miramon,328
2017-08-26,Zegama,129
2017-08-27,Arrasate,183
2017-08-27,Berastegi,153
2017-08-27,Bidania,125
2017-08-27,Miramon,172
2017-08-27,Zegama,127
2017-08-28,Arrasate,220
2017-08-28,Berastegi,143
2017-08-28,Bidania,124
2017-08-28,Miramon,183
2017-08-28,Zegama,148
2017-08-29,Arrasate,20
2017-08-29,Berastegi,79
2017-08-29,Bidania,129
2017-08-29,Miramon,275
2017-08-29,Zegama,129
2017-08-30,Arrasate,305
2017-08-30,Berastegi,323
2017-08-30,Bidania,313
2017-08-30,Miramon,297
2017-08-30,Zegama,2
2017-08-31,Arrasate,345
2017-08-31,Berastegi,325
2017-08-31,Bidania,316
2017-08-31,Miramon,233
2017-08-31,Zegama,270
2017-09-01,Arrasate,312
2017-09-01,Berastegi,330
2017-09-01,Bidania,306
2017-09-01,Miramon,245
2017-09-01,Zegama,298
2017-09-02,Arrasate,9
2017-09-02,Berastegi,337
2017-09-02,Bidania,317
2017-09-02,Miramon,228
2017-09-02,Zegama,305
2017-09-03,Arrasate,339
2017-09-03,Berastegi,338
2017-09-03,Bidania,301
2017-09-03,Miramon,183
2017-09-03,Zegama,123
2017-09-04,Arrasate,343
2017-09-04,Berastegi,329
2017-09-04,Bidania,313
2017-09-04,Miramon,209
2017-09-04,Zegama,10
2017-09-05,Arrasate,347
2017-09-05,Berastegi,335
2017-09-05,Bidania,306
2017-09-05,Miramon,231
2017-09-05,Zegama,308
2017-09-06,Arrasate,350
2017-09-06,Berastegi,337
2017-09-06,Bidania,318
2017-09-06,Miramon,341
2017-09-06,Zegama,297
2017-09-07,Arrasate,341
2017-09-07,Berastegi,321
2017-09-07,Bidania,313
2017-09-07,Miramon,217
2017-09-07,Zegama,308
2017-09-08,Arrasate,351
2017-09-08,Berastegi,329
2017-09-08,Bidania,313
2017-09-08,Miramon,196
2017-09-08,Zegama,80
2017-09-09,Arrasate,308
2017-09-09,Berastegi,316
2017-09-09,Bidania,300
2017-09-09,Miramon,257
2017-09-09,Zegama,293
2017-09-10,Arrasate,305
2017-09-10,Berastegi,327
2017-09-10,Bidania,301
2017-09-10,Miramon,277
2017-09-10,Zegama,291
2017-09-11,Arrasate,322
2017-09-11,Berastegi,337
2017-09-11,Bidania,298
2017-09-11,Miramon,272
2017-09-11,Zegama,295
2017-09-12,Arrasate,327
2017-09-12,Berastegi,324
2017-09-12,Bidania,302
2017-09-12,Miramon,216
2017-09-12,Zegama,255
2017-09-13,Arrasate,342
2017-09-13,Berastegi,332
2017-09-13,Bidania,298
2017-09-13,Miramon,209
2017-09-13,Zegama,299
2017-09-14,Arrasate,327
2017-09-14,Berastegi,333
2017-09-14,Bidania,309
2017-09-14,Miramon,263
2017-09-14,Zegama,292
2017-09-15,Arrasate,308
2017-09-15,Berastegi,322
2017-09-15,Bidania,312
2017-09-15,Miramon,241
2017-09-16,Arrasate,305
2017-09-16,Berastegi,319
2017-09-16,Bidania,313
2017-09-16,Miramon,218
2017-09-17,Arrasate,332
2017-09-17,Berastegi,333
2017-09-17,Bidania,299
2017-09-17,Miramon,222
2017-09-18,Arrasate,35
2017-09-18,Berastegi,336
2017-09-18,Bidania,311
2017-09-18,Miramon,247
2017-09-19,Arrasate,332
2017-09-19,Berastegi,313
2017-09-19,Bidania,310
2017-09-19,Miramon,209
2017-09-19,Zegama,297
2017-09-20,Arrasate,133
2017-09-20,Berastegi,331
2017-09-20,Bidania,143
2017-09-20,Miramon,164
2017-09-20,Zegama,135
2017-09-21,Arrasate,330
2017-09-21,Berastegi,335
2017-09-21,Bidania,306
2017-09-21,Miramon,211
2017-09-21,Zegama,77
2017-09-22,Arrasate,346
2017-09-22,Berastegi,17
2017-09-22,Bidania,66
2017-09-22,Miramon,166
2017-09-22,Zegama,298
2017-09-23,Arrasate,201
2017-09-23,Berastegi,156
2017-09-23,Bidania,137
2017-09-23,Miramon,176
2017-09-23,Zegama,113
2017-09-24,Arrasate,289
2017-09-24,Berastegi,220
2017-09-24,Bidania,167
2017-09-24,Miramon,245
2017-09-24,Zegama,127
2017-09-25,Arrasate,338
2017-09-25,Berastegi,321
2017-09-25,Bidania,305
2017-09-25,Miramon,261
2017-09-25,Zegama,296
2017-09-26,Arrasate,330
2017-09-26,Berastegi,331
2017-09-26,Bidania,330
2017-09-26,Miramon,121
2017-09-26,Zegama,282
2017-09-27,Arrasate,245
2017-09-27,Berastegi,145
2017-09-27,Bidania,135
2017-09-27,Miramon,189
2017-09-27,Zegama,122
2017-09-28,Arrasate,169
2017-09-28,Berastegi,159
2017-09-28,Bidania,128
2017-09-28,Miramon,177
2017-09-28,Zegama,107
2017-09-29,Arrasate,322
2017-09-29,Berastegi,148
2017-09-29,Bidania,143
2017-09-29,Miramon,273
2017-09-29,Zegama,96
2017-09-30,Arrasate,356
2017-09-30,Berastegi,321
2017-09-30,Bidania,327
2017-09-30,Miramon,138
2017-09-30,Zegama,283
2017-10-01,Arrasate,100
2017-10-01,Berastegi,339
2017-10-01,Bidania,307
2017-10-01,Miramon,199
2017-10-01,Zegama,194
2017-10-02,Arrasate,103
2017-10-02,Berastegi,331
2017-10-02,Bidania,304
2017-10-02,Miramon,236
2017-10-02,Zegama,333
2017-10-03,Arrasate,336
2017-10-03,Berastegi,335
2017-10-03,Bidania,315
2017-10-03,Miramon,303
2017-10-03,Zegama,306
2017-10-04,Arrasate,18
2017-10-04,Berastegi,53
2017-10-04,Bidania,133
2017-10-04,Miramon,219
2017-10-04,Zegama,113
2017-10-05,Arrasate,3
2017-10-05,Berastegi,337
2017-10-05,Bidania,311
2017-10-05,Miramon,263
2017-10-05,Zegama,311
2017-10-06,Arrasate,345
2017-10-06,Berastegi,329
2017-10-06,Bidania,310
2017-10-06,Miramon,309
2017-10-06,Zegama,307
2017-10-07,Arrasate,296
2017-10-07,Berastegi,320
2017-10-07,Bidania,320
2017-10-07,Miramon,159
2017-10-07,Zegama,119
2017-10-08,Arrasate,337
2017-10-08,Berastegi,322
2017-10-08,Bidania,317
2017-10-08,Miramon,181
2017-10-08,Zegama,175
2017-10-09,Arrasate,309
2017-10-09,Berastegi,323
2017-10-09,Bidania,317
2017-10-09,Miramon,185
2017-10-09,Zegama,173
2017-10-10,Arrasate,263
2017-10-10,Berastegi,339
2017-10-10,Bidania,133
2017-10-10,Miramon,178
2017-10-10,Zegama,164
2017-10-11,Arrasate,348
2017-10-11,Berastegi,146
2017-10-11,Bidania,123
2017-10-11,Miramon,209
2017-10-11,Zegama,133
2017-10-12,Arrasate,181
2017-10-12,Berastegi,145
2017-10-12,Bidania,133
2017-10-12,Miramon,185
2017-10-12,Zegama,124
2017-10-13,Arrasate,72
2017-10-13,Berastegi,165
2017-10-13,Bidania,118
2017-10-13,Miramon,217
2017-10-13,Zegama,114
2017-10-14,Arrasate,161
2017-10-14,Berastegi,147
2017-10-14,Bidania,143
2017-10-14,Miramon,146
2017-10-14,Zegama,112
2017-10-15,Arrasate,180
2017-10-15,Berastegi,156
2017-10-15,Bidania,142
2017-10-15,Miramon,175
2017-10-15,Zegama,109
2017-10-16,Arrasate,148
2017-10-16,Berastegi,159
2017-10-16,Bidania,146
2017-10-16,Miramon,173
2017-10-16,Zegama,117
2017-10-17,Arrasate,151
2017-10-17,Berastegi,156
2017-10-17,Bidania,148
2017-10-17,Miramon,161
2017-10-17,Zegama,113
2017-10-18,Arrasate,222
2017-10-18,Berastegi,163
2017-10-18,Bidania,150
2017-10-18,Miramon,245
2017-10-18,Zegama,130
2017-10-19,Arrasate,212
2017-10-19,Berastegi,324
2017-10-19,Bidania,172
2017-10-19,Miramon,183
2017-10-19,Zegama,180
2017-10-20,Arrasate,195
2017-10-20,Berastegi,138
2017-10-20,Bidania,149
2017-10-20,Miramon,174
2017-10-20,Zegama,177
2017-10-21,Arrasate,316
2017-10-21,Berastegi,334
2017-10-21,Bidania,297
2017-10-21,Miramon,260
2017-10-21,Zegama,292
2017-10-22,Arrasate,318
2017-10-22,Berastegi,331
2017-10-22,Bidania,310
2017-10-22,Miramon,218
2017-10-22,Zegama,290
2017-10-23,Arrasate,147
2017-10-23,Berastegi,309
2017-10-23,Bidania,256
2017-10-23,Miramon,170
2017-10-23,Zegama,132
2017-10-24,Arrasate,165
2017-10-24,Berastegi,198
2017-10-24,Bidania,133
2017-10-24,Miramon,174
2017-10-24,Zegama,116
2017-10-25,Arrasate,204
2017-10-25,Berastegi,136
2017-10-25,Bidania,130
2017-10-25,Miramon,184
2017-10-25,Zegama,123
2017-10-26,Arrasate,222
2017-10-26,Berastegi,134
2017-10-26,Bidania,128
2017-10-26,Miramon,216
2017-10-26,Zegama,121
2017-10-27,Arrasate,339
2017-10-27,Berastegi,330
2017-10-27,Bidania,313
2017-10-27,Miramon,250
2017-10-27,Zegama,300
2017-10-28,Arrasate,349
2017-10-28,Berastegi,311
2017-10-28,Bidania,324
2017-10-28,Miramon,272
2017-10-28,Zegama,300
2017-10-29,Arrasate,327
2017-10-29,Berastegi,332
2017-10-29,Bidania,314
2017-10-29,Miramon,220
2017-10-29,Zegama,297
2017-10-30,Arrasate,355
2017-10-30,Berastegi,315
2017-10-30,Bidania,324
2017-10-30,Miramon,354
2017-10-31,Arrasate,155
2017-10-31,Berastegi,96
2017-10-31,Bidania,134
2017-10-31,Miramon,169
2017-10-31,Zegama,107
2017-11-01,Arrasate,224
2017-11-01,Berastegi,154
2017-11-01,Bidania,146
2017-11-01,Miramon,179
2017-11-01,Zegama,116
2017-11-02,Arrasate,162
2017-11-02,Berastegi,155
2017-11-02,Bidania,151
2017-11-02,Miramon,168
2017-11-02,Zegama,121
2017-11-03,Arrasate,181
2017-11-03,Berastegi,145
2017-11-03,Bidania,149
2017-11-03,Miramon,181
2017-11-03,Zegama,116
2017-11-04,Arrasate,280
2017-11-04,Berastegi,146
2017-11-04,Bidania,311
2017-11-04,Miramon,243
2017-11-04,Zegama,84
2017-11-05,Arrasate,309
2017-11-05,Berastegi,329
2017-11-05,Bidania,310
2017-11-05,Miramon,315
2017-11-05,Zegama,289
2017-11-06,Arrasate,334
2017-11-06,Berastegi,323
2017-11-06,Bidania,336
2017-11-06,Miramon,37
2017-11-06,Zegama,286
2017-11-07,Arrasate,103
2017-11-07,Berastegi,327
2017-11-07,Bidania,321
2017-11-07,Miramon,186
2017-11-07,Zegama,181
2017-11-08,Arrasate,287
2017-11-08,Berastegi,332
2017-11-08,Bidania,308
2017-11-08,Miramon,270
2017-11-08,Zegama,300
2017-11-09,Arrasate,328
2017-11-09,Berastegi,337
2017-11-09,Bidania,315
2017-11-09,Miramon,339
2017-11-09,Zegama,295
2017-11-10,Arrasate,307
2017-11-10,Berastegi,331
2017-11-10,Bidania,310
2017-11-10,Miramon,261
2017-11-10,Zegama,310
2017-11-11,Arrasate,296
2017-11-11,Berastegi,335
2017-11-11,Bidania,306
2017-11-11,Miramon,263
2017-11-11,Zegama,310
2017-11-12,Arrasate,308
2017-11-12,Berastegi,325
2017-11-12,Bidania,306
2017-11-12,Miramon,284
2017-11-12,Zegama,317
2017-11-13,Arrasate,342
2017-11-13,Berastegi,303
2017-11-13,Bidania,329
2017-11-13,Miramon,24
2017-11-13,Zegama,300
2017-11-14,Arrasate,11
2017-11-14,Berastegi,295
2017-11-14,Bidania,339
2017-11-14,Miramon,67
2017-11-14,Zegama,312
2017-11-15,Arrasate,159
2017-11-15,Berastegi,338
2017-11-15,Bidania,332
2017-11-15,Miramon,177
2017-11-15,Zegama,129
2017-11-16,Arrasate,200
2017-11-16,Berastegi,341
2017-11-16,Bidania,325
2017-11-16,Miramon,176
2017-11-16,Zegama,156
2017-11-17,Arrasate,11
2017-11-17,Berastegi,313
2017-11-17,Bidania,321
2017-11-17,Miramon,192
2017-11-17,Zegama,246
2017-11-18,Arrasate,360
2017-11-18,Berastegi,321
2017-11-18,Bidania,310
2017-11-18,Miramon,188
2017-11-18,Zegama,288
2017-11-19,Arrasate,189
2017-11-19,Berastegi,353
2017-11-19,Bidania,344
2017-11-19,Miramon,176
2017-11-19,Zegama,139
2017-11-20,Arrasate,229
2017-11-20,Berastegi,165
2017-11-20,Bidania,148
2017-11-20,Miramon,178
2017-11-20,Zegama,126
2017-11-21,Arrasate,223
2017-11-21,Berastegi,163
2017-11-21,Bidania,134
2017-11-21,Miramon,178
2017-11-21,Zegama,126
2017-11-22,Arrasate,223
2017-11-22,Berastegi,140
2017-11-22,Bidania,150
2017-11-22,Miramon,174
2017-11-22,Zegama,139
2017-11-23,Arrasate,191
2017-11-23,Berastegi,143
2017-11-23,Bidania,164
2017-11-23,Miramon,181
2017-11-23,Zegama,154
2017-11-24,Arrasate,211
2017-11-24,Berastegi,136
2017-11-24,Bidania,162
2017-11-24,Miramon,206
2017-11-24,Zegama,147
2017-11-25,Arrasate,313
2017-11-25,Berastegi,334
2017-11-25,Bidania,315
2017-11-25,Miramon,308
2017-11-25,Zegama,302
2017-11-26,Arrasate,339
2017-11-26,Berastegi,309
2017-11-26,Bidania,313
2017-11-26,Miramon,188
2017-11-26,Zegama,312
2017-11-27,Arrasate,138
2017-11-27,Berastegi,345
2017-11-27,Bidania,140
2017-11-27,Miramon,178
2017-11-27,Zegama,131
2017-11-28,Arrasate,275
2017-11-28,Berastegi,307
2017-11-28,Bidania,283
2017-11-28,Miramon,198
2017-11-28,Zegama,126
2017-11-29,Arrasate,312
2017-11-29,Berastegi,333
2017-11-29,Bidania,317
2017-11-29,Miramon,190
2017-11-29,Zegama,312
2017-11-30,Arrasate,155
2017-11-30,Berastegi,110
2017-11-30,Bidania,302
2017-11-30,Miramon,193
2017-11-30,Zegama,288
2017-12-01,Arrasate,312
2017-12-01,Berastegi,334
2017-12-01,Bidania,314
2017-12-01,Miramon,236
2017-12-01,Zegama,294
2017-12-02,Arrasate,54
2017-12-02,Berastegi,316
2017-12-02,Bidania,348
2017-12-02,Miramon,171
2017-12-02,Zegama,298
2017-12-03,Arrasate,289
2017-12-03,Berastegi,165
2017-12-03,Bidania,337
2017-12-03,Miramon,181
2017-12-03,Zegama,126
2017-12-04,Arrasate,54
2017-12-04,Berastegi,133
2017-12-04,Bidania,315
2017-12-04,Miramon,183
2017-12-04,Zegama,181
2017-12-05,Arrasate,160
2017-12-05,Berastegi,190
2017-12-05,Bidania,149
2017-12-05,Miramon,173
2017-12-05,Zegama,173
2017-12-06,Arrasate,237
2017-12-06,Berastegi,261
2017-12-06,Bidania,133
2017-12-06,Miramon,177
2017-12-06,Zegama,128
2017-12-07,Arrasate,282
2017-12-07,Berastegi,148
2017-12-07,Bidania,136
2017-12-07,Miramon,191
2017-12-07,Zegama,147
2017-12-08,Arrasate,284
2017-12-08,Berastegi,326
2017-12-08,Bidania,316
2017-12-08,Miramon,241
2017-12-08,Zegama,285
2017-12-09,Arrasate,279
2017-12-09,Berastegi,141
2017-12-09,Bidania,205
2017-12-09,Miramon,193
2017-12-09,Zegama,144
2017-12-10,Arrasate,215
2017-12-10,Berastegi,166
2017-12-10,Bidania,203
2017-12-10,Miramon,201
2017-12-10,Zegama,137
2017-12-11,Arrasate,251
2017-12-11,Berastegi,290
2017-12-11,Bidania,279
2017-12-11,Miramon,246
2017-12-11,Zegama,149
2017-12-12,Arrasate,243
2017-12-12,Berastegi,255
2017-12-12,Bidania,304
2017-12-12,Miramon,190
2017-12-12,Zegama,154
2017-12-13,Arrasate,231
2017-12-13,Berastegi,139
2017-12-13,Bidania,167
2017-12-13,Miramon,198
2017-12-13,Zegama,204
2017-12-14,Arrasate,316
2017-12-14,Berastegi,277
2017-12-14,Bidania,290
2017-12-14,Miramon,253
2017-12-14,Zegama,192
2017-12-15,Arrasate,288
2017-12-15,Berastegi,300
2017-12-15,Bidania,294
2017-12-15,Miramon,261
2017-12-15,Zegama,290
2017-12-16,Arrasate,314
2017-12-16,Berastegi,19
2017-12-16,Bidania,319
2017-12-16,Miramon,288
2017-12-16,Zegama,294
2017-12-17,Arrasate,323
2017-12-17,Berastegi,314
2017-12-17,Bidania,318
2017-12-17,Miramon,198
2017-12-17,Zegama,309
2017-12-18,Arrasate,327
2017-12-18,Berastegi,321
2017-12-18,Bidania,322
2017-12-18,Miramon,262
2017-12-18,Zegama,305
2017-12-19,Arrasate,0
2017-12-19,Berastegi,323
2017-12-19,Bidania,319
2017-12-19,Miramon,124
2017-12-19,Zegama,318
2017-12-20,Arrasate,29
2017-12-20,Berastegi,319
2017-12-20,Bidania,321
2017-12-20,Miramon,165
2017-12-20,Zegama,289
2017-12-21,Arrasate,337
2017-12-21,Berastegi,323
2017-12-21,Bidania,318
2017-12-21,Miramon,181
2017-12-21,Zegama,260
2017-12-22,Arrasate,94
2017-12-22,Berastegi,332
2017-12-22,Bidania,314
2017-12-22,Miramon,161
2017-12-22,Zegama,298
2017-12-23,Arrasate,1
2017-12-23,Berastegi,333
2017-12-23,Bidania,357
2017-12-23,Miramon,55
2017-12-24,Arrasate,199
2017-12-24,Berastegi,270
2017-12-24,Bidania,146
2017-12-24,Miramon,174
2017-12-24,Zegama,128
2017-12-25,Arrasate,249
2017-12-25,Berastegi,127
2017-12-25,Bidania,154
2017-12-25,Miramon,187
2017-12-25,Zegama,135
2017-12-26,Arrasate,213
2017-12-26,Berastegi,163
2017-12-26,Bidania,180
2017-12-26,Miramon,191
2017-12-26,Zegama,155
2017-12-27,Arrasate,293
2017-12-27,Berastegi,309
2017-12-27,Bidania,294
2017-12-27,Miramon,279
2017-12-27,Zegama,307
2017-12-28,Arrasate,304
2017-12-28,Berastegi,305
2017-12-28,Bidania,302
2017-12-28,Miramon,245
2017-12-28,Zegama,297
2017-12-29,Arrasate,250
2017-12-29,Berastegi,235
2017-12-29,Bidania,262
2017-12-29,Miramon,216
2017-12-29,Zegama,186
2017-12-30,Arrasate,194
2017-12-30,Berastegi,209
2017-12-30,Bidania,191
2017-12-30,Miramon,193
2017-12-30,Zegama,201
2017-12-31,Arrasate,220
2017-12-31,Berastegi,169
2017-12-31,Bidania,194
2017-12-31,Miramon,215
2017-12-31,Zegama,179
2018-01-01,Arrasate,253
2018-01-01,Berastegi,288
2018-01-01,Bidania,256
2018-01-01,Miramon,242
2018-01-01,Zegama,187
2018-01-02,Arrasate,240
2018-01-02,Berastegi,319
2018-01-02,Bidania,232
2018-01-02,Miramon,201
2018-01-02,Zegama,217
2018-01-03,Arrasate,270
2018-01-03,Berastegi,285
2018-01-03,Bidania,280
2018-01-03,Miramon,224
2018-01-03,Zegama,174
2018-01-04,Arrasate,217
2018-01-04,Berastegi,227
2018-01-04,Bidania,220
2018-01-04,Miramon,202
2018-01-04,Zegama,183
2018-01-05,Arrasate,189
2018-01-05,Berastegi,189
2018-01-05,Bidania,252
2018-01-05,Miramon,207
2018-01-05,Zegama,125
2018-01-06,Arrasate,69
2018-01-06,Berastegi,94
2018-01-06,Bidania,338
2018-01-06,Miramon,171
2018-01-07,Arrasate,131
2018-01-07,Berastegi,340
2018-01-07,Bidania,120
2018-01-07,Miramon,179
2018-01-07,Zegama,135
2018-01-08,Arrasate,199
2018-01-08,Berastegi,187
2018-01-08,Bidania,136
2018-01-08,Miramon,183
2018-01-08,Zegama,131
2018-01-09,Arrasate,233
2018-01-09,Berastegi,139
2018-01-09,Bidania,153
2018-01-09,Miramon,173
2018-01-09,Zegama,179
2018-01-10,Arrasate,234
2018-01-10,Berastegi,156
2018-01-10,Bidania,196
2018-01-10,Miramon,197
2018-01-10,Zegama,183
2018-01-11,Arrasate,291
2018-01-11,Berastegi,283
2018-01-11,Bidania,280
2018-01-11,Miramon,209
2018-01-11,Zegama,138
2018-01-12,Arrasate,245
2018-01-12,Berastegi,186
2018-01-12,Bidania,315
2018-01-12,Miramon,179
2018-01-12,Zegama,20
2018-01-13,Arrasate,225
2018-01-13,Berastegi,154
2018-01-13,Bidania,155
2018-01-13,Miramon,184
2018-01-13,Zegama,124
2018-01-14,Arrasate,271
2018-01-14,Berastegi,24
2018-01-14,Bidania,306
2018-01-14,Miramon,202
2018-01-14,Zegama,122
2018-01-15,Arrasate,248
2018-01-15,Berastegi,147
2018-01-15,Bidania,160
2018-01-15,Miramon,200
2018-01-15,Zegama,224
2018-01-16,Arrasate,276
2018-01-16,Berastegi,133
2018-01-16,Bidania,273
2018-01-16,Miramon,230
2018-01-16,Zegama,352
2018-01-17,Arrasate,306
2018-01-17,Berastegi,329
2018-01-17,Bidania,305
2018-01-17,Miramon,286
2018-01-17,Zegama,357
2018-01-18,Arrasate,90
2018-01-18,Berastegi,321
2018-01-18,Bidania,320
2018-01-18,Miramon,194
2018-01-18,Zegama,132
2018-01-19,Arrasate,291
2018-01-19,Berastegi,327
2018-01-19,Bidania,306
2018-01-19,Miramon,266
2018-01-20,Arrasate,273
2018-01-20,Berastegi,318
2018-01-20,Bidania,296
2018-01-20,Miramon,255
2018-01-20,Zegama,351
2018-01-21,Arrasate,306
2018-01-21,Berastegi,330
2018-01-21,Bidania,299
2018-01-21,Miramon,284
2018-01-21,Zegama,360
2018-01-22,Arrasate,239
2018-01-22,Berastegi,326
2018-01-22,Bidania,313
2018-01-22,Miramon,232
2018-01-22,Zegama,37
2018-01-23,Arrasate,45
2018-01-23,Berastegi,329
2018-01-23,Bidania,308
2018-01-23,Miramon,210
2018-01-23,Zegama,316
2018-01-24,Arrasate,255
2018-01-24,Berastegi,148
2018-01-24,Bidania,150
2018-01-24,Miramon,181
2018-01-24,Zegama,159
2018-01-25,Arrasate,256
2018-01-25,Berastegi,147
2018-01-25,Bidania,175
2018-01-25,Miramon,205
2018-01-25,Zegama,180
2018-01-26,Arrasate,305
2018-01-26,Berastegi,333
2018-01-26,Bidania,312
2018-01-26,Miramon,309
2018-01-26,Zegama,320
2018-01-27,Arrasate,327
2018-01-27,Berastegi,319
2018-01-27,Bidania,337
2018-01-27,Miramon,23
2018-01-27,Zegama,324
2018-01-28,Arrasate,174
2018-01-28,Berastegi,351
2018-01-28,Bidania,324
2018-01-28,Miramon,174
2018-01-28,Zegama,126
2018-01-29,Arrasate,334
2018-01-29,Berastegi,312
2018-01-29,Bidania,325
2018-01-29,Miramon,185
2018-01-29,Zegama,135
2018-01-30,Arrasate,139
2018-01-30,Berastegi,30
2018-01-30,Bidania,168
2018-01-30,Miramon,157
2018-01-30,Zegama,183
2018-01-31,Arrasate,212
2018-01-31,Berastegi,325
2018-01-31,Bidania,114
2018-01-31,Miramon,195
2018-01-31,Zegama,146
2018-02-01,Arrasate,314
2018-02-01,Berastegi,323
2018-02-01,Bidania,306
2018-02-01,Miramon,234
2018-02-01,Zegama,333
2018-02-02,Arrasate,83
2018-02-02,Berastegi,337
2018-02-02,Bidania,318
2018-02-02,Miramon,200
2018-02-02,Zegama,323
2018-02-03,Arrasate,289
2018-02-03,Berastegi,299
2018-02-03,Bidania,304
2018-02-03,Miramon,237
2018-02-03,Zegama,328
2018-02-04,Arrasate,347
2018-02-04,Berastegi,180
2018-02-04,Bidania,337
2018-02-04,Miramon,185
2018-02-04,Zegama,323
2018-02-05,Arrasate,356
2018-02-05,Berastegi,321
2018-02-05,Bidania,351
2018-02-05,Miramon,55
2018-02-05,Zegama,324
2018-02-06,Arrasate,334
2018-02-06,Berastegi,335
2018-02-06,Bidania,327
2018-02-06,Miramon,330
2018-02-06,Zegama,329
2018-02-07,Arrasate,60
2018-02-07,Berastegi,334
2018-02-07,Bidania,332
2018-02-07,Miramon,175
2018-02-07,Zegama,320
2018-02-08,Arrasate,76
2018-02-08,Berastegi,333
2018-02-08,Bidania,328
2018-02-08,Miramon,174
2018-02-08,Zegama,337
2018-02-09,Arrasate,341
2018-02-09,Berastegi,340
2018-02-09,Bidania,329
2018-02-09,Miramon,214
2018-02-09,Zegama,324
2018-02-10,Arrasate,330
2018-02-10,Berastegi,350
2018-02-10,Bidania,327
2018-02-10,Miramon,169
2018-02-10,Zegama,317
2018-02-11,Arrasate,312
2018-02-11,Berastegi,320
2018-02-11,Bidania,304
2018-02-11,Miramon,250
2018-02-11,Zegama,333
2018-02-12,Arrasate,292
2018-02-12,Berastegi,321
2018-02-12,Bidania,313
2018-02-12,Miramon,271
2018-02-12,Zegama,337
2018-02-13,Arrasate,205
2018-02-13,Berastegi,172
2018-02-13,Bidania,196
2018-02-13,Miramon,195
2018-02-13,Zegama,182
2018-02-14,Arrasate,236
2018-02-14,Berastegi,164
2018-02-14,Bidania,135
2018-02-14,Miramon,183
2018-02-14,Zegama,219
2018-02-15,Arrasate,210
2018-02-15,Berastegi,148
2018-02-15,Bidania,139
2018-02-15,Miramon,180
2018-02-15,Zegama,238
2018-02-16,Arrasate,224
2018-02-16,Berastegi,163
2018-02-16,Bidania,154
2018-02-16,Miramon,213
2018-02-16,Zegama,199
2018-02-17,Arrasate,321
2018-02-17,Berastegi,335
2018-02-17,Bidania,312
2018-02-17,Miramon,301
2018-02-17,Zegama,330
2018-02-18,Arrasate,311
2018-02-18,Berastegi,334
2018-02-18,Bidania,311
2018-02-18,Miramon,252
2018-02-18,Zegama,337
2018-02-19,Arrasate,301
2018-02-19,Berastegi,328
2018-02-19,Bidania,308
2018-02-19,Miramon,311
2018-02-19,Zegama,330
2018-02-20,Arrasate,333
2018-02-20,Berastegi,333
2018-02-20,Bidania,312
2018-02-20,Miramon,317
2018-02-20,Zegama,329
2018-02-21,Arrasate,328
2018-02-21,Berastegi,314
2018-02-21,Bidania,326
2018-02-21,Miramon,353
2018-02-21,Zegama,329
2018-02-22,Arrasate,325
2018-02-22,Berastegi,322
2018-02-22,Bidania,325
2018-02-22,Miramon,6
2018-02-22,Zegama,342
2018-02-23,Arrasate,7
2018-02-23,Berastegi,215
2018-02-23,Bidania,315
2018-02-23,Miramon,140
2018-02-23,Zegama,327
2018-02-24,Arrasate,2
2018-02-24,Berastegi,241
2018-02-24,Bidania,335
2018-02-24,Miramon,141
2018-02-24,Zegama,344
2018-02-25,Arrasate,342
2018-02-25,Berastegi,327
2018-02-25,Bidania,309
2018-02-25,Miramon,219
2018-02-25,Zegama,332
2018-02-26,Arrasate,351
2018-02-26,Berastegi,317
2018-02-26,Bidania,318
2018-02-26,Miramon,9
2018-02-26,Zegama,345
2018-02-27,Arrasate,347
2018-02-27,Bidania,332
2018-02-27,Miramon,353
2018-02-27,Zegama,354
2018-02-28,Arrasate,154
2018-02-28,Bidania,141
2018-02-28,Miramon,163
2018-02-28,Zegama,134
2018-03-01,Arrasate,146
2018-03-01,Berastegi,170
2018-03-01,Bidania,153
2018-03-01,Miramon,163
2018-03-01,Zegama,130
2018-03-02,Arrasate,168
2018-03-02,Berastegi,158
2018-03-02,Bidania,167
2018-03-02,Miramon,173
2018-03-02,Zegama,137
2018-03-03,Arrasate,193
2018-03-03,Berastegi,170
2018-03-03,Bidania,176
2018-03-03,Miramon,194
2018-03-03,Zegama,132
2018-03-04,Arrasate,194
2018-03-04,Berastegi,168
2018-03-04,Bidania,173
2018-03-04,Miramon,205
2018-03-04,Zegama,182
2018-03-05,Arrasate,229
2018-03-05,Berastegi,158
2018-03-05,Bidania,204
2018-03-05,Miramon,218
2018-03-05,Zegama,205
2018-03-06,Arrasate,223
2018-03-06,Berastegi,166
2018-03-06,Bidania,252
2018-03-06,Miramon,230
2018-03-06,Zegama,131
2018-03-07,Arrasate,221
2018-03-07,Berastegi,308
2018-03-07,Bidania,246
2018-03-07,Miramon,259
2018-03-07,Zegama,118
2018-03-08,Arrasate,180
2018-03-08,Bidania,157
2018-03-08,Miramon,165
2018-03-08,Zegama,140
2018-03-09,Arrasate,173
2018-03-09,Bidania,154
2018-03-09,Miramon,170
2018-03-09,Zegama,138
2018-03-10,Arrasate,189
2018-03-10,Bidania,154
2018-03-10,Miramon,171
2018-03-10,Zegama,130
2018-03-11,Arrasate,204
2018-03-11,Bidania,174
2018-03-11,Miramon,191
2018-03-11,Zegama,136
2018-03-12,Arrasate,307
2018-03-12,Berastegi,333
2018-03-12,Bidania,295
2018-03-12,Miramon,282
2018-03-12,Zegama,153
2018-03-13,Arrasate,202
2018-03-13,Berastegi,147
2018-03-13,Bidania,157
2018-03-13,Miramon,171
2018-03-13,Zegama,208
2018-03-14,Arrasate,162
2018-03-14,Berastegi,151
2018-03-14,Bidania,159
2018-03-14,Miramon,166
2018-03-14,Zegama,147
2018-03-15,Arrasate,197
2018-03-15,Berastegi,177
2018-03-15,Bidania,205
2018-03-15,Miramon,206
2018-03-15,Zegama,164
2018-03-16,Arrasate,200
2018-03-16,Berastegi,203
2018-03-16,Bidania,208
2018-03-16,Miramon,200
2018-03-16,Zegama,153
2018-03-17,Arrasate,222
2018-03-17,Berastegi,294
2018-03-17,Bidania,276
2018-03-17,Miramon,275
2018-03-17,Zegama,135
2018-03-18,Arrasate,316
2018-03-18,Berastegi,308
2018-03-18,Bidania,303
2018-03-18,Miramon,230
2018-03-18,Zegama,40
2018-03-19,Arrasate,285
2018-03-19,Berastegi,325
2018-03-19,Bidania,295
2018-03-19,Miramon,269
2018-03-19,Zegama,61
2018-03-20,Arrasate,325
2018-03-20,Berastegi,313
2018-03-20,Bidania,323
2018-03-20,Miramon,345
2018-03-20,Zegama,342
2018-03-21,Arrasate,333
2018-03-21,Berastegi,312
2018-03-21,Bidania,325
2018-03-21,Miramon,358
2018-03-21,Zegama,343
2018-03-22,Arrasate,332
2018-03-22,Berastegi,323
2018-03-22,Bidania,330
2018-03-22,Miramon,339
2018-03-22,Zegama,334
2018-03-23,Arrasate,232
2018-03-23,Berastegi,145
2018-03-23,Bidania,209
2018-03-23,Miramon,189
2018-03-23,Zegama,123
2018-03-24,Arrasate,226
2018-03-24,Berastegi,294
2018-03-24,Bidania,275
2018-03-24,Miramon,237
2018-03-24,Zegama,57
2018-03-25,Arrasate,277
2018-03-25,Berastegi,298
2018-03-25,Bidania,291
2018-03-25,Miramon,266
2018-03-25,Zegama,336
2018-03-26,Arrasate,301
2018-03-26,Berastegi,315
2018-03-26,Bidania,310
2018-03-26,Miramon,295
2018-03-26,Zegama,345
2018-03-27,Arrasate,52
2018-03-27,Berastegi,312
2018-03-27,Bidania,300
2018-03-27,Miramon,278
2018-03-27,Zegama,337
2018-03-28,Arrasate,322
2018-03-28,Berastegi,341
2018-03-28,Bidania,308
2018-03-28,Miramon,248
2018-03-28,Zegama,9
2018-03-29,Arrasate,210
2018-03-29,Berastegi,224
2018-03-29,Bidania,203
2018-03-29,Miramon,255
2018-03-29,Zegama,118
2018-03-30,Arrasate,211
2018-03-30,Berastegi,186
2018-03-30,Bidania,204
2018-03-30,Miramon,216
2018-03-30,Zegama,154
2018-03-31,Arrasate,296
2018-03-31,Berastegi,299
2018-03-31,Bidania,286
2018-03-31,Miramon,277
2018-03-31,Zegama,359
2018-04-01,Arrasate,199
2018-04-01,Berastegi,140
2018-04-01,Bidania,154
2018-04-01,Miramon,169
2018-04-01,Zegama,134
2018-04-02,Arrasate,151
2018-04-02,Berastegi,151
2018-04-02,Bidania,156
2018-04-02,Miramon,166
2018-04-02,Zegama,129
2018-04-03,Arrasate,206
2018-04-03,Berastegi,155
2018-04-03,Bidania,165
2018-04-03,Miramon,193
2018-04-03,Zegama,140
2018-04-04,Arrasate,225
2018-04-04,Berastegi,183
2018-04-04,Bidania,217
2018-04-04,Miramon,219
2018-04-04,Zegama,122
2018-04-05,Arrasate,159
2018-04-05,Berastegi,152
2018-04-05,Bidania,155
2018-04-05,Miramon,151
2018-04-05,Zegama,138
2018-04-06,Arrasate,141
2018-04-06,Berastegi,155
2018-04-06,Bidania,158
2018-04-06,Miramon,154
2018-04-06,Zegama,132
2018-04-07,Arrasate,126
2018-04-07,Berastegi,159
2018-04-07,Bidania,153
2018-04-07,Miramon,201
2018-04-07,Zegama,140
2018-04-08,Arrasate,26
2018-04-08,Berastegi,315
2018-04-08,Bidania,303
2018-04-08,Miramon,272
2018-04-08,Zegama,341
2018-04-09,Arrasate,261
2018-04-09,Berastegi,323
2018-04-09,Bidania,267
2018-04-09,Miramon,213
2018-04-09,Zegama,80
2018-04-10,Arrasate,166
2018-04-10,Berastegi,151
2018-04-10,Bidania,148
2018-04-10,Miramon,205
2018-04-10,Zegama,125
2018-04-11,Arrasate,301
2018-04-11,Berastegi,324
2018-04-11,Bidania,311
2018-04-11,Miramon,313
2018-04-11,Zegama,351
2018-04-12,Arrasate,297
2018-04-12,Berastegi,317
2018-04-12,Bidania,309
2018-04-12,Zegama,359
2018-04-13,Arrasate,138
2018-04-13,Berastegi,147
2018-04-13,Bidania,132
2018-04-13,Miramon,147
2018-04-13,Zegama,124
2018-04-14,Arrasate,184
2018-04-14,Berastegi,325
2018-04-14,Bidania,145
2018-04-14,Miramon,155
2018-04-14,Zegama,149
2018-04-15,Arrasate,278
2018-04-15,Berastegi,53
2018-04-15,Bidania,176
2018-04-15,Miramon,233
2018-04-15,Zegama,236
2018-04-16,Arrasate,73
2018-04-16,Berastegi,318
2018-04-16,Bidania,314
2018-04-16,Zegama,9
2018-04-17,Arrasate,258
2018-04-17,Berastegi,328
2018-04-17,Bidania,148
2018-04-17,Miramon,168
2018-04-17,Zegama,34
2018-04-18,Arrasate,156
2018-04-18,Berastegi,152
2018-04-18,Bidania,143
2018-04-18,Miramon,174
2018-04-18,Zegama,126
2018-04-19,Arrasate,160
2018-04-19,Berastegi,148
2018-04-19,Bidania,141
2018-04-19,Miramon,178
2018-04-19,Zegama,128
2018-04-20,Arrasate,154
2018-04-20,Berastegi,142
2018-04-20,Bidania,135
2018-04-20,Miramon,308
2018-04-20,Zegama,128
2018-04-21,Arrasate,157
2018-04-21,Berastegi,151
2018-04-21,Bidania,151
2018-04-21,Miramon,165
2018-04-21,Zegama,126
2018-04-22,Arrasate,287
2018-04-22,Berastegi,127
2018-04-22,Bidania,160
2018-04-22,Miramon,276
2018-04-22,Zegama,116
2018-04-23,Arrasate,2
2018-04-23,Berastegi,318
2018-04-23,Bidania,323
2018-04-23,Miramon,337
2018-04-23,Zegama,355
2018-04-24,Arrasate,352
2018-04-24,Berastegi,347
2018-04-24,Bidania,135
2018-04-24,Miramon,316
2018-04-24,Zegama,64
2018-04-25,Arrasate,340
2018-04-25,Berastegi,320
2018-04-25,Bidania,308
2018-04-25,Miramon,307
2018-04-26,Arrasate,357
2018-04-26,Berastegi,321
2018-04-26,Bidania,338
2018-04-26,Miramon,15
2018-04-26,Zegama,355
2018-04-27,Arrasate,347
2018-04-27,Berastegi,331
2018-04-27,Bidania,315
2018-04-27,Miramon,237
2018-04-27,Zegama,10
2018-04-28,Arrasate,6
2018-04-28,Berastegi,322
2018-04-28,Bidania,309
2018-04-28,Miramon,358
2018-04-28,Zegama,345
2018-04-29,Arrasate,319
2018-04-29,Berastegi,320
2018-04-29,Bidania,302
2018-04-29,Miramon,271
2018-04-29,Zegama,11
2018-04-30,Arrasate,290
2018-04-30,Berastegi,320
2018-04-30,Bidania,295
2018-04-30,Miramon,246
2018-04-30,Zegama,219
2018-05-01,Arrasate,10
2018-05-01,Berastegi,324
2018-05-01,Bidania,325
2018-05-01,Miramon,241
2018-05-01,Zegama,9
2018-05-02,Arrasate,308
2018-05-02,Berastegi,327
2018-05-02,Bidania,316
2018-05-02,Miramon,239
2018-05-02,Zegama,19
2018-05-03,Arrasate,319
2018-05-03,Berastegi,326
2018-05-03,Bidania,315
2018-05-03,Miramon,311
2018-05-03,Zegama,355
2018-05-04,Arrasate,325
2018-05-04,Berastegi,318
2018-05-04,Bidania,326
2018-05-04,Miramon,324
2018-05-04,Zegama,344
2018-05-05,Arrasate,334
2018-05-05,Berastegi,315
2018-05-05,Bidania,309
2018-05-05,Miramon,272
2018-05-05,Zegama,359
2018-05-06,Arrasate,334
2018-05-06,Berastegi,318
2018-05-06,Bidania,300
2018-05-06,Miramon,215
2018-05-06,Zegama,37
2018-05-07,Arrasate,331
2018-05-07,Berastegi,321
2018-05-07,Bidania,352
2018-05-07,Miramon,324
2018-05-07,Zegama,12
2018-05-08,Arrasate,312
2018-05-08,Berastegi,331
2018-05-08,Bidania,310
2018-05-08,Miramon,298
2018-05-08,Zegama,360
2018-05-09,Arrasate,340
2018-05-09,Berastegi,321
2018-05-09,Bidania,307
2018-05-09,Miramon,281
2018-05-09,Zegama,351
2018-05-10,Arrasate,315
2018-05-10,Berastegi,333
2018-05-10,Bidania,315
2018-05-10,Miramon,306
2018-05-10,Zegama,353
2018-05-11,Arrasate,242
2018-05-11,Berastegi,127
2018-05-11,Bidania,124
2018-05-11,Miramon,223
2018-05-11,Zegama,98
2018-05-12,Arrasate,315
2018-05-12,Berastegi,325
2018-05-12,Bidania,313
2018-05-12,Miramon,254
2018-05-12,Zegama,1
2018-05-13,Arrasate,311
2018-05-13,Berastegi,308
2018-05-13,Bidania,304
2018-05-13,Miramon,254
2018-05-13,Zegama,4
2018-05-14,Arrasate,321
2018-05-14,Berastegi,327
2018-05-14,Bidania,319
2018-05-14,Miramon,297
2018-05-14,Zegama,356
2018-05-15,Arrasate,324
2018-05-15,Berastegi,320
2018-05-15,Bidania,317
2018-05-15,Miramon,282
2018-05-15,Zegama,356
2018-05-16,Arrasate,347
2018-05-16,Berastegi,325
2018-05-16,Bidania,324
2018-05-16,Miramon,292
2018-05-16,Zegama,345
2018-05-17,Arrasate,29
2018-05-17,Berastegi,312
2018-05-17,Bidania,340
2018-05-17,Miramon,309
2018-05-17,Zegama,342
2018-05-18,Arrasate,331
2018-05-18,Berastegi,322
2018-05-18,Bidania,320
2018-05-18,Miramon,305
2018-05-18,Zegama,340
2018-05-19,Arrasate,328
2018-05-19,Berastegi,312
2018-05-19,Bidania,329
2018-05-19,Miramon,311
2018-05-19,Zegama,9
2018-05-20,Arrasate,334
2018-05-20,Berastegi,313
2018-05-20,Bidania,341
2018-05-20,Miramon,271
2018-05-20,Zegama,359
2018-05-21,Arrasate,146
2018-05-21,Berastegi,141
2018-05-21,Bidania,103
2018-05-21,Miramon,282
2018-05-21,Zegama,130
2018-05-22,Arrasate,335
2018-05-22,Berastegi,314
2018-05-22,Bidania,316
2018-05-22,Miramon,285
2018-05-22,Zegama,26
2018-05-23,Arrasate,182
2018-05-23,Berastegi,322
2018-05-23,Bidania,148
2018-05-23,Miramon,209
2018-05-23,Zegama,134
2018-05-24,Arrasate,11
2018-05-24,Berastegi,143
2018-05-24,Bidania,117
2018-05-24,Miramon,303
2018-05-24,Zegama,122
2018-05-25,Arrasate,328
2018-05-25,Berastegi,325
2018-05-25,Bidania,10
2018-05-25,Miramon,322
2018-05-25,Zegama,61
2018-05-26,Arrasate,290
2018-05-26,Berastegi,157
2018-05-26,Bidania,145
2018-05-26,Miramon,259
2018-05-26,Zegama,187
2018-05-27,Arrasate,350
2018-05-27,Berastegi,322
2018-05-27,Bidania,343
2018-05-27,Miramon,335
2018-05-27,Zegama,2
2018-05-28,Arrasate,23
2018-05-28,Berastegi,323
2018-05-28,Bidania,319
2018-05-28,Miramon,283
2018-05-29,Arrasate,355
2018-05-29,Berastegi,321
2018-05-29,Bidania,328
2018-05-29,Miramon,249
2018-05-29,Zegama,352
2018-05-30,Arrasate,337
2018-05-30,Berastegi,331
2018-05-30,Bidania,328
2018-05-30,Miramon,301
2018-05-30,Zegama,342
2018-05-31,Arrasate,351
2018-05-31,Berastegi,327
2018-05-31,Bidania,160
2018-05-31,Miramon,11
2018-05-31,Zegama,345
2018-06-01,Arrasate,2
2018-06-01,Berastegi,328
2018-06-01,Bidania,336
2018-06-01,Miramon,304
2018-06-01,Zegama,354
2018-06-02,Arrasate,329
2018-06-02,Berastegi,335
2018-06-02,Bidania,92
2018-06-02,Miramon,314
2018-06-02,Zegama,358
2018-06-03,Arrasate,306
2018-06-03,Berastegi,347
2018-06-03,Bidania,340
2018-06-03,Miramon,292
2018-06-03,Zegama,109
2018-06-04,Arrasate,346
2018-06-04,Berastegi,319
2018-06-04,Bidania,319
2018-06-04,Zegama,355
2018-06-05,Arrasate,349
2018-06-05,Berastegi,324
2018-06-05,Bidania,311
2018-06-05,Miramon,278
2018-06-05,Zegama,347
2018-06-06,Arrasate,319
2018-06-06,Berastegi,320
2018-06-06,Bidania,353
2018-06-06,Miramon,259
2018-06-06,Zegama,360
2018-06-07,Arrasate,254
2018-06-07,Berastegi,280
2018-06-07,Bidania,145
2018-06-07,Miramon,195
2018-06-07,Zegama,146
2018-06-08,Arrasate,152
2018-06-08,Berastegi,152
2018-06-08,Bidania,140
2018-06-08,Miramon,158
2018-06-08,Zegama,131
2018-06-09,Arrasate,265
2018-06-09,Bidania,149
2018-06-09,Miramon,315
2018-06-09,Zegama,140
2018-06-10,Arrasate,308
2018-06-10,Bidania,96
2018-06-10,Miramon,210
2018-06-10,Zegama,19
2018-06-11,Arrasate,324
2018-06-11,Berastegi,317
2018-06-11,Bidania,313
2018-06-11,Miramon,227
2018-06-11,Zegama,351
2018-06-12,Arrasate,309
2018-06-12,Berastegi,299
2018-06-12,Bidania,305
2018-06-12,Zegama,325
2018-06-13,Arrasate,306
2018-06-13,Berastegi,316
2018-06-13,Bidania,327
2018-06-13,Miramon,288
2018-06-13,Zegama,324
2018-06-14,Arrasate,336
2018-06-14,Berastegi,319
2018-06-14,Bidania,321
2018-06-14,Miramon,296
2018-06-14,Zegama,340
2018-06-15,Arrasate,358
2018-06-15,Berastegi,328
2018-06-15,Bidania,326
2018-06-15,Miramon,224
2018-06-15,Zegama,347
2018-06-16,Arrasate,6
2018-06-16,Berastegi,327
2018-06-16,Bidania,327
2018-06-16,Miramon,324
2018-06-16,Zegama,340
2018-06-17,Arrasate,338
2018-06-17,Berastegi,318
2018-06-17,Bidania,323
2018-06-17,Miramon,280
2018-06-17,Zegama,340
2018-06-18,Arrasate,339
2018-06-18,Berastegi,325
2018-06-18,Bidania,328
2018-06-18,Miramon,252
2018-06-18,Zegama,356
2018-06-19,Arrasate,23
2018-06-19,Berastegi,347
2018-06-19,Bidania,6
2018-06-19,Miramon,327
2018-06-19,Zegama,331
2018-06-20,Arrasate,342
2018-06-20,Berastegi,20
2018-06-20,Bidania,94
2018-06-20,Miramon,315
2018-06-20,Zegama,80
2018-06-21,Arrasate,332
2018-06-21,Berastegi,332
2018-06-21,Bidania,330
2018-06-21,Zegama,342
2018-06-22,Arrasate,339
2018-06-22,Berastegi,324
2018-06-22,Bidania,325
2018-06-22,Miramon,280
2018-06-22,Zegama,349
2018-06-23,Arrasate,348
2018-06-23,Berastegi,312
2018-06-23,Bidania,354
2018-06-23,Miramon,218
2018-06-23,Zegama,4
2018-06-24,Arrasate,332
2018-06-24,Berastegi,317
2018-06-24,Bidania,22
2018-06-24,Miramon,211
2018-06-24,Zegama,354
2018-06-25,Arrasate,347
2018-06-25,Berastegi,308
2018-06-25,Bidania,1
2018-06-25,Miramon,259
2018-06-25,Zegama,349
2018-06-26,Arrasate,338
2018-06-26,Berastegi,322
2018-06-26,Bidania,21
2018-06-26,Miramon,284
2018-06-26,Zegama,341
2018-06-27,Arrasate,344
2018-06-27,Berastegi,331
2018-06-27,Bidania,331
2018-06-27,Miramon,276
2018-06-27,Zegama,353
2018-06-28,Arrasate,353
2018-06-28,Berastegi,329
2018-06-28,Bidania,317
2018-06-28,Miramon,284
2018-06-29,Arrasate,17
2018-06-29,Berastegi,69
2018-06-29,Bidania,127
2018-06-29,Miramon,313
2018-06-29,Zegama,98
2018-06-30,Arrasate,157
2018-06-30,Berastegi,150
2018-06-30,Bidania,127
2018-06-30,Miramon,316
2018-06-30,Zegama,135
2018-07-01,Arrasate,329
2018-07-01,Berastegi,317
2018-07-01,Bidania,93
2018-07-01,Miramon,289
2018-07-01,Zegama,76
2018-07-02,Arrasate,274
2018-07-02,Berastegi,329
2018-07-02,Bidania,333
2018-07-02,Miramon,311
2018-07-02,Zegama,37
2018-07-03,Arrasate,347
2018-07-03,Berastegi,332
2018-07-03,Bidania,339
2018-07-03,Miramon,322
2018-07-03,Zegama,342
2018-07-04,Arrasate,353
2018-07-04,Berastegi,327
2018-07-04,Miramon,317
2018-07-04,Zegama,330
2018-07-05,Arrasate,338
2018-07-05,Berastegi,324
2018-07-05,Bidania,311
2018-07-05,Miramon,269
2018-07-05,Zegama,329
2018-07-06,Arrasate,351
2018-07-06,Berastegi,337
2018-07-06,Bidania,12
2018-07-06,Miramon,5
2018-07-06,Zegama,0
2018-07-07,Arrasate,345
2018-07-07,Berastegi,316
2018-07-07,Miramon,286
2018-07-07,Zegama,336
2018-07-08,Arrasate,329
2018-07-08,Berastegi,313
2018-07-08,Zegama,349
2018-07-09,Arrasate,354
2018-07-09,Berastegi,311
2018-07-09,Zegama,345
2018-07-10,Arrasate,330
2018-07-10,Berastegi,322
2018-07-10,Zegama,352
2018-07-11,Arrasate,347
2018-07-11,Berastegi,323
2018-07-11,Zegama,336
2018-07-12,Arrasate,340
2018-07-12,Berastegi,323
2018-07-12,Zegama,342
2018-07-13,Arrasate,353
2018-07-13,Berastegi,320
2018-07-13,Miramon,222
2018-07-13,Zegama,320
2018-07-14,Arrasate,343
2018-07-14,Berastegi,319
2018-07-14,Miramon,254
2018-07-14,Zegama,107
2018-07-15,Arrasate,329
2018-07-15,Berastegi,336
2018-07-15,Miramon,249
2018-07-15,Zegama,336
2018-07-16,Arrasate,319
2018-07-16,Berastegi,325
2018-07-16,Miramon,269
2018-07-16,Zegama,331
2018-07-17,Arrasate,0
2018-07-17,Berastegi,330
2018-07-17,Miramon,319
2018-07-17,Zegama,348
2018-07-18,Arrasate,346
2018-07-18,Berastegi,308
2018-07-18,Miramon,296
2018-07-18,Zegama,111
2018-07-19,Arrasate,333
2018-07-19,Berastegi,335
2018-07-19,Miramon,300
2018-07-19,Zegama,359
2018-07-20,Arrasate,346
2018-07-20,Berastegi,327
2018-07-20,Miramon,271
2018-07-20,Zegama,324
2018-07-21,Arrasate,342
2018-07-21,Berastegi,328
2018-07-21,Miramon,262
2018-07-21,Zegama,333
2018-07-22,Arrasate,332
2018-07-22,Berastegi,317
2018-07-22,Miramon,248
2018-07-22,Zegama,349
2018-07-23,Arrasate,323
2018-07-23,Berastegi,313
2018-07-23,Miramon,257
2018-07-23,Zegama,337
2018-07-24,Arrasate,337
2018-07-24,Berastegi,332
2018-07-24,Miramon,282
2018-07-24,Zegama,349
2018-07-25,Arrasate,0
2018-07-25,Berastegi,337
2018-07-25,Miramon,354
2018-07-25,Zegama,329
2018-07-26,Arrasate,349
2018-07-26,Berastegi,336
2018-07-26,Miramon,278
2018-07-26,Zegama,351
2018-07-27,Arrasate,338
2018-07-27,Berastegi,328
2018-07-27,Miramon,310
2018-07-27,Zegama,346
2018-07-28,Arrasate,337
2018-07-28,Berastegi,340
2018-07-28,Miramon,328
2018-07-28,Zegama,333
2018-07-29,Arrasate,349
2018-07-29,Berastegi,340
2018-07-29,Miramon,304
2018-07-29,Zegama,348
2018-07-30,Arrasate,342
2018-07-30,Berastegi,313
2018-07-30,Miramon,321
2018-07-30,Zegama,344
2018-07-31,Arrasate,344
2018-07-31,Berastegi,327
2018-07-31,Miramon,325
2018-07-31,Zegama,318
2018-08-01,Arrasate,33
2018-08-01,Berastegi,326
2018-08-01,Miramon,321
2018-08-01,Zegama,324
2018-08-02,Arrasate,318
2018-08-02,Berastegi,317
2018-08-02,Miramon,267
2018-08-02,Zegama,344
2018-08-03,Arrasate,2
2018-08-03,Berastegi,291
2018-08-03,Miramon,254
2018-08-03,Zegama,17
2018-08-04,Arrasate,321
2018-08-04,Berastegi,307
2018-08-04,Miramon,229
2018-08-04,Zegama,25
2018-08-05,Arrasate,319
2018-08-05,Berastegi,297
2018-08-05,Miramon,223
2018-08-05,Zegama,19
2018-08-06,Arrasate,230
2018-08-06,Berastegi,200
2018-08-06,Miramon,165
2018-08-06,Zegama,137
2018-08-07,Arrasate,342
2018-08-07,Berastegi,356
2018-08-07,Miramon,282
2018-08-07,Zegama,344
2018-08-08,Arrasate,6
2018-08-08,Berastegi,324
2018-08-08,Miramon,335
2018-08-08,Zegama,2
2018-08-09,Arrasate,314
2018-08-09,Berastegi,322
2018-08-09,Miramon,266
2018-08-09,Zegama,333
2018-08-10,Arrasate,359
2018-08-10,Berastegi,327
2018-08-10,Miramon,61
2018-08-10,Zegama,345
2018-08-11,Arrasate,333
2018-08-11,Berastegi,316
2018-08-11,Miramon,263
2018-08-11,Zegama,340
2018-08-12,Arrasate,351
2018-08-12,Berastegi,269
2018-08-12,Miramon,253
2018-08-12,Zegama,108
2018-08-13,Arrasate,339
2018-08-13,Berastegi,331
2018-08-13,Miramon,269
2018-08-13,Zegama,338
2018-08-14,Arrasate,330
2018-08-14,Berastegi,338
2018-08-14,Miramon,318
2018-08-14,Zegama,331
2018-08-15,Arrasate,358
2018-08-15,Berastegi,328
2018-08-15,Miramon,348
2018-08-15,Zegama,331
2018-08-16,Arrasate,343
2018-08-16,Berastegi,323
2018-08-16,Miramon,253
2018-08-16,Zegama,340
2018-08-17,Arrasate,350
2018-08-17,Berastegi,321
2018-08-17,Miramon,334
2018-08-17,Zegama,324
2018-08-18,Arrasate,350
2018-08-18,Berastegi,311
2018-08-18,Miramon,261
2018-08-18,Zegama,337
2018-08-19,Arrasate,344
2018-08-19,Berastegi,321
2018-08-19,Miramon,236
2018-08-19,Zegama,355
2018-08-20,Arrasate,334
2018-08-20,Berastegi,315
2018-08-20,Miramon,239
2018-08-20,Zegama,356
2018-08-21,Arrasate,334
2018-08-21,Berastegi,314
2018-08-21,Miramon,237
2018-08-21,Zegama,340
2018-08-22,Arrasate,336
2018-08-22,Berastegi,313
2018-08-22,Miramon,259
2018-08-22,Zegama,342
2018-08-23,Arrasate,343
2018-08-23,Berastegi,321
2018-08-23,Miramon,288
2018-08-23,Zegama,352
2018-08-24,Arrasate,333
2018-08-24,Berastegi,315
2018-08-24,Miramon,290
2018-08-24,Zegama,336
2018-08-25,Arrasate,329
2018-08-25,Berastegi,318
2018-08-25,Miramon,265
2018-08-25,Zegama,339
2018-08-26,Arrasate,345
2018-08-26,Berastegi,307
2018-08-26,Miramon,202
2018-08-26,Zegama,323
2018-08-27,Arrasate,325
2018-08-27,Berastegi,315
2018-08-27,Miramon,217
2018-08-27,Zegama,319
2018-08-28,Arrasate,130
2018-08-28,Berastegi,162
2018-08-28,Miramon,263
2018-08-28,Zegama,129
2018-08-29,Arrasate,329
2018-08-29,Berastegi,319
2018-08-29,Miramon,253
2018-08-29,Zegama,343
2018-08-30,Arrasate,0
2018-08-30,Berastegi,309
2018-08-30,Miramon,303
2018-08-30,Zegama,323
2018-08-31,Arrasate,352
2018-08-31,Berastegi,331
2018-08-31,Miramon,289
2018-08-31,Zegama,355
2018-09-01,Arrasate,1
2018-09-01,Berastegi,322
2018-09-01,Miramon,352
2018-09-01,Zegama,319
2018-09-02,Arrasate,335
2018-09-02,Berastegi,304
2018-09-02,Miramon,179
2018-09-02,Zegama,297
2018-09-03,Arrasate,350
2018-09-03,Berastegi,320
2018-09-03,Miramon,207
2018-09-03,Zegama,359
2018-09-04,Arrasate,332
2018-09-04,Berastegi,331
2018-09-04,Miramon,219
2018-09-04,Zegama,16
2018-09-05,Arrasate,41
2018-09-05,Berastegi,319
2018-09-05,Miramon,197
2018-09-05,Zegama,119
2018-09-06,Arrasate,348
2018-09-06,Berastegi,328
2018-09-06,Miramon,242
2018-09-06,Zegama,335
2018-09-07,Arrasate,8
2018-09-07,Berastegi,328
2018-09-07,Miramon,329
2018-09-07,Zegama,321
2018-09-08,Arrasate,172
2018-09-08,Berastegi,158
2018-09-08,Miramon,178
2018-09-08,Zegama,141
2018-09-09,Arrasate,1
2018-09-09,Berastegi,336
2018-09-09,Miramon,306
2018-09-09,Zegama,76
2018-09-10,Arrasate,350
2018-09-10,Berastegi,328
2018-09-10,Miramon,15
2018-09-10,Zegama,330
2018-09-11,Arrasate,162
2018-09-11,Berastegi,119
2018-09-11,Miramon,198
2018-09-11,Zegama,138
2018-09-12,Arrasate,319
2018-09-12,Berastegi,36
2018-09-12,Miramon,295
2018-09-12,Zegama,107
2018-09-13,Arrasate,353
2018-09-13,Berastegi,314
2018-09-13,Miramon,295
2018-09-13,Zegama,335
2018-09-14,Arrasate,344
2018-09-14,Berastegi,324
2018-09-14,Miramon,14
2018-09-14,Zegama,348
2018-09-15,Arrasate,9
2018-09-15,Berastegi,316
2018-09-15,Miramon,209
2018-09-15,Zegama,342
2018-09-16,Arrasate,349
2018-09-16,Berastegi,342
2018-09-16,Miramon,261
2018-09-16,Zegama,76
2018-09-17,Arrasate,157
2018-09-17,Berastegi,148
2018-09-17,Miramon,178
2018-09-17,Zegama,135
2018-09-18,Arrasate,358
2018-09-18,Berastegi,324
2018-09-18,Miramon,289
2018-09-18,Zegama,343
2018-09-19,Arrasate,6
2018-09-19,Berastegi,322
2018-09-19,Miramon,325
2018-09-19,Zegama,330
2018-09-20,Arrasate,97
2018-09-20,Berastegi,338
2018-09-20,Miramon,317
2018-09-20,Zegama,271
2018-09-21,Arrasate,341
2018-09-21,Berastegi,320
2018-09-21,Miramon,271
2018-09-21,Zegama,338
2018-09-22,Arrasate,352
2018-09-22,Berastegi,308
2018-09-22,Miramon,186
2018-09-22,Zegama,278
2018-09-23,Arrasate,343
2018-09-23,Berastegi,328
2018-09-23,Miramon,224
2018-09-23,Zegama,355
2018-09-24,Arrasate,350
2018-09-24,Berastegi,326
2018-09-24,Miramon,350
2018-09-24,Zegama,332
2018-09-25,Arrasate,328
2018-09-25,Berastegi,309
2018-09-25,Miramon,206
2018-09-25,Zegama,339
2018-09-26,Arrasate,137
2018-09-26,Berastegi,152
2018-09-26,Miramon,168
2018-09-26,Zegama,134
2018-09-27,Arrasate,251
2018-09-27,Berastegi,168
2018-09-27,Miramon,178
2018-09-27,Zegama,131
2018-09-28,Arrasate,331
2018-09-28,Berastegi,305
2018-09-28,Miramon,267
2018-09-28,Zegama,358
2018-09-29,Arrasate,327
2018-09-29,Berastegi,321
2018-09-29,Miramon,264
2018-09-29,Zegama,314
2018-09-30,Arrasate,328
2018-09-30,Berastegi,333
2018-09-30,Miramon,254
2018-09-30,Zegama,334
2018-10-01,Arrasate,338
2018-10-01,Berastegi,336
2018-10-01,Miramon,360
2018-10-01,Zegama,339
2018-10-02,Arrasate,353
2018-10-02,Berastegi,311
2018-10-02,Miramon,290
2018-10-02,Zegama,342
2018-10-03,Arrasate,354
2018-10-03,Berastegi,319
2018-10-03,Miramon,202
2018-10-03,Zegama,342
2018-10-04,Arrasate,185
2018-10-04,Berastegi,328
2018-10-04,Miramon,182
2018-10-04,Zegama,130
2018-10-05,Arrasate,189
2018-10-05,Berastegi,141
2018-10-05,Miramon,194
2018-10-05,Zegama,126
2018-10-06,Arrasate,310
2018-10-06,Berastegi,67
2018-10-06,Miramon,258
2018-10-06,Zegama,120
2018-10-07,Arrasate,303
2018-10-07,Berastegi,318
2018-10-07,Miramon,284
2018-10-07,Zegama,329
2018-10-08,Arrasate,350
2018-10-08,Berastegi,328
2018-10-08,Miramon,356
2018-10-08,Zegama,327
2018-10-09,Arrasate,128
2018-10-09,Berastegi,150
2018-10-09,Miramon,147
2018-10-09,Zegama,140
2018-10-10,Arrasate,137
2018-10-10,Berastegi,152
2018-10-10,Miramon,161
2018-10-10,Zegama,136
2018-10-11,Arrasate,168
2018-10-11,Berastegi,147
2018-10-11,Miramon,172
2018-10-11,Zegama,134
2018-10-12,Arrasate,191
2018-10-12,Berastegi,154
2018-10-12,Miramon,203
2018-10-12,Zegama,158
2018-10-13,Arrasate,159
2018-10-13,Berastegi,152
2018-10-13,Miramon,173
2018-10-13,Zegama,131
2018-10-14,Arrasate,133
2018-10-14,Berastegi,158
2018-10-14,Miramon,197
2018-10-14,Zegama,126
2018-10-15,Arrasate,226
2018-10-15,Berastegi,299
2018-10-15,Miramon,172
2018-10-15,Zegama,161
2018-10-16,Arrasate,3
2018-10-16,Berastegi,324
2018-10-16,Miramon,218
2018-10-16,Zegama,348
2018-10-17,Arrasate,44
2018-10-17,Berastegi,311
2018-10-17,Miramon,283
2018-10-17,Zegama,290
2018-10-18,Arrasate,342
2018-10-18,Berastegi,327
2018-10-18,Miramon,314
2018-10-18,Zegama,309
2018-10-19,Arrasate,340
2018-10-19,Berastegi,325
2018-10-19,Miramon,293
2018-10-19,Zegama,321
2018-10-20,Arrasate,22
2018-10-20,Berastegi,332
2018-10-20,Miramon,225
2018-10-20,Zegama,301
2018-10-21,Arrasate,285
2018-10-21,Berastegi,311
2018-10-21,Miramon,239
2018-10-21,Zegama,167
2018-10-22,Arrasate,343
2018-10-22,Berastegi,327
2018-10-22,Miramon,265
2018-10-22,Zegama,322
2018-10-23,Arrasate,357
2018-10-23,Berastegi,309
2018-10-23,Miramon,242
2018-10-23,Zegama,330
2018-10-24,Arrasate,336
2018-10-24,Berastegi,320
2018-10-24,Miramon,238
2018-10-24,Zegama,325
2018-10-25,Arrasate,321
2018-10-25,Berastegi,313
2018-10-25,Miramon,183
2018-10-25,Zegama,155
2018-10-26,Arrasate,315
2018-10-26,Berastegi,347
2018-10-26,Miramon,198
2018-10-27,Arrasate,316
2018-10-27,Berastegi,330
2018-10-27,Miramon,325
2018-10-27,Zegama,320
2018-10-28,Arrasate,330
2018-10-28,Berastegi,312
2018-10-28,Miramon,311
2018-10-28,Zegama,318
2018-10-29,Arrasate,298
2018-10-29,Berastegi,326
2018-10-29,Miramon,295
2018-10-29,Zegama,323
2018-10-30,Arrasate,161
2018-10-30,Berastegi,156
2018-10-30,Miramon,175
2018-10-30,Zegama,141
2018-10-31,Arrasate,145
2018-10-31,Berastegi,174
2018-10-31,Miramon,192
2018-10-31,Zegama,149
2018-11-01,Arrasate,315
2018-11-01,Berastegi,194
2018-11-01,Miramon,186
2018-11-01,Zegama,216
2018-11-02,Arrasate,331
2018-11-02,Berastegi,312
2018-11-02,Miramon,256
2018-11-02,Zegama,282
2018-11-03,Arrasate,305
2018-11-03,Berastegi,286
2018-11-03,Miramon,178
2018-11-03,Zegama,116
2018-11-04,Arrasate,181
2018-11-04,Berastegi,152
2018-11-04,Miramon,176
2018-11-04,Zegama,135
2018-11-05,Arrasate,164
2018-11-05,Berastegi,158
2018-11-05,Miramon,174
2018-11-05,Zegama,164
2018-11-06,Arrasate,206
2018-11-06,Berastegi,151
2018-11-06,Miramon,177
2018-11-06,Zegama,214
2018-11-07,Arrasate,197
2018-11-07,Berastegi,149
2018-11-07,Miramon,183
2018-11-07,Zegama,123
2018-11-08,Arrasate,157
2018-11-08,Berastegi,151
2018-11-08,Miramon,170
2018-11-08,Zegama,142
2018-11-09,Arrasate,195
2018-11-09,Berastegi,156
2018-11-09,Miramon,185
2018-11-09,Zegama,226
2018-11-10,Arrasate,214
2018-11-10,Berastegi,142
2018-11-10,Miramon,185
2018-11-10,Zegama,150
2018-11-11,Arrasate,175
2018-11-11,Berastegi,151
2018-11-11,Miramon,191
2018-11-11,Zegama,136
2018-11-12,Arrasate,333
2018-11-12,Berastegi,183
2018-11-12,Miramon,322
2018-11-12,Zegama,129
2018-11-13,Arrasate,56
2018-11-13,Berastegi,188
2018-11-13,Miramon,217
2018-11-13,Zegama,346
2018-11-14,Arrasate,158
2018-11-14,Berastegi,157
2018-11-14,Miramon,168
2018-11-14,Zegama,135
2018-11-15,Arrasate,147
2018-11-15,Berastegi,147
2018-11-15,Miramon,160
2018-11-15,Zegama,140
2018-11-16,Arrasate,172
2018-11-16,Berastegi,166
2018-11-16,Miramon,172
2018-11-16,Zegama,127
2018-11-17,Arrasate,218
2018-11-17,Berastegi,149
2018-11-17,Miramon,173
2018-11-17,Zegama,127
2018-11-18,Arrasate,144
2018-11-18,Berastegi,162
2018-11-18,Miramon,129
2018-11-18,Zegama,139
2018-11-19,Arrasate,48
2018-11-19,Berastegi,266
2018-11-19,Miramon,277
2018-11-19,Zegama,124
2018-11-20,Arrasate,354
2018-11-20,Berastegi,312
2018-11-20,Miramon,94
2018-11-21,Arrasate,179
2018-11-21,Berastegi,141
2018-11-21,Miramon,174
2018-11-21,Zegama,153
2018-11-22,Arrasate,173
2018-11-22,Berastegi,138
2018-11-22,Miramon,166
2018-11-22,Zegama,139
2018-11-23,Arrasate,208
2018-11-23,Berastegi,155
2018-11-23,Miramon,194
2018-11-23,Zegama,162
2018-11-24,Arrasate,190
2018-11-24,Berastegi,143
2018-11-24,Miramon,182
2018-11-24,Zegama,177
2018-11-25,Arrasate,271
2018-11-25,Berastegi,144
2018-11-25,Miramon,206
2018-11-25,Zegama,130
2018-11-26,Arrasate,285
2018-11-26,Berastegi,326
2018-11-26,Miramon,272
2018-11-26,Zegama,327
2018-11-27,Arrasate,257
2018-11-27,Berastegi,287
2018-11-27,Miramon,176
2018-11-27,Zegama,308
2018-11-28,Arrasate,242
2018-11-28,Berastegi,140
2018-11-28,Miramon,173
2018-11-28,Zegama,244
2018-11-29,Arrasate,221
2018-11-29,Berastegi,140
2018-11-29,Miramon,169
2018-11-29,Zegama,181
2018-11-30,Arrasate,296
2018-11-30,Berastegi,313
2018-11-30,Miramon,216
2018-11-30,Zegama,312
2018-12-01,Arrasate,257
2018-12-01,Berastegi,169
2018-12-01,Miramon,182
2018-12-01,Zegama,257
2018-12-02,Arrasate,239
2018-12-02,Berastegi,154
2018-12-02,Miramon,187
2018-12-02,Zegama,251
2018-12-03,Arrasate,271
2018-12-03,Berastegi,161
2018-12-03,Miramon,196
2018-12-03,Zegama,253
2018-12-04,Arrasate,283
2018-12-04,Berastegi,151
2018-12-04,Miramon,175
2018-12-04,Zegama,159
2018-12-05,Arrasate,268
2018-12-05,Berastegi,146
2018-12-05,Miramon,188
2018-12-05,Zegama,174
2018-12-06,Arrasate,318
2018-12-06,Berastegi,329
2018-12-06,Miramon,261
2018-12-06,Zegama,343
2018-12-07,Arrasate,280
2018-12-07,Berastegi,328
2018-12-07,Miramon,216
2018-12-07,Zegama,81
2018-12-08,Arrasate,250
2018-12-08,Berastegi,218
2018-12-08,Miramon,221
2018-12-08,Zegama,173
2018-12-09,Arrasate,309
2018-12-09,Berastegi,327
2018-12-09,Miramon,291
2018-12-09,Zegama,335
2018-12-10,Arrasate,29
2018-12-10,Berastegi,301
2018-12-10,Miramon,192
2018-12-10,Zegama,338
2018-12-11,Arrasate,118
2018-12-11,Berastegi,171
2018-12-11,Miramon,182
2018-12-11,Zegama,134
2018-12-12,Arrasate,216
2018-12-12,Berastegi,159
2018-12-12,Miramon,195
2018-12-12,Zegama,245
2018-12-13,Arrasate,284
2018-12-13,Berastegi,280
2018-12-13,Miramon,269
2018-12-13,Zegama,268
2018-12-14,Arrasate,298
2018-12-14,Berastegi,303
2018-12-14,Miramon,278
2018-12-14,Zegama,335
2018-12-15,Arrasate,225
2018-12-15,Berastegi,145
2018-12-15,Miramon,185
2018-12-15,Zegama,221
2018-12-16,Arrasate,269
2018-12-16,Berastegi,295
2018-12-16,Miramon,278
2018-12-16,Zegama,133
2018-12-17,Arrasate,217
2018-12-17,Berastegi,146
2018-12-17,Miramon,185
2018-12-17,Zegama,127
2018-12-18,Arrasate,174
2018-12-18,Berastegi,147
2018-12-18,Miramon,176
2018-12-18,Zegama,140
2018-12-19,Arrasate,206
2018-12-19,Berastegi,194
2018-12-19,Miramon,194
2018-12-19,Zegama,192
2018-12-20,Arrasate,229
2018-12-20,Berastegi,187
2018-12-20,Miramon,192
2018-12-20,Zegama,217
2018-12-21,Arrasate,206
2018-12-21,Berastegi,141
2018-12-21,Miramon,171
2018-12-21,Zegama,231
2018-12-22,Arrasate,257
2018-12-22,Berastegi,196
2018-12-22,Miramon,182
2018-12-22,Zegama,195
2018-12-23,Arrasate,263
2018-12-23,Berastegi,291
2018-12-23,Miramon,180
2018-12-23,Zegama,139
2018-12-24,Arrasate,158
2018-12-24,Berastegi,291
2018-12-24,Miramon,192
2018-12-24,Zegama,144
2018-12-25,Arrasate,160
2018-12-25,Berastegi,193
2018-12-25,Miramon,162
2018-12-25,Zegama,126
2018-12-26,Arrasate,223
2018-12-26,Berastegi,184
2018-12-26,Miramon,183
2018-12-26,Zegama,142
2018-12-27,Arrasate,188
2018-12-27,Berastegi,246
2018-12-27,Miramon,167
2018-12-27,Zegama,137
2018-12-28,Arrasate,123
2018-12-28,Berastegi,316
2018-12-28,Miramon,218
2018-12-28,Zegama,328
2018-12-29,Arrasate,355
2018-12-29,Berastegi,324
2018-12-29,Miramon,45
2018-12-29,Zegama,338
2018-12-30,Arrasate,204
2018-12-30,Berastegi,315
2018-12-30,Miramon,187
2018-12-30,Zegama,277
2018-12-31,Arrasate,152
2018-12-31,Berastegi,322
2018-12-31,Miramon,177
2018-12-31,Zegama,170
2019-01-01,Arrasate,11
2019-01-01,Berastegi,330
2019-01-01,Miramon,156
2019-01-01,Zegama,299
2019-01-02,Arrasate,18
2019-01-02,Berastegi,323
2019-01-02,Miramon,76
2019-01-03,Arrasate,26
2019-01-03,Berastegi,322
2019-01-03,Miramon,130
2019-01-03,Zegama,278
2019-01-04,Arrasate,171
2019-01-04,Berastegi,71
2019-01-04,Miramon,167
2019-01-04,Zegama,156
2019-01-05,Arrasate,173
2019-01-05,Berastegi,286
2019-01-05,Miramon,179
2019-01-05,Zegama,139
2019-01-06,Arrasate,15
2019-01-06,Berastegi,318
2019-01-06,Miramon,120
2019-01-06,Zegama,327
2019-01-07,Arrasate,17
2019-01-07,Berastegi,54
2019-01-07,Miramon,139
2019-01-07,Zegama,303
2019-01-08,Arrasate,57
2019-01-08,Berastegi,335
2019-01-08,Miramon,237
2019-01-08,Zegama,319
2019-01-09,Arrasate,328
2019-01-09,Berastegi,328
2019-01-09,Miramon,338
2019-01-09,Zegama,332
2019-01-10,Arrasate,356
2019-01-10,Berastegi,291
2019-01-10,Miramon,57
2019-01-10,Zegama,328
2019-01-11,Arrasate,0
2019-01-11,Berastegi,302
2019-01-11,Miramon,137
2019-01-11,Zegama,335
2019-01-12,Arrasate,13
2019-01-12,Berastegi,333
2019-01-12,Miramon,200
2019-01-12,Zegama,324
2019-01-13,Arrasate,81
2019-01-13,Berastegi,328
2019-01-13,Miramon,237
2019-01-13,Zegama,332
2019-01-14,Arrasate,70
2019-01-14,Berastegi,331
2019-01-14,Miramon,273
2019-01-14,Zegama,340
2019-01-15,Arrasate,129
2019-01-15,Berastegi,318
2019-01-15,Miramon,132
2019-01-15,Zegama,305
2019-01-16,Arrasate,236
2019-01-16,Berastegi,288
2019-01-16,Miramon,201
2019-01-16,Zegama,161
2019-01-17,Arrasate,305
2019-01-17,Berastegi,322
2019-01-17,Miramon,228
2019-01-17,Zegama,331
2019-01-18,Arrasate,256
2019-01-18,Berastegi,224
2019-01-18,Miramon,187
2019-01-18,Zegama,154
2019-01-19,Arrasate,234
2019-01-19,Berastegi,144
2019-01-19,Miramon,185
2019-01-19,Zegama,186
2019-01-20,Arrasate,317
2019-01-20,Berastegi,328
2019-01-20,Miramon,300
2019-01-20,Zegama,323
2019-01-21,Arrasate,317
2019-01-21,Berastegi,336
2019-01-21,Miramon,309
2019-01-21,Zegama,322
2019-01-22,Arrasate,277
2019-01-22,Berastegi,280
2019-01-22,Miramon,216
2019-01-22,Zegama,341
2019-01-23,Arrasate,297
2019-01-23,Berastegi,322
2019-01-23,Miramon,308
2019-01-23,Zegama,328
2019-01-24,Arrasate,336
2019-01-24,Berastegi,319
2019-01-24,Miramon,160
2019-01-25,Arrasate,300
2019-01-25,Berastegi,329
2019-01-25,Miramon,305
2019-01-26,Arrasate,201
2019-01-26,Berastegi,317
2019-01-26,Miramon,220
2019-01-26,Zegama,138
2019-01-27,Arrasate,301
2019-01-27,Berastegi,305
2019-01-27,Miramon,286
2019-01-27,Zegama,327
2019-01-28,Arrasate,298
2019-01-28,Berastegi,306
2019-01-28,Miramon,293
2019-01-28,Zegama,325
2019-01-29,Arrasate,285
2019-01-29,Berastegi,307
2019-01-29,Miramon,270
2019-01-29,Zegama,303
2019-01-30,Arrasate,221
2019-01-30,Berastegi,166
2019-01-30,Miramon,233
2019-01-30,Zegama,226
2019-01-31,Arrasate,227
2019-01-31,Berastegi,139
2019-01-31,Miramon,215
2019-01-31,Zegama,136
2019-02-01,Arrasate,224
2019-02-01,Berastegi,189
2019-02-01,Miramon,200
2019-02-01,Zegama,130
2019-02-02,Arrasate,301
2019-02-02,Berastegi,323
2019-02-02,Miramon,316
2019-02-02,Zegama,322
2019-02-03,Arrasate,325
2019-02-03,Berastegi,323
2019-02-03,Miramon,161
2019-02-03,Zegama,320
2019-02-04,Arrasate,226
2019-02-04,Berastegi,212
2019-02-04,Miramon,181
2019-02-04,Zegama,137
2019-02-05,Arrasate,322
2019-02-05,Berastegi,221
2019-02-05,Miramon,186
2019-02-05,Zegama,4
2019-02-06,Arrasate,227
2019-02-06,Berastegi,277
2019-02-06,Miramon,170
2019-02-06,Zegama,215
2019-02-07,Arrasate,329
2019-02-07,Berastegi,304
2019-02-07,Miramon,209
2019-02-07,Zegama,350
2019-02-08,Arrasate,227
2019-02-08,Berastegi,149
2019-02-08,Miramon,191
2019-02-08,Zegama,186
2019-02-09,Arrasate,207
2019-02-09,Berastegi,166
2019-02-09,Miramon,187
2019-02-09,Zegama,198
2019-02-10,Arrasate,259
2019-02-10,Berastegi,221
2019-02-10,Miramon,239
2019-02-10,Zegama,164
2019-02-11,Arrasate,305
2019-02-11,Berastegi,332
2019-02-11,Miramon,275
2019-02-11,Zegama,327
2019-02-12,Arrasate,284
2019-02-12,Berastegi,303
2019-02-12,Miramon,167
2019-02-12,Zegama,119
2019-02-13,Arrasate,180
2019-02-13,Berastegi,139
2019-02-13,Miramon,170
2019-02-13,Zegama,132
2019-02-14,Arrasate,169
2019-02-14,Berastegi,150
2019-02-14,Miramon,167
2019-02-14,Zegama,131
2019-02-15,Arrasate,247
2019-02-15,Berastegi,139
2019-02-15,Miramon,182
2019-02-15,Zegama,128
2019-02-16,Arrasate,152
2019-02-16,Berastegi,155
2019-02-16,Miramon,164
2019-02-16,Zegama,128
2019-02-17,Arrasate,153
2019-02-17,Berastegi,146
2019-02-17,Miramon,166
2019-02-17,Zegama,131
2019-02-18,Arrasate,151
2019-02-18,Berastegi,146
2019-02-18,Miramon,238
2019-02-18,Zegama,128
2019-02-19,Arrasate,315
2019-02-19,Berastegi,316
2019-02-19,Miramon,293
2019-02-19,Zegama,3
2019-02-20,Arrasate,209
2019-02-20,Berastegi,142
2019-02-20,Miramon,189
2019-02-20,Zegama,131
2019-02-21,Arrasate,214
2019-02-21,Berastegi,137
2019-02-21,Miramon,181
2019-02-21,Zegama,136
2019-02-22,Arrasate,190
2019-02-22,Berastegi,291
2019-02-22,Miramon,188
2019-02-22,Zegama,140
2019-02-23,Arrasate,335
2019-02-23,Berastegi,310
2019-02-23,Miramon,206
2019-02-23,Zegama,338
2019-02-24,Arrasate,186
2019-02-24,Berastegi,260
2019-02-24,Miramon,187
2019-02-24,Zegama,137
2019-02-25,Arrasate,207
2019-02-25,Berastegi,321
2019-02-25,Miramon,195
2019-02-25,Zegama,146
2019-02-26,Arrasate,172
2019-02-26,Berastegi,152
2019-02-26,Miramon,161
2019-02-26,Zegama,124
2019-02-27,Arrasate,216
2019-02-27,Berastegi,137
2019-02-27,Miramon,220
2019-02-27,Zegama,143
2019-02-28,Arrasate,46
2019-02-28,Berastegi,306
2019-02-28,Miramon,185
2019-02-28,Zegama,3
2019-03-01,Arrasate,328
2019-03-01,Berastegi,301
2019-03-01,Miramon,193
2019-03-01,Zegama,25
2019-03-02,Arrasate,324
2019-03-02,Berastegi,320
2019-03-02,Miramon,193
2019-03-02,Zegama,331
2019-03-03,Arrasate,208
2019-03-03,Berastegi,163
2019-03-03,Miramon,193
2019-03-03,Zegama,179
2019-03-04,Arrasate,299
2019-03-04,Berastegi,325
2019-03-04,Miramon,283
2019-03-04,Zegama,61
2019-03-05,Arrasate,178
2019-03-05,Berastegi,156
2019-03-05,Miramon,173
2019-03-05,Zegama,149
2019-03-06,Arrasate,180
2019-03-06,Berastegi,159
2019-03-06,Miramon,178
2019-03-06,Zegama,128
2019-03-07,Arrasate,199
2019-03-07,Berastegi,219
2019-03-07,Miramon,212
2019-03-07,Zegama,205
2019-03-08,Arrasate,305
2019-03-08,Berastegi,314
2019-03-08,Miramon,243
2019-03-08,Zegama,287
2019-03-09,Arrasate,142
2019-03-09,Berastegi,318
2019-03-09,Miramon,190
2019-03-09,Zegama,109
2019-03-10,Arrasate,312
2019-03-10,Berastegi,336
2019-03-10,Miramon,239
2019-03-10,Zegama,331
2019-03-11,Arrasate,332
2019-03-11,Berastegi,334
2019-03-11,Miramon,309
2019-03-11,Zegama,337
2019-03-12,Arrasate,284
2019-03-12,Berastegi,24
2019-03-12,Miramon,230
2019-03-12,Zegama,192
2019-03-13,Arrasate,298
2019-03-13,Berastegi,317
2019-03-13,Bidania,309
2019-03-13,Miramon,282
2019-03-13,Zegama,332
2019-03-14,Arrasate,309
2019-03-14,Berastegi,328
2019-03-14,Bidania,307
2019-03-14,Miramon,271
2019-03-14,Zegama,336
2019-03-15,Arrasate,337
2019-03-15,Berastegi,308
2019-03-15,Bidania,302
2019-03-15,Miramon,252
2019-03-15,Zegama,332
2019-03-16,Arrasate,209
2019-03-16,Berastegi,198
2019-03-16,Bidania,190
2019-03-16,Miramon,205
2019-03-16,Zegama,143
2019-03-17,Arrasate,314
2019-03-17,Berastegi,327
2019-03-17,Bidania,311
2019-03-17,Miramon,293
2019-03-17,Zegama,323
2019-03-18,Arrasate,318
2019-03-18,Berastegi,328
2019-03-18,Bidania,317
2019-03-18,Miramon,295
2019-03-18,Zegama,323
2019-03-19,Arrasate,358
2019-03-19,Berastegi,315
2019-03-19,Bidania,327
2019-03-19,Miramon,344
2019-03-19,Zegama,332
2019-03-20,Arrasate,358
2019-03-20,Berastegi,305
2019-03-20,Bidania,334
2019-03-20,Miramon,338
2019-03-20,Zegama,328
2019-03-21,Arrasate,331
2019-03-21,Berastegi,310
2019-03-21,Bidania,323
2019-03-21,Miramon,209
2019-03-21,Zegama,7
2019-03-22,Arrasate,248
2019-03-22,Berastegi,173
2019-03-22,Bidania,165
2019-03-22,Miramon,192
2019-03-22,Zegama,135
2019-03-23,Arrasate,328
2019-03-23,Berastegi,320
2019-03-23,Bidania,96
2019-03-23,Miramon,194
2019-03-23,Zegama,45
2019-03-24,Arrasate,3
2019-03-24,Berastegi,319
2019-03-24,Bidania,13
2019-03-24,Miramon,252
2019-03-24,Zegama,348
2019-03-25,Arrasate,339
2019-03-25,Berastegi,313
2019-03-25,Bidania,327
2019-03-25,Miramon,345
2019-03-25,Zegama,336
2019-03-26,Arrasate,358
2019-03-26,Berastegi,320
2019-03-26,Bidania,17
2019-03-26,Miramon,354
2019-03-26,Zegama,328
2019-03-27,Arrasate,327
2019-03-27,Berastegi,316
2019-03-27,Bidania,318
2019-03-27,Miramon,273
2019-03-27,Zegama,352
2019-03-28,Arrasate,331
2019-03-28,Berastegi,317
2019-03-28,Bidania,316
2019-03-28,Miramon,240
2019-03-28,Zegama,3
2019-03-29,Arrasate,149
2019-03-29,Berastegi,151
2019-03-29,Bidania,154
2019-03-29,Miramon,163
2019-03-29,Zegama,121
2019-03-30,Arrasate,149
2019-03-30,Berastegi,146
2019-03-30,Bidania,152
2019-03-30,Miramon,175
2019-03-30,Zegama,131
2019-03-31,Arrasate,45
2019-03-31,Berastegi,315
2019-03-31,Bidania,135
2019-03-31,Miramon,330
2019-03-31,Zegama,129
2019-04-01,Arrasate,167
2019-04-01,Berastegi,145
2019-04-01,Bidania,140
2019-04-01,Miramon,182
2019-04-01,Zegama,123
2019-04-02,Arrasate,318
2019-04-02,Berastegi,336
2019-04-02,Bidania,314
2019-04-02,Miramon,271
2019-04-02,Zegama,343
2019-04-03,Arrasate,314
2019-04-03,Berastegi,293
2019-04-03,Bidania,298
2019-04-03,Miramon,250
2019-04-03,Zegama,322
2019-04-04,Arrasate,227
2019-04-04,Berastegi,157
2019-04-04,Bidania,204
2019-04-04,Miramon,203
2019-04-04,Zegama,156
2019-04-05,Arrasate,164
2019-04-05,Berastegi,152
2019-04-05,Bidania,161
2019-04-05,Miramon,175
2019-04-05,Zegama,141
2019-04-06,Arrasate,189
2019-04-06,Berastegi,197
2019-04-06,Bidania,227
2019-04-06,Miramon,207
2019-04-06,Zegama,197
2019-04-07,Arrasate,204
2019-04-07,Berastegi,257
2019-04-07,Bidania,270
2019-04-07,Miramon,171
2019-04-07,Zegama,215
2019-04-08,Arrasate,236
2019-04-08,Berastegi,129
2019-04-08,Bidania,179
2019-04-08,Miramon,199
2019-04-08,Zegama,174
2019-04-09,Arrasate,239
2019-04-09,Berastegi,257
2019-04-09,Bidania,244
2019-04-09,Miramon,206
2019-04-09,Zegama,232
2019-04-10,Arrasate,322
2019-04-10,Berastegi,322
2019-04-10,Bidania,314
2019-04-10,Miramon,267
2019-04-10,Zegama,336
2019-04-11,Arrasate,300
2019-04-11,Berastegi,327
2019-04-11,Bidania,313
2019-04-11,Miramon,291
2019-04-11,Zegama,328
2019-04-12,Arrasate,327
2019-04-12,Berastegi,327
2019-04-12,Bidania,313
2019-04-12,Miramon,310
2019-04-12,Zegama,342
2019-04-13,Arrasate,8
2019-04-13,Berastegi,318
2019-04-13,Bidania,164
2019-04-13,Miramon,188
2019-04-13,Zegama,10
2019-04-14,Arrasate,352
2019-04-14,Berastegi,332
2019-04-14,Bidania,315
2019-04-14,Miramon,206
2019-04-14,Zegama,355
2019-04-15,Arrasate,244
2019-04-15,Berastegi,139
2019-04-15,Bidania,170
2019-04-15,Miramon,189
2019-04-15,Zegama,123
2019-04-16,Arrasate,123
2019-04-16,Berastegi,225
2019-04-16,Bidania,151
2019-04-16,Miramon,44
2019-04-16,Zegama,108
2019-04-17,Arrasate,150
2019-04-17,Berastegi,155
2019-04-17,Bidania,152
2019-04-17,Miramon,151
2019-04-17,Zegama,131
2019-04-18,Arrasate,140
2019-04-18,Berastegi,142
2019-04-18,Bidania,148
2019-04-18,Miramon,198
2019-04-18,Zegama,131
2019-04-19,Arrasate,33
2019-04-19,Berastegi,356
2019-04-19,Bidania,120
2019-04-19,Miramon,291
2019-04-19,Zegama,122
2019-04-20,Arrasate,328
2019-04-20,Berastegi,320
2019-04-20,Bidania,320
2019-04-20,Miramon,268
2019-04-20,Zegama,11
2019-04-21,Arrasate,327
2019-04-21,Berastegi,324
2019-04-21,Bidania,348
2019-04-21,Miramon,215
2019-04-21,Zegama,351
2019-04-22,Arrasate,183
2019-04-22,Berastegi,150
2019-04-22,Bidania,158
2019-04-22,Miramon,155
2019-04-22,Zegama,138
2019-04-23,Arrasate,176
2019-04-23,Berastegi,160
2019-04-23,Bidania,160
2019-04-23,Miramon,187
2019-04-23,Zegama,157
2019-04-24,Arrasate,168
2019-04-24,Berastegi,154
2019-04-24,Bidania,159
2019-04-24,Miramon,167
2019-04-24,Zegama,138
2019-04-25,Arrasate,214
2019-04-25,Berastegi,182
2019-04-25,Bidania,199
2019-04-25,Miramon,213
2019-04-25,Zegama,142
2019-04-26,Arrasate,315
2019-04-26,Berastegi,303
2019-04-26,Bidania,283
2019-04-26,Miramon,264
2019-04-26,Zegama,29
2019-04-27,Arrasate,338
2019-04-27,Berastegi,324
2019-04-27,Bidania,310
2019-04-27,Miramon,222
2019-04-27,Zegama,333
2019-04-28,Arrasate,351
2019-04-28,Berastegi,308
2019-04-28,Bidania,310
2019-04-28,Miramon,322
2019-04-28,Zegama,342
2019-04-29,Arrasate,336
2019-04-29,Berastegi,307
2019-04-29,Bidania,308
2019-04-29,Miramon,339
2019-04-29,Zegama,340
2019-04-30,Arrasate,351
2019-04-30,Berastegi,298
2019-04-30,Bidania,353
2019-04-30,Miramon,267
2019-04-30,Zegama,9
2019-05-01,Arrasate,313
2019-05-01,Berastegi,327
2019-05-01,Bidania,313
2019-05-01,Miramon,261
2019-05-01,Zegama,340
2019-05-02,Arrasate,320
2019-05-02,Berastegi,327
2019-05-02,Bidania,311
2019-05-02,Miramon,298
2019-05-02,Zegama,343
2019-05-03,Arrasate,320
2019-05-03,Berastegi,322
2019-05-03,Bidania,310
2019-05-03,Miramon,305
2019-05-03,Zegama,327
2019-05-04,Arrasate,318
2019-05-04,Berastegi,322
2019-05-04,Bidania,315
2019-05-04,Miramon,312
2019-05-04,Zegama,333
2019-05-05,Arrasate,15
2019-05-05,Berastegi,309
2019-05-05,Bidania,30
2019-05-05,Miramon,15
2019-05-05,Zegama,336
2019-05-06,Arrasate,78
2019-05-06,Berastegi,324
2019-05-06,Bidania,189
2019-05-06,Miramon,184
2019-05-06,Zegama,22
2019-05-07,Arrasate,215
2019-05-07,Berastegi,162
2019-05-07,Bidania,185
2019-05-07,Miramon,206
2019-05-07,Zegama,138
2019-05-08,Arrasate,247
2019-05-08,Berastegi,195
2019-05-08,Bidania,223
2019-05-08,Miramon,189
2019-05-08,Zegama,119
2019-05-09,Arrasate,187
2019-05-09,Berastegi,212
2019-05-09,Bidania,169
2019-05-09,Miramon,189
2019-05-09,Zegama,164
2019-05-10,Arrasate,264
2019-05-10,Berastegi,214
2019-05-10,Bidania,243
2019-05-10,Miramon,237
2019-05-10,Zegama,117
2019-05-11,Arrasate,315
2019-05-11,Berastegi,329
2019-05-11,Bidania,312
2019-05-11,Miramon,295
2019-05-11,Zegama,326
2019-05-12,Arrasate,7
2019-05-12,Berastegi,290
2019-05-12,Bidania,344
2019-05-12,Miramon,326
2019-05-12,Zegama,333
2019-05-13,Arrasate,330
2019-05-13,Berastegi,295
2019-05-13,Bidania,339
2019-05-13,Miramon,296
2019-05-13,Zegama,336
2019-05-14,Arrasate,334
2019-05-14,Berastegi,306
2019-05-14,Bidania,315
2019-05-14,Miramon,223
2019-05-14,Zegama,2
2019-05-15,Arrasate,327
2019-05-15,Berastegi,301
2019-05-15,Bidania,324
2019-05-15,Miramon,224
2019-05-15,Zegama,33
2019-05-16,Arrasate,317
2019-05-16,Berastegi,345
2019-05-16,Bidania,299
2019-05-16,Miramon,268
2019-05-16,Zegama,342
2019-05-17,Arrasate,301
2019-05-17,Berastegi,305
2019-05-17,Bidania,304
2019-05-17,Miramon,279
2019-05-17,Zegama,322
2019-05-18,Arrasate,218
2019-05-18,Berastegi,284
2019-05-18,Bidania,287
2019-05-18,Miramon,227
2019-05-18,Zegama,304
2019-05-19,Arrasate,302
2019-05-19,Berastegi,311
2019-05-19,Bidania,296
2019-05-19,Miramon,280
2019-05-19,Zegama,326
2019-05-20,Arrasate,6
2019-05-20,Berastegi,345
2019-05-20,Bidania,332
2019-05-20,Miramon,276
2019-05-20,Zegama,350
2019-05-21,Arrasate,354
2019-05-21,Berastegi,310
2019-05-21,Bidania,40
2019-05-21,Miramon,293
2019-05-21,Zegama,354
2019-05-22,Arrasate,41
2019-05-22,Berastegi,315
2019-05-22,Bidania,216
2019-05-22,Miramon,287
2019-05-22,Zegama,332
2019-05-23,Arrasate,323
2019-05-23,Berastegi,336
2019-05-23,Bidania,308
2019-05-23,Miramon,270
2019-05-23,Zegama,350
2019-05-24,Arrasate,315
2019-05-24,Berastegi,331
2019-05-24,Bidania,310
2019-05-24,Miramon,288
2019-05-24,Zegama,328
2019-05-25,Arrasate,307
2019-05-25,Berastegi,328
2019-05-25,Bidania,311
2019-05-25,Miramon,302
2019-05-25,Zegama,323
2019-05-26,Arrasate,321
2019-05-26,Berastegi,325
2019-05-26,Bidania,309
2019-05-26,Miramon,282
2019-05-26,Zegama,329
2019-05-27,Arrasate,310
2019-05-27,Berastegi,331
2019-05-27,Bidania,311
2019-05-27,Miramon,281
2019-05-27,Zegama,335
2019-05-28,Arrasate,303
2019-05-28,Berastegi,332
2019-05-28,Bidania,312
2019-05-28,Miramon,291
2019-05-28,Zegama,322
2019-05-29,Arrasate,330
2019-05-29,Berastegi,322
2019-05-29,Bidania,311
2019-05-29,Miramon,315
2019-05-29,Zegama,331
2019-05-30,Arrasate,324
2019-05-30,Berastegi,324
2019-05-30,Bidania,328
2019-05-30,Miramon,227
2019-05-30,Zegama,356
2019-05-31,Arrasate,38
2019-05-31,Berastegi,329
2019-05-31,Bidania,144
2019-05-31,Miramon,224
2019-05-31,Zegama,356
2019-06-01,Arrasate,171
2019-06-01,Berastegi,142
2019-06-01,Bidania,140
2019-06-01,Miramon,175
2019-06-01,Zegama,127
2019-06-02,Arrasate,328
2019-06-02,Berastegi,174
2019-06-02,Bidania,324
2019-06-02,Miramon,256
2019-06-02,Zegama,81
2019-06-03,Arrasate,341
2019-06-03,Berastegi,313
2019-06-03,Bidania,311
2019-06-03,Miramon,311
2019-06-03,Zegama,342
2019-06-04,Arrasate,294
2019-06-04,Berastegi,339
2019-06-04,Bidania,256
2019-06-04,Miramon,288
2019-06-04,Zegama,150
2019-06-05,Arrasate,318
2019-06-05,Berastegi,321
2019-06-05,Bidania,304
2019-06-05,Miramon,272
2019-06-05,Zegama,321
2019-06-06,Arrasate,170
2019-06-06,Berastegi,144
2019-06-06,Bidania,150
2019-06-06,Miramon,160
2019-06-06,Zegama,131
2019-06-07,Arrasate,265
2019-06-07,Berastegi,283
2019-06-07,Bidania,242
2019-06-07,Miramon,261
2019-06-07,Zegama,131
2019-06-08,Arrasate,344
2019-06-08,Berastegi,317
2019-06-08,Bidania,21
2019-06-08,Miramon,338
2019-06-08,Zegama,9
2019-06-09,Arrasate,329
2019-06-09,Berastegi,330
2019-06-09,Bidania,314
2019-06-09,Miramon,296
2019-06-09,Zegama,339
2019-06-10,Arrasate,346
2019-06-10,Berastegi,323
2019-06-10,Bidania,311
2019-06-10,Miramon,314
2019-06-10,Zegama,343
2019-06-11,Arrasate,304
2019-06-11,Berastegi,313
2019-06-11,Bidania,296
2019-06-11,Miramon,259
2019-06-11,Zegama,333
2019-06-12,Arrasate,328
2019-06-12,Berastegi,348
2019-06-12,Bidania,290
2019-06-12,Miramon,268
2019-06-12,Zegama,294
2019-06-13,Arrasate,346
2019-06-13,Berastegi,315
2019-06-13,Bidania,310
2019-06-13,Miramon,279
2019-06-13,Zegama,71
2019-06-14,Arrasate,353
2019-06-14,Berastegi,321
2019-06-14,Bidania,306
2019-06-14,Miramon,310
2019-06-14,Zegama,344
2019-06-15,Arrasate,355
2019-06-15,Berastegi,319
2019-06-15,Bidania,336
2019-06-15,Miramon,302
2019-06-15,Zegama,358
2019-06-16,Arrasate,342
2019-06-16,Berastegi,325
2019-06-16,Bidania,149
2019-06-16,Miramon,288
2019-06-16,Zegama,354
2019-06-17,Arrasate,7
2019-06-17,Berastegi,25
2019-06-17,Bidania,128
2019-06-17,Miramon,308
2019-06-17,Zegama,341
2019-06-18,Arrasate,202
2019-06-18,Berastegi,166
2019-06-18,Bidania,154
2019-06-18,Miramon,275
2019-06-18,Zegama,123
2019-06-19,Arrasate,331
2019-06-19,Berastegi,328
2019-06-19,Bidania,279
2019-06-19,Miramon,16
2019-06-19,Zegama,106
2019-06-20,Arrasate,341
2019-06-20,Berastegi,328
2019-06-20,Bidania,316
2019-06-20,Miramon,337
2019-06-20,Zegama,327
2019-06-21,Arrasate,351
2019-06-21,Berastegi,319
2019-06-21,Bidania,310
2019-06-21,Miramon,314
2019-06-21,Zegama,332
2019-06-22,Arrasate,77
2019-06-22,Berastegi,320
2019-06-22,Bidania,144
2019-06-22,Miramon,137
2019-06-22,Zegama,80
2019-06-23,Arrasate,332
2019-06-23,Berastegi,141
2019-06-23,Bidania,156
2019-06-23,Miramon,245
2019-06-23,Zegama,125
2019-06-24,Arrasate,348
2019-06-24,Berastegi,330
2019-06-24,Bidania,120
2019-06-24,Miramon,280
2019-06-24,Zegama,124
2019-06-25,Arrasate,340
2019-06-25,Berastegi,326
2019-06-25,Bidania,318
2019-06-25,Miramon,294
2019-06-25,Zegama,346
2019-06-26,Arrasate,85
2019-06-26,Berastegi,138
2019-06-26,Bidania,142
2019-06-26,Miramon,355
2019-06-26,Zegama,141
2019-06-27,Arrasate,87
2019-06-27,Berastegi,148
2019-06-27,Bidania,133
2019-06-27,Miramon,355
2019-06-27,Zegama,152
2019-06-28,Arrasate,326
2019-06-28,Berastegi,332
2019-06-28,Bidania,324
2019-06-28,Miramon,309
2019-06-28,Zegama,338
2019-06-29,Arrasate,344
2019-06-29,Berastegi,325
2019-06-29,Bidania,318
2019-06-29,Miramon,288
2019-06-29,Zegama,334
2019-06-30,Arrasate,338
2019-06-30,Berastegi,325
2019-06-30,Bidania,314
2019-06-30,Miramon,302
2019-06-30,Zegama,339
2019-07-01,Arrasate,330
2019-07-01,Berastegi,325
2019-07-01,Bidania,308
2019-07-01,Miramon,278
2019-07-01,Zegama,341
2019-07-02,Arrasate,8
2019-07-02,Berastegi,330
2019-07-02,Bidania,318
2019-07-02,Miramon,290
2019-07-02,Zegama,341
2019-07-03,Arrasate,66
2019-07-03,Berastegi,340
2019-07-03,Bidania,321
2019-07-03,Miramon,303
2019-07-03,Zegama,325
2019-07-04,Arrasate,58
2019-07-04,Berastegi,167
2019-07-04,Bidania,126
2019-07-04,Miramon,318
2019-07-04,Zegama,122
2019-07-05,Arrasate,19
2019-07-05,Berastegi,294
2019-07-05,Bidania,327
2019-07-05,Miramon,313
2019-07-05,Zegama,125
2019-07-06,Arrasate,352
2019-07-06,Berastegi,319
2019-07-06,Bidania,310
2019-07-06,Miramon,316
2019-07-06,Zegama,351
2019-07-07,Arrasate,339
2019-07-07,Berastegi,325
2019-07-07,Bidania,318
2019-07-07,Miramon,317
2019-07-07,Zegama,338
2019-07-08,Arrasate,11
2019-07-08,Berastegi,324
2019-07-08,Bidania,318
2019-07-08,Miramon,306
2019-07-08,Zegama,336
2019-07-09,Arrasate,302
2019-07-09,Berastegi,330
2019-07-09,Bidania,312
2019-07-09,Miramon,275
2019-07-09,Zegama,321
2019-07-10,Arrasate,342
2019-07-10,Berastegi,316
2019-07-10,Bidania,327
2019-07-10,Miramon,250
2019-07-10,Zegama,26
2019-07-11,Arrasate,328
2019-07-11,Berastegi,316
2019-07-11,Bidania,318
2019-07-11,Miramon,241
2019-07-11,Zegama,339
2019-07-12,Arrasate,338
2019-07-12,Berastegi,297
2019-07-12,Bidania,313
2019-07-12,Miramon,288
2019-07-12,Zegama,337
2019-07-13,Arrasate,340
2019-07-13,Berastegi,321
2019-07-13,Bidania,314
2019-07-13,Miramon,318
2019-07-13,Zegama,340
2019-07-14,Arrasate,340
2019-07-14,Berastegi,309
2019-07-14,Bidania,315
2019-07-14,Miramon,274
2019-07-14,Zegama,358
2019-07-15,Arrasate,354
2019-07-15,Berastegi,312
2019-07-15,Bidania,321
2019-07-15,Miramon,289
2019-07-15,Zegama,6
2019-07-16,Arrasate,341
2019-07-16,Berastegi,324
2019-07-16,Bidania,343
2019-07-16,Miramon,253
2019-07-16,Zegama,2
2019-07-17,Arrasate,342
2019-07-17,Berastegi,326
2019-07-17,Bidania,311
2019-07-17,Miramon,296
2019-07-17,Zegama,330
2019-07-18,Arrasate,338
2019-07-18,Berastegi,321
2019-07-18,Bidania,313
2019-07-18,Miramon,310
2019-07-18,Zegama,337
2019-07-19,Arrasate,62
2019-07-19,Berastegi,327
2019-07-19,Bidania,270
2019-07-19,Miramon,265
2019-07-19,Zegama,335
2019-07-20,Arrasate,5
2019-07-20,Berastegi,344
2019-07-20,Bidania,319
2019-07-20,Miramon,301
2019-07-20,Zegama,345
2019-07-21,Arrasate,2
2019-07-21,Berastegi,319
2019-07-21,Bidania,323
2019-07-21,Miramon,354
2019-07-21,Zegama,340
2019-07-22,Arrasate,48
2019-07-22,Berastegi,328
2019-07-22,Bidania,144
2019-07-22,Miramon,285
2019-07-22,Zegama,131
2019-07-23,Arrasate,196
2019-07-23,Berastegi,160
2019-07-23,Bidania,150
2019-07-23,Miramon,184
2019-07-23,Zegama,139
2019-07-24,Arrasate,163
2019-07-24,Berastegi,133
2019-07-24,Bidania,146
2019-07-24,Miramon,275
2019-07-24,Zegama,123
2019-07-25,Arrasate,339
2019-07-25,Berastegi,67
2019-07-25,Bidania,156
2019-07-25,Miramon,316
2019-07-25,Zegama,114
2019-07-26,Arrasate,360
2019-07-26,Berastegi,327
2019-07-26,Bidania,307
2019-07-26,Miramon,275
2019-07-26,Zegama,346
2019-07-27,Arrasate,308
2019-07-27,Berastegi,327
2019-07-27,Bidania,310
2019-07-27,Miramon,249
2019-07-27,Zegama,333
2019-07-28,Arrasate,359
2019-07-28,Berastegi,320
2019-07-28,Bidania,313
2019-07-28,Miramon,223
2019-07-28,Zegama,0
2019-07-29,Arrasate,335
2019-07-29,Berastegi,331
2019-07-29,Bidania,316
2019-07-29,Miramon,265
2019-07-29,Zegama,83
2019-07-30,Arrasate,346
2019-07-30,Berastegi,332
2019-07-30,Bidania,312
2019-07-30,Miramon,273
2019-07-30,Zegama,343
2019-07-31,Arrasate,355
2019-07-31,Berastegi,320
2019-07-31,Bidania,77
2019-07-31,Miramon,50
2019-07-31,Zegama,3
2019-08-01,Arrasate,344
2019-08-01,Berastegi,332
2019-08-01,Bidania,309
2019-08-01,Miramon,287
2019-08-01,Zegama,334
2019-08-02,Arrasate,6
2019-08-02,Berastegi,321
2019-08-02,Bidania,326
2019-08-02,Miramon,340
2019-08-02,Zegama,324
2019-08-03,Arrasate,344
2019-08-03,Berastegi,321
2019-08-03,Bidania,277
2019-08-03,Miramon,281
2019-08-03,Zegama,341
2019-08-04,Arrasate,350
2019-08-04,Berastegi,329
2019-08-04,Bidania,314
2019-08-04,Miramon,276
2019-08-04,Zegama,338
2019-08-05,Arrasate,21
2019-08-05,Berastegi,329
2019-08-05,Bidania,323
2019-08-05,Miramon,335
2019-08-05,Zegama,338
2019-08-06,Arrasate,347
2019-08-06,Berastegi,321
2019-08-06,Bidania,307
2019-08-06,Miramon,324
2019-08-06,Zegama,345
2019-08-07,Arrasate,5
2019-08-07,Berastegi,310
2019-08-07,Bidania,134
2019-08-07,Miramon,327
2019-08-07,Zegama,48
2019-08-08,Arrasate,205
2019-08-08,Berastegi,197
2019-08-08,Bidania,171
2019-08-08,Miramon,184
2019-08-08,Zegama,182
2019-08-09,Arrasate,213
2019-08-09,Berastegi,274
2019-08-09,Bidania,217
2019-08-09,Miramon,32
2019-08-09,Zegama,159
2019-08-10,Arrasate,334
2019-08-10,Berastegi,342
2019-08-10,Bidania,330
2019-08-10,Miramon,173
2019-08-10,Zegama,341
2019-08-11,Arrasate,342
2019-08-11,Berastegi,324
2019-08-11,Bidania,311
2019-08-11,Miramon,320
2019-08-11,Zegama,340
2019-08-12,Arrasate,308
2019-08-12,Berastegi,321
2019-08-12,Bidania,310
2019-08-12,Miramon,264
2019-08-12,Zegama,337
2019-08-13,Arrasate,343
2019-08-13,Berastegi,306
2019-08-13,Bidania,326
2019-08-13,Miramon,186
2019-08-13,Zegama,336
2019-08-14,Arrasate,345
2019-08-14,Berastegi,315
2019-08-14,Bidania,311
2019-08-14,Miramon,196
2019-08-14,Zegama,332
2019-08-15,Arrasate,343
2019-08-15,Berastegi,331
2019-08-15,Bidania,313
2019-08-15,Miramon,274
2019-08-15,Zegama,335
2019-08-16,Arrasate,341
2019-08-16,Berastegi,315
2019-08-16,Bidania,284
2019-08-16,Miramon,197
2019-08-16,Zegama,45
2019-08-17,Arrasate,332
2019-08-17,Berastegi,321
2019-08-17,Bidania,319
2019-08-17,Miramon,197
2019-08-17,Zegama,325
2019-08-18,Arrasate,329
2019-08-18,Berastegi,323
2019-08-18,Bidania,309
2019-08-18,Miramon,286
2019-08-18,Zegama,346
2019-08-19,Arrasate,354
2019-08-19,Berastegi,313
2019-08-19,Bidania,357
2019-08-19,Miramon,27
2019-08-19,Zegama,304
2019-08-20,Arrasate,3
2019-08-20,Berastegi,311
2019-08-20,Bidania,3
2019-08-20,Miramon,1
2019-08-20,Zegama,326
2019-08-21,Arrasate,340
2019-08-21,Berastegi,311
2019-08-21,Bidania,318
2019-08-21,Miramon,264
2019-08-21,Zegama,4
2019-08-22,Arrasate,1
2019-08-22,Berastegi,328
2019-08-22,Bidania,14
2019-08-22,Miramon,207
2019-08-22,Zegama,28
2019-08-23,Arrasate,279
2019-08-23,Berastegi,151
2019-08-23,Bidania,135
2019-08-23,Miramon,159
2019-08-23,Zegama,135
2019-08-24,Arrasate,327
2019-08-24,Berastegi,351
2019-08-24,Bidania,122
2019-08-24,Miramon,254
2019-08-24,Zegama,97
2019-08-25,Arrasate,1
2019-08-25,Berastegi,331
2019-08-25,Bidania,317
2019-08-25,Miramon,350
2019-08-25,Zegama,345
2019-08-26,Arrasate,98
2019-08-26,Berastegi,174
2019-08-26,Bidania,142
2019-08-26,Miramon,330
2019-08-26,Zegama,141
2019-08-27,Arrasate,360
2019-08-27,Berastegi,330
2019-08-27,Bidania,326
2019-08-27,Miramon,0
2019-08-27,Zegama,360
2019-08-28,Arrasate,351
2019-08-28,Berastegi,327
2019-08-28,Bidania,317
2019-08-28,Miramon,0
2019-08-28,Zegama,9
2019-08-29,Arrasate,8
2019-08-29,Berastegi,316
2019-08-29,Bidania,319
2019-08-29,Miramon,0
2019-08-29,Zegama,342
2019-08-30,Arrasate,4
2019-08-30,Berastegi,319
2019-08-30,Bidania,317
2019-08-30,Miramon,333
2019-08-30,Zegama,341
2019-08-31,Arrasate,351
2019-08-31,Berastegi,321
2019-08-31,Bidania,317
2019-08-31,Miramon,304
2019-08-31,Zegama,342
2019-09-01,Arrasate,343
2019-09-01,Berastegi,329
2019-09-01,Bidania,323
2019-09-01,Miramon,320
2019-09-01,Zegama,323
2019-09-02,Arrasate,354
2019-09-02,Berastegi,307
2019-09-02,Bidania,318
2019-09-02,Miramon,319
2019-09-02,Zegama,320
2019-09-03,Arrasate,1
2019-09-03,Berastegi,317
2019-09-03,Bidania,31
2019-09-03,Miramon,206
2019-09-03,Zegama,11
2019-09-04,Arrasate,327
2019-09-04,Berastegi,332
2019-09-04,Bidania,311
2019-09-04,Miramon,236
2019-09-04,Zegama,356
2019-09-05,Arrasate,330
2019-09-05,Berastegi,323
2019-09-05,Bidania,333
2019-09-05,Miramon,357
2019-09-05,Zegama,328
2019-09-06,Arrasate,346
2019-09-06,Berastegi,311
2019-09-06,Bidania,328
2019-09-06,Miramon,357
2019-09-06,Zegama,328
2019-09-07,Arrasate,344
2019-09-07,Berastegi,319
2019-09-07,Bidania,311
2019-09-07,Miramon,275
2019-09-07,Zegama,335
2019-09-08,Arrasate,356
2019-09-08,Berastegi,326
2019-09-08,Bidania,323
2019-09-08,Miramon,283
2019-09-08,Zegama,350
2019-09-09,Arrasate,334
2019-09-09,Berastegi,318
2019-09-09,Bidania,303
2019-09-09,Miramon,214
2019-09-09,Zegama,347
2019-09-10,Arrasate,312
2019-09-10,Berastegi,317
2019-09-10,Bidania,318
2019-09-10,Miramon,319
2019-09-10,Zegama,317
2019-09-11,Arrasate,332
2019-09-11,Berastegi,308
2019-09-11,Bidania,327
2019-09-11,Miramon,352
2019-09-11,Zegama,331
2019-09-12,Arrasate,313
2019-09-12,Berastegi,307
2019-09-12,Bidania,303
2019-09-12,Miramon,231
2019-09-12,Zegama,324
2019-09-13,Arrasate,314
2019-09-13,Berastegi,328
2019-09-13,Bidania,45
2019-09-13,Miramon,210
2019-09-13,Zegama,48
2019-09-14,Arrasate,80
2019-09-14,Berastegi,262
2019-09-14,Bidania,130
2019-09-14,Miramon,197
2019-09-14,Zegama,137
2019-09-15,Arrasate,203
2019-09-15,Berastegi,279
2019-09-15,Bidania,140
2019-09-15,Miramon,180
2019-09-15,Zegama,158
2019-09-16,Arrasate,353
2019-09-16,Berastegi,317
2019-09-16,Bidania,158
2019-09-16,Miramon,203
2019-09-16,Zegama,345
2019-09-17,Arrasate,319
2019-09-17,Berastegi,309
2019-09-17,Bidania,323
2019-09-17,Miramon,219
2019-09-17,Zegama,350
2019-09-18,Arrasate,326
2019-09-18,Berastegi,326
2019-09-18,Bidania,313
2019-09-18,Miramon,240
2019-09-18,Zegama,317
2019-09-19,Arrasate,328
2019-09-19,Berastegi,318
2019-09-19,Bidania,319
2019-09-19,Miramon,225
2019-09-19,Zegama,349
2019-09-20,Arrasate,149
2019-09-20,Berastegi,150
2019-09-20,Bidania,148
2019-09-20,Miramon,165
2019-09-20,Zegama,139
2019-09-21,Arrasate,167
2019-09-21,Berastegi,146
2019-09-21,Bidania,155
2019-09-21,Miramon,164
2019-09-21,Zegama,137
2019-09-22,Arrasate,287
2019-09-22,Berastegi,341
2019-09-22,Bidania,291
2019-09-22,Miramon,264
2019-09-22,Zegama,47
2019-09-23,Arrasate,209
2019-09-23,Berastegi,206
2019-09-23,Bidania,152
2019-09-23,Miramon,181
2019-09-23,Zegama,226
2019-09-24,Arrasate,216
2019-09-24,Berastegi,174
2019-09-24,Bidania,256
2019-09-24,Miramon,226
2019-09-24,Zegama,202
2019-09-25,Arrasate,341
2019-09-25,Berastegi,345
2019-09-25,Bidania,305
2019-09-25,Miramon,227
2019-09-25,Zegama,35
2019-09-26,Arrasate,350
2019-09-26,Berastegi,319
2019-09-26,Bidania,309
2019-09-26,Miramon,189
2019-09-26,Zegama,332
2019-09-27,Arrasate,335
2019-09-27,Berastegi,337
2019-09-27,Bidania,310
2019-09-27,Miramon,228
2019-09-27,Zegama,356
2019-09-28,Arrasate,131
2019-09-28,Berastegi,319
2019-09-28,Bidania,243
2019-09-28,Miramon,95
2019-09-28,Zegama,205
2019-09-29,Arrasate,243
2019-09-29,Berastegi,160
2019-09-29,Bidania,181
2019-09-29,Miramon,206
2019-09-29,Zegama,160
2019-09-30,Arrasate,302
2019-09-30,Berastegi,313
2019-09-30,Bidania,164
2019-09-30,Miramon,175
2019-09-30,Zegama,170
2019-10-01,Arrasate,323
2019-10-01,Berastegi,333
2019-10-01,Bidania,312
2019-10-01,Miramon,272
2019-10-01,Zegama,337
2019-10-02,Arrasate,306
2019-10-02,Berastegi,314
2019-10-02,Bidania,304
2019-10-02,Miramon,269
2019-10-02,Zegama,319
2019-10-03,Arrasate,357
2019-10-03,Berastegi,318
2019-10-03,Bidania,307
2019-10-03,Miramon,194
2019-10-03,Zegama,354
2019-10-04,Arrasate,15
2019-10-04,Berastegi,320
2019-10-04,Bidania,309
2019-10-04,Miramon,196
2019-10-04,Zegama,357
2019-10-05,Arrasate,1
2019-10-05,Berastegi,326
2019-10-05,Bidania,318
2019-10-05,Miramon,222
2019-10-05,Zegama,320
2019-10-06,Arrasate,317
2019-10-06,Berastegi,323
2019-10-06,Bidania,313
2019-10-06,Miramon,224
2019-10-06,Zegama,325
2019-10-07,Arrasate,300
2019-10-07,Berastegi,299
2019-10-07,Bidania,273
2019-10-07,Miramon,173
2019-10-07,Zegama,133
2019-10-08,Arrasate,328
2019-10-08,Berastegi,320
2019-10-08,Bidania,307
2019-10-08,Miramon,202
2019-10-08,Zegama,9
2019-10-09,Arrasate,338
2019-10-09,Berastegi,329
2019-10-09,Bidania,308
2019-10-09,Miramon,249
2019-10-09,Zegama,343
2019-10-10,Arrasate,299
2019-10-10,Berastegi,303
2019-10-10,Bidania,137
2019-10-10,Miramon,181
2019-10-10,Zegama,161
2019-10-11,Arrasate,222
2019-10-11,Berastegi,143
2019-10-11,Bidania,147
2019-10-11,Miramon,184
2019-10-11,Zegama,134
2019-10-12,Arrasate,151
2019-10-12,Berastegi,152
2019-10-12,Bidania,156
2019-10-12,Miramon,174
2019-10-12,Zegama,138
2019-10-13,Arrasate,158
2019-10-13,Berastegi,150
2019-10-13,Bidania,153
2019-10-13,Miramon,168
2019-10-13,Zegama,125
2019-10-14,Arrasate,184
2019-10-14,Berastegi,151
2019-10-14,Bidania,172
2019-10-14,Miramon,232
2019-10-14,Zegama,130
2019-10-15,Arrasate,235
2019-10-15,Berastegi,189
2019-10-15,Bidania,234
2019-10-15,Miramon,207
2019-10-15,Zegama,186
2019-10-16,Arrasate,206
2019-10-16,Berastegi,151
2019-10-16,Bidania,167
2019-10-16,Miramon,177
2019-10-16,Zegama,212
2019-10-17,Arrasate,209
2019-10-17,Berastegi,145
2019-10-17,Bidania,168
2019-10-17,Miramon,186
2019-10-17,Zegama,194
2019-10-18,Arrasate,181
2019-10-18,Berastegi,301
2019-10-18,Bidania,283
2019-10-18,Miramon,176
2019-10-18,Zegama,140
2019-10-19,Arrasate,187
2019-10-19,Berastegi,159
2019-10-19,Bidania,167
2019-10-19,Miramon,241
2019-10-19,Zegama,162
2019-10-20,Arrasate,297
2019-10-20,Berastegi,290
2019-10-20,Bidania,306
2019-10-20,Miramon,242
2019-10-20,Zegama,350
2019-10-21,Arrasate,333
2019-10-21,Berastegi,279
2019-10-21,Bidania,325
2019-10-21,Miramon,180
2019-10-21,Zegama,145
2019-10-22,Arrasate,19
2019-10-22,Berastegi,349
2019-10-22,Bidania,353
2019-10-22,Miramon,175
2019-10-22,Zegama,315
2019-10-23,Arrasate,322
2019-10-23,Berastegi,153
2019-10-23,Bidania,199
2019-10-23,Miramon,229
2019-10-23,Zegama,138
2019-10-24,Arrasate,275
2019-10-24,Berastegi,90
2019-10-24,Bidania,237
2019-10-24,Miramon,197
2019-10-24,Zegama,188
2019-10-25,Arrasate,225
2019-10-25,Berastegi,239
2019-10-25,Bidania,149
2019-10-25,Miramon,178
2019-10-25,Zegama,195
2019-10-26,Arrasate,250
2019-10-26,Berastegi,135
2019-10-26,Bidania,153
2019-10-26,Miramon,184
2019-10-26,Zegama,169
2019-10-27,Arrasate,272
2019-10-27,Berastegi,137
2019-10-27,Bidania,145
2019-10-27,Miramon,184
2019-10-27,Zegama,129
2019-10-28,Arrasate,251
2019-10-28,Berastegi,145
2019-10-28,Bidania,138
2019-10-28,Miramon,179
2019-10-28,Zegama,144
2019-10-29,Arrasate,283
2019-10-29,Berastegi,303
2019-10-29,Bidania,117
2019-10-29,Miramon,185
2019-10-29,Zegama,157
2019-10-30,Arrasate,225
2019-10-30,Berastegi,199
2019-10-30,Bidania,187
2019-10-30,Miramon,191
2019-10-30,Zegama,225
2019-10-31,Arrasate,310
2019-10-31,Berastegi,329
2019-10-31,Bidania,309
2019-10-31,Miramon,243
2019-10-31,Zegama,337
2019-11-01,Arrasate,231
2019-11-01,Berastegi,161
2019-11-01,Bidania,172
2019-11-01,Miramon,184
2019-11-01,Zegama,139
2019-11-02,Arrasate,261
2019-11-02,Berastegi,168
2019-11-02,Bidania,246
2019-11-02,Miramon,232
2019-11-03,Arrasate,265
2019-11-03,Berastegi,266
2019-11-03,Bidania,274
2019-11-03,Miramon,255
2019-11-03,Zegama,125
2019-11-04,Arrasate,239
2019-11-04,Berastegi,209
2019-11-04,Bidania,256
2019-11-04,Miramon,246
2019-11-04,Zegama,117
2019-11-05,Arrasate,261
2019-11-05,Berastegi,289
2019-11-05,Bidania,278
2019-11-05,Miramon,257
2019-11-06,Arrasate,269
2019-11-06,Berastegi,291
2019-11-06,Bidania,284
2019-11-06,Miramon,256
2019-11-07,Arrasate,316
2019-11-07,Berastegi,308
2019-11-07,Bidania,289
2019-11-07,Miramon,248
2019-11-08,Arrasate,286
2019-11-08,Berastegi,310
2019-11-08,Bidania,294
2019-11-08,Miramon,280
2019-11-09,Arrasate,263
2019-11-09,Berastegi,309
2019-11-09,Bidania,292
2019-11-09,Miramon,261
2019-11-10,Arrasate,249
2019-11-10,Berastegi,149
2019-11-10,Bidania,308
2019-11-10,Miramon,232
2019-11-11,Arrasate,283
2019-11-11,Berastegi,334
2019-11-11,Bidania,313
2019-11-11,Miramon,272
2019-11-12,Arrasate,242
2019-11-12,Berastegi,280
2019-11-12,Bidania,309
2019-11-12,Miramon,206
2019-11-12,Zegama,261
2019-11-13,Arrasate,314
2019-11-13,Berastegi,310
2019-11-13,Bidania,309
2019-11-13,Miramon,209
2019-11-13,Zegama,330
2019-11-14,Arrasate,271
2019-11-14,Berastegi,267
2019-11-14,Bidania,280
2019-11-14,Miramon,231
2019-11-14,Zegama,192
2019-11-15,Arrasate,252
2019-11-15,Berastegi,255
2019-11-15,Bidania,281
2019-11-15,Miramon,213
2019-11-15,Zegama,200
2019-11-16,Arrasate,258
2019-11-16,Berastegi,285
2019-11-16,Bidania,285
2019-11-16,Miramon,204
2019-11-17,Arrasate,278
2019-11-17,Berastegi,296
2019-11-17,Bidania,290
2019-11-17,Miramon,216
2019-11-17,Zegama,261
2019-11-18,Arrasate,327
2019-11-18,Berastegi,322
2019-11-18,Bidania,320
2019-11-18,Miramon,165
2019-11-19,Arrasate,229
2019-11-19,Berastegi,282
2019-11-19,Bidania,143
2019-11-19,Miramon,167
2019-11-19,Zegama,148
2019-11-20,Arrasate,196
2019-11-20,Berastegi,149
2019-11-20,Bidania,155
2019-11-20,Miramon,181
2019-11-20,Zegama,131
2019-11-21,Arrasate,193
2019-11-21,Berastegi,137
2019-11-21,Bidania,158
2019-11-21,Miramon,180
2019-11-21,Zegama,164
2019-11-22,Arrasate,164
2019-11-22,Berastegi,153
2019-11-22,Bidania,159
2019-11-22,Miramon,170
2019-11-22,Zegama,136
2019-11-23,Arrasate,259
2019-11-23,Berastegi,286
2019-11-23,Bidania,282
2019-11-23,Miramon,269
2019-11-23,Zegama,250
2019-11-24,Arrasate,193
2019-11-24,Berastegi,163
2019-11-24,Bidania,263
2019-11-24,Miramon,192
2019-11-24,Zegama,241
2019-11-25,Arrasate,237
2019-11-25,Berastegi,150
2019-11-25,Bidania,149
2019-11-25,Miramon,195
2019-11-25,Zegama,240
2019-11-26,Arrasate,208
2019-11-26,Berastegi,151
2019-11-26,Bidania,164
2019-11-26,Miramon,183
2019-11-26,Zegama,184
2019-11-27,Arrasate,198
2019-11-27,Berastegi,210
2019-11-27,Bidania,239
2019-11-27,Miramon,202
2019-11-27,Zegama,133
2019-11-28,Arrasate,223
2019-11-28,Berastegi,158
2019-11-28,Bidania,258
2019-11-28,Miramon,210
2019-11-28,Zegama,128
2019-11-29,Arrasate,15
2019-11-29,Berastegi,263
2019-11-29,Bidania,300
2019-11-29,Miramon,209
2019-11-29,Zegama,112
2019-11-30,Arrasate,179
2019-11-30,Berastegi,134
2019-11-30,Bidania,160
2019-11-30,Miramon,189
2019-11-30,Zegama,161
2019-12-01,Arrasate,275
2019-12-01,Berastegi,275
2019-12-01,Bidania,261
2019-12-01,Miramon,192
2019-12-01,Zegama,212
2019-12-02,Arrasate,341
2019-12-02,Berastegi,320
2019-12-02,Bidania,339
2019-12-02,Miramon,44
2019-12-03,Arrasate,355
2019-12-03,Berastegi,335
2019-12-03,Bidania,30
2019-12-03,Miramon,135
2019-12-04,Arrasate,1
2019-12-04,Berastegi,325
2019-12-04,Bidania,310
2019-12-04,Miramon,232
2019-12-04,Zegama,342
2019-12-05,Arrasate,352
2019-12-05,Berastegi,317
2019-12-05,Bidania,311
2019-12-05,Miramon,214
2019-12-05,Zegama,332
2019-12-06,Arrasate,225
2019-12-06,Berastegi,147
2019-12-06,Bidania,149
2019-12-06,Miramon,188
2019-12-06,Zegama,133
2019-12-07,Arrasate,157
2019-12-07,Berastegi,192
2019-12-07,Bidania,102
2019-12-07,Miramon,179
2019-12-07,Zegama,137
2019-12-08,Arrasate,293
2019-12-08,Berastegi,267
2019-12-08,Bidania,288
2019-12-08,Miramon,206
2019-12-08,Zegama,276
2019-12-09,Arrasate,300
2019-12-09,Berastegi,310
2019-12-09,Bidania,306
2019-12-09,Miramon,290
2019-12-09,Zegama,328
2019-12-10,Arrasate,259
2019-12-10,Berastegi,191
2019-12-10,Bidania,142
2019-12-10,Miramon,183
2019-12-10,Zegama,151
2019-12-11,Arrasate,285
2019-12-11,Berastegi,287
2019-12-11,Bidania,294
2019-12-11,Miramon,255
2019-12-11,Zegama,293
2019-12-12,Arrasate,193
2019-12-12,Berastegi,173
2019-12-12,Bidania,260
2019-12-12,Miramon,243
2019-12-12,Zegama,138
2019-12-13,Arrasate,289
2019-12-13,Berastegi,308
2019-12-13,Bidania,299
2019-12-13,Miramon,284
2019-12-13,Zegama,334
2019-12-14,Arrasate,211
2019-12-14,Berastegi,180
2019-12-14,Bidania,195
2019-12-14,Miramon,190
2019-12-14,Zegama,223
2019-12-15,Arrasate,187
2019-12-15,Berastegi,160
2019-12-15,Bidania,178
2019-12-15,Miramon,196
2019-12-15,Zegama,148
2019-12-16,Arrasate,140
2019-12-16,Berastegi,162
2019-12-16,Bidania,161
2019-12-16,Miramon,167
2019-12-16,Zegama,131
2019-12-17,Arrasate,130
2019-12-17,Berastegi,182
2019-12-17,Bidania,170
2019-12-17,Miramon,217
2019-12-17,Zegama,118
2019-12-18,Arrasate,177
2019-12-18,Berastegi,146
2019-12-18,Bidania,160
2019-12-18,Miramon,166
2019-12-18,Zegama,165
2019-12-19,Arrasate,148
2019-12-19,Berastegi,155
2019-12-19,Bidania,159
2019-12-19,Miramon,163
2019-12-19,Zegama,130
2019-12-20,Arrasate,218
2019-12-20,Berastegi,156
2019-12-20,Bidania,181
2019-12-20,Miramon,217
2019-12-20,Zegama,128
2019-12-21,Arrasate,233
2019-12-21,Berastegi,157
2019-12-21,Bidania,200
2019-12-21,Miramon,208
2019-12-21,Zegama,120
2019-12-22,Arrasate,270
2019-12-22,Berastegi,305
2019-12-22,Bidania,284
2019-12-22,Miramon,268
2019-12-22,Zegama,51
2019-12-23,Arrasate,247
2019-12-23,Berastegi,242
2019-12-23,Bidania,202
2019-12-23,Miramon,210
2019-12-23,Zegama,269
2019-12-24,Arrasate,241
2019-12-24,Berastegi,189
2019-12-24,Bidania,141
2019-12-24,Miramon,180
2019-12-24,Zegama,185
2019-12-25,Arrasate,216
2019-12-25,Berastegi,204
2019-12-25,Bidania,152
2019-12-25,Miramon,182
2019-12-25,Zegama,170
2019-12-26,Arrasate,309
2019-12-26,Berastegi,339
2019-12-26,Bidania,303
2019-12-26,Miramon,258
2019-12-26,Zegama,321
2019-12-27,Arrasate,171
2019-12-27,Berastegi,199
2019-12-27,Bidania,165
2019-12-27,Miramon,180
2019-12-27,Zegama,137
2019-12-28,Arrasate,207
2019-12-28,Berastegi,253
2019-12-28,Bidania,34
2019-12-28,Miramon,180
2019-12-28,Zegama,141
2019-12-29,Arrasate,302
2019-12-29,Berastegi,185
2019-12-29,Bidania,158
2019-12-29,Miramon,176
2019-12-29,Zegama,135
2019-12-30,Arrasate,173
2019-12-30,Berastegi,322
2019-12-30,Bidania,161
2019-12-30,Miramon,173
2019-12-30,Zegama,135
2019-12-31,Arrasate,204
2019-12-31,Berastegi,318
2019-12-31,Bidania,302
2019-12-31,Miramon,188
2019-12-31,Zegama,130
2020-01-01,Arrasate,174
2020-01-01,Berastegi,109
2020-01-01,Bidania,155
2020-01-01,Miramon,189
2020-01-01,Zegama,132
2020-01-02,Arrasate,241
2020-01-02,Berastegi,148
2020-01-02,Bidania,144
2020-01-02,Miramon,181
2020-01-02,Zegama,133
2020-01-03,Arrasate,272
2020-01-03,Berastegi,180
2020-01-03,Bidania,322
2020-01-03,Miramon,191
2020-01-03,Zegama,131
2020-01-04,Arrasate,358
2020-01-04,Berastegi,331
2020-01-04,Bidania,321
2020-01-04,Miramon,322
2020-01-04,Zegama,329
2020-01-05,Arrasate,175
2020-01-05,Berastegi,290
2020-01-05,Bidania,330
2020-01-05,Miramon,227
2020-01-05,Zegama,173
2020-01-06,Arrasate,206
2020-01-06,Berastegi,308
2020-01-06,Bidania,141
2020-01-06,Miramon,184
2020-01-06,Zegama,145
2020-01-07,Arrasate,203
2020-01-07,Berastegi,302
2020-01-07,Bidania,64
2020-01-07,Miramon,185
2020-01-07,Zegama,136
2020-01-08,Arrasate,185
2020-01-08,Berastegi,177
2020-01-08,Bidania,126
2020-01-08,Miramon,184
2020-01-08,Zegama,129
2020-01-09,Arrasate,256
2020-01-09,Berastegi,142
2020-01-09,Bidania,169
2020-01-09,Miramon,195
2020-01-09,Zegama,141
2020-01-10,Arrasate,319
2020-01-10,Berastegi,317
2020-01-10,Bidania,315
2020-01-10,Miramon,268
2020-01-10,Zegama,327
2020-01-11,Arrasate,259
2020-01-11,Berastegi,310
2020-01-11,Bidania,157
2020-01-11,Miramon,175
2020-01-11,Zegama,134
2020-01-12,Arrasate,249
2020-01-12,Berastegi,272
2020-01-12,Bidania,300
2020-01-12,Miramon,185
2020-01-12,Zegama,142
2020-01-13,Arrasate,227
2020-01-13,Berastegi,140
2020-01-13,Bidania,162
2020-01-13,Miramon,189
2020-01-13,Zegama,205
2020-01-14,Arrasate,204
2020-01-14,Berastegi,134
2020-01-14,Bidania,162
2020-01-14,Miramon,175
2020-01-14,Zegama,212
2020-01-15,Arrasate,189
2020-01-15,Berastegi,131
2020-01-15,Bidania,162
2020-01-15,Miramon,179
2020-01-15,Zegama,168
2020-01-16,Arrasate,169
2020-01-16,Berastegi,138
2020-01-16,Bidania,163
2020-01-16,Miramon,176
2020-01-16,Zegama,141
2020-01-17,Arrasate,260
2020-01-17,Berastegi,195
2020-01-17,Bidania,269
2020-01-17,Miramon,243
2020-01-17,Zegama,148
2020-01-18,Arrasate,178
2020-01-18,Berastegi,145
2020-01-18,Bidania,157
2020-01-18,Miramon,182
2020-01-18,Zegama,142
2020-01-19,Arrasate,359
2020-01-19,Berastegi,308
2020-01-19,Bidania,321
2020-01-19,Miramon,44
2020-01-19,Zegama,337
2020-01-20,Arrasate,17
2020-01-20,Berastegi,306
2020-01-20,Bidania,5
2020-01-20,Miramon,41
2020-01-20,Zegama,322
2020-01-21,Arrasate,9
2020-01-21,Berastegi,339
2020-01-21,Bidania,12
2020-01-21,Miramon,114
2020-01-21,Zegama,323
2020-01-22,Arrasate,15
2020-01-22,Berastegi,321
2020-01-22,Bidania,336
2020-01-22,Miramon,198
2020-01-22,Zegama,323
2020-01-23,Arrasate,152
2020-01-23,Berastegi,152
2020-01-23,Bidania,151
2020-01-23,Miramon,168
2020-01-23,Zegama,132
2020-01-24,Arrasate,216
2020-01-24,Berastegi,148
2020-01-24,Bidania,155
2020-01-24,Miramon,171
2020-01-24,Zegama,127
2020-01-25,Arrasate,180
2020-01-25,Berastegi,149
2020-01-25,Bidania,161
2020-01-25,Miramon,193
2020-01-25,Zegama,130
2020-01-26,Arrasate,208
2020-01-26,Berastegi,226
2020-01-26,Bidania,210
2020-01-26,Miramon,186
2020-01-26,Zegama,227
2020-01-27,Arrasate,213
2020-01-27,Berastegi,157
2020-01-27,Bidania,182
2020-01-27,Miramon,188
2020-01-27,Zegama,180
2020-01-28,Arrasate,307
2020-01-28,Berastegi,332
2020-01-28,Bidania,299
2020-01-28,Miramon,262
2020-01-28,Zegama,90
2020-01-29,Arrasate,203
2020-01-29,Berastegi,166
2020-01-29,Bidania,170
2020-01-29,Miramon,180
2020-01-29,Zegama,199
2020-01-30,Arrasate,195
2020-01-30,Berastegi,204
2020-01-30,Bidania,191
2020-01-30,Miramon,187
2020-01-30,Zegama,233
2020-01-31,Arrasate,203
2020-01-31,Berastegi,184
2020-01-31,Bidania,168
2020-01-31,Miramon,184
2020-01-31,Zegama,227
2020-02-01,Arrasate,202
2020-02-01,Berastegi,174
2020-02-01,Bidania,208
2020-02-01,Miramon,229
2020-02-01,Zegama,201
2020-02-02,Arrasate,213
2020-02-02,Berastegi,170
2020-02-02,Bidania,157
2020-02-02,Miramon,191
2020-02-02,Zegama,235
2020-02-03,Arrasate,199
2020-02-03,Berastegi,152
2020-02-03,Bidania,177
2020-02-03,Miramon,192
2020-02-03,Zegama,160
2020-02-04,Arrasate,336
2020-02-04,Berastegi,323
2020-02-04,Bidania,317
2020-02-04,Miramon,326
2020-02-05,Arrasate,20
2020-02-05,Berastegi,287
2020-02-05,Bidania,63
2020-02-05,Miramon,88
2020-02-05,Zegama,329
2020-02-06,Arrasate,218
2020-02-06,Berastegi,158
2020-02-06,Bidania,147
2020-02-06,Miramon,184
2020-02-06,Zegama,122
2020-02-07,Arrasate,243
2020-02-07,Berastegi,142
2020-02-07,Bidania,148
2020-02-07,Miramon,183
2020-02-07,Zegama,140
2020-02-08,Arrasate,280
2020-02-08,Berastegi,134
2020-02-08,Bidania,165
2020-02-08,Miramon,220
2020-02-08,Zegama,170
2020-02-09,Arrasate,219
2020-02-09,Berastegi,141
2020-02-09,Bidania,162
2020-02-09,Miramon,181
2020-02-09,Zegama,222
2020-02-10,Arrasate,190
2020-02-10,Berastegi,171
2020-02-10,Bidania,230
2020-02-10,Miramon,247
2020-02-10,Zegama,233
2020-02-11,Arrasate,325
2020-02-11,Berastegi,333
2020-02-11,Bidania,308
2020-02-11,Miramon,271
2020-02-11,Zegama,337
2020-02-12,Arrasate,232
2020-02-12,Berastegi,136
2020-02-12,Bidania,152
2020-02-12,Miramon,170
2020-02-12,Zegama,208
2020-02-13,Arrasate,256
2020-02-13,Berastegi,159
2020-02-13,Bidania,192
2020-02-13,Miramon,246
2020-02-13,Zegama,187
2020-02-14,Arrasate,37
2020-02-14,Berastegi,276
2020-02-14,Bidania,298
2020-02-14,Miramon,153
2020-02-14,Zegama,221
2020-02-15,Arrasate,208
2020-02-15,Berastegi,138
2020-02-15,Bidania,161
2020-02-15,Miramon,178
2020-02-15,Zegama,188
2020-02-16,Arrasate,206
2020-02-16,Berastegi,141
2020-02-16,Bidania,169
2020-02-16,Miramon,180
2020-02-16,Zegama,194
2020-02-17,Arrasate,249
2020-02-17,Berastegi,318
2020-02-17,Bidania,293
2020-02-17,Miramon,273
2020-02-17,Zegama,334
2020-02-18,Arrasate,324
2020-02-18,Berastegi,324
2020-02-18,Bidania,311
2020-02-18,Miramon,224
2020-02-18,Zegama,337
2020-02-19,Arrasate,164
2020-02-19,Berastegi,297
2020-02-19,Bidania,295
2020-02-19,Miramon,185
2020-02-19,Zegama,128
2020-02-20,Arrasate,292
2020-02-20,Berastegi,13
2020-02-20,Bidania,177
2020-02-20,Miramon,218
2020-02-20,Zegama,91
2020-02-21,Arrasate,278
2020-02-21,Berastegi,294
2020-02-21,Bidania,352
2020-02-21,Miramon,168
2020-02-21,Zegama,269
2020-02-22,Arrasate,329
2020-02-22,Berastegi,325
2020-02-22,Bidania,312
2020-02-22,Miramon,202
2020-02-22,Zegama,280
2020-02-23,Arrasate,320
2020-02-23,Berastegi,332
2020-02-23,Bidania,160
2020-02-23,Miramon,200
2020-02-23,Zegama,138
2020-02-24,Arrasate,335
2020-02-24,Berastegi,331
2020-02-24,Bidania,319
2020-02-24,Miramon,239
2020-02-24,Zegama,146
2020-02-25,Arrasate,321
2020-02-25,Berastegi,325
2020-02-25,Bidania,300
2020-02-25,Miramon,244
2020-02-25,Zegama,332
2020-02-26,Arrasate,300
2020-02-26,Berastegi,307
2020-02-26,Bidania,296
2020-02-26,Miramon,271
2020-02-26,Zegama,331
2020-02-27,Arrasate,257
2020-02-27,Berastegi,176
2020-02-27,Bidania,251
2020-02-27,Miramon,239
2020-02-27,Zegama,185
2020-02-28,Arrasate,192
2020-02-28,Berastegi,147
2020-02-28,Bidania,166
2020-02-28,Miramon,191
2020-02-28,Zegama,144
2020-02-29,Arrasate,230
2020-02-29,Berastegi,151
2020-02-29,Bidania,181
2020-02-29,Miramon,198
2020-02-29,Zegama,121
2020-03-01,Arrasate,223
2020-03-01,Berastegi,162
2020-03-01,Bidania,198
2020-03-01,Miramon,215
2020-03-01,Zegama,124
2020-03-02,Arrasate,282
2020-03-02,Berastegi,285
2020-03-02,Bidania,278
2020-03-02,Miramon,264
2020-03-02,Zegama,323
2020-03-03,Arrasate,284
2020-03-03,Berastegi,318
2020-03-03,Bidania,290
2020-03-03,Miramon,271
2020-03-03,Zegama,90
2020-03-04,Arrasate,254
2020-03-04,Berastegi,167
2020-03-04,Bidania,222
2020-03-04,Miramon,180
2020-03-04,Zegama,162
2020-03-05,Arrasate,265
2020-03-05,Berastegi,265
2020-03-05,Bidania,278
2020-03-05,Miramon,261
2020-03-05,Zegama,245
2020-03-06,Arrasate,300
2020-03-06,Berastegi,300
2020-03-06,Bidania,303
2020-03-06,Miramon,289
2020-03-06,Zegama,329
2020-03-07,Arrasate,323
2020-03-07,Berastegi,327
2020-03-07,Bidania,315
2020-03-07,Miramon,303
2020-03-08,Arrasate,318
2020-03-08,Berastegi,327
2020-03-08,Bidania,302
2020-03-08,Miramon,227
2020-03-08,Zegama,333
2020-03-09,Arrasate,302
2020-03-09,Berastegi,318
2020-03-09,Bidania,309
2020-03-09,Miramon,287
2020-03-09,Zegama,332
2020-03-10,Arrasate,358
2020-03-10,Berastegi,311
2020-03-10,Bidania,332
2020-03-10,Miramon,195
2020-03-10,Zegama,49
2020-03-11,Arrasate,323
2020-03-11,Berastegi,335
2020-03-11,Bidania,338
2020-03-11,Miramon,214
2020-03-11,Zegama,334
2020-03-12,Arrasate,344
2020-03-12,Berastegi,323
2020-03-12,Bidania,333
2020-03-12,Zegama,336
2020-03-13,Arrasate,354
2020-03-13,Berastegi,313
2020-03-13,Bidania,316
2020-03-13,Miramon,11
2020-03-13,Zegama,336
2020-03-14,Arrasate,320
2020-03-14,Berastegi,313
2020-03-14,Bidania,309
2020-03-14,Miramon,191
2020-03-14,Zegama,29
2020-03-15,Arrasate,290
2020-03-15,Berastegi,152
2020-03-15,Bidania,178
2020-03-15,Miramon,232
2020-03-15,Zegama,117
2020-03-16,Arrasate,326
2020-03-16,Berastegi,324
2020-03-16,Bidania,321
2020-03-17,Arrasate,35
2020-03-17,Berastegi,336
2020-03-17,Bidania,295
2020-03-18,Arrasate,147
2020-03-18,Berastegi,9
2020-03-18,Bidania,136
2020-03-18,Miramon,189
2020-03-18,Zegama,137
2020-03-19,Arrasate,164
2020-03-19,Berastegi,147
2020-03-19,Bidania,155
2020-03-19,Miramon,187
2020-03-19,Zegama,122
2020-03-20,Arrasate,148
2020-03-20,Berastegi,149
2020-03-20,Bidania,154
2020-03-20,Miramon,152
2020-03-20,Zegama,127
2020-03-21,Arrasate,147
2020-03-21,Berastegi,150
2020-03-21,Bidania,147
2020-03-21,Miramon,164
2020-03-21,Zegama,125
2020-03-22,Arrasate,343
2020-03-22,Berastegi,337
2020-03-22,Bidania,327
2020-03-22,Miramon,275
2020-03-22,Zegama,20
2020-03-23,Arrasate,16
2020-03-23,Berastegi,346
2020-03-23,Bidania,58
2020-03-23,Miramon,269
2020-03-23,Zegama,337
2020-03-24,Arrasate,356
2020-03-24,Berastegi,349
2020-03-24,Bidania,88
2020-03-24,Miramon,255
2020-03-24,Zegama,95
2020-03-25,Arrasate,308
2020-03-25,Berastegi,322
2020-03-25,Bidania,306
2020-03-25,Miramon,251
2020-03-25,Zegama,348
2020-03-26,Arrasate,321
2020-03-26,Berastegi,324
2020-03-26,Bidania,316
2020-03-26,Miramon,315
2020-03-26,Zegama,335
2020-03-27,Arrasate,344
2020-03-27,Berastegi,314
2020-03-27,Bidania,328
2020-03-27,Miramon,192
2020-03-27,Zegama,33
2020-03-28,Arrasate,327
2020-03-28,Berastegi,316
2020-03-28,Bidania,340
2020-03-28,Miramon,204
2020-03-28,Zegama,2
2020-03-29,Arrasate,334
2020-03-29,Berastegi,320
2020-03-29,Bidania,322
2020-03-29,Miramon,279
2020-03-29,Zegama,355
2020-03-30,Arrasate,340
2020-03-30,Berastegi,319
2020-03-30,Bidania,327
2020-03-30,Miramon,181
2020-03-30,Zegama,325
2020-03-31,Arrasate,126
2020-03-31,Berastegi,346
2020-03-31,Bidania,133
2020-03-31,Miramon,155
2020-03-31,Zegama,342
2020-04-01,Arrasate,157
2020-04-01,Berastegi,161
2020-04-01,Bidania,138
2020-04-01,Miramon,152
2020-04-01,Zegama,135
2020-04-02,Arrasate,315
2020-04-02,Berastegi,319
2020-04-02,Bidania,313
2020-04-02,Miramon,298
2020-04-02,Zegama,347
2020-04-03,Arrasate,21
2020-04-03,Berastegi,315
2020-04-03,Bidania,319
2020-04-03,Miramon,246
2020-04-03,Zegama,355
2020-04-04,Arrasate,140
2020-04-04,Berastegi,154
2020-04-04,Bidania,149
2020-04-04,Miramon,163
2020-04-04,Zegama,126
2020-04-05,Arrasate,153
2020-04-05,Berastegi,156
2020-04-05,Bidania,160
2020-04-05,Miramon,167
2020-04-05,Zegama,121
2020-04-06,Arrasate,141
2020-04-06,Berastegi,145
2020-04-06,Bidania,137
2020-04-06,Miramon,249
2020-04-06,Zegama,124
2020-04-07,Arrasate,156
2020-04-07,Berastegi,140
2020-04-07,Bidania,153
2020-04-07,Miramon,179
2020-04-07,Zegama,127
2020-04-08,Arrasate,199
2020-04-08,Berastegi,138
2020-04-08,Bidania,143
2020-04-08,Miramon,326
2020-04-08,Zegama,121
2020-04-09,Arrasate,152
2020-04-09,Berastegi,148
2020-04-09,Bidania,146
2020-04-09,Miramon,177
2020-04-09,Zegama,120
2020-04-10,Arrasate,150
2020-04-10,Berastegi,153
2020-04-10,Bidania,146
2020-04-10,Miramon,176
2020-04-10,Zegama,127
2020-04-11,Arrasate,62
2020-04-11,Berastegi,134
2020-04-11,Bidania,136
2020-04-11,Miramon,332
2020-04-11,Zegama,116
2020-04-12,Arrasate,149
2020-04-12,Berastegi,142
2020-04-12,Bidania,153
2020-04-12,Miramon,201
2020-04-12,Zegama,133
2020-04-13,Arrasate,342
2020-04-13,Berastegi,157
2020-04-13,Bidania,136
2020-04-13,Miramon,223
2020-04-13,Zegama,128
2020-04-14,Arrasate,26
2020-04-14,Berastegi,6
2020-04-14,Bidania,112
2020-04-14,Miramon,306
2020-04-14,Zegama,4
2020-04-15,Arrasate,147
2020-04-15,Berastegi,157
2020-04-15,Bidania,152
2020-04-15,Miramon,156
2020-04-15,Zegama,131
2020-04-16,Arrasate,151
2020-04-16,Berastegi,162
2020-04-16,Bidania,150
2020-04-16,Miramon,160
2020-04-16,Zegama,126
2020-04-17,Arrasate,177
2020-04-17,Berastegi,157
2020-04-17,Bidania,157
2020-04-17,Miramon,174
2020-04-17,Zegama,142
2020-04-18,Arrasate,338
2020-04-18,Berastegi,345
2020-04-18,Bidania,149
2020-04-18,Miramon,234
2020-04-18,Zegama,158
2020-04-19,Arrasate,308
2020-04-19,Berastegi,326
2020-04-19,Bidania,310
2020-04-19,Miramon,277
2020-04-20,Arrasate,31
2020-04-20,Berastegi,329
2020-04-20,Bidania,308
2020-04-20,Miramon,286
2020-04-20,Zegama,338
2020-04-21,Arrasate,308
2020-04-21,Berastegi,327
2020-04-21,Bidania,312
2020-04-21,Miramon,299
2020-04-21,Zegama,328
2020-04-22,Arrasate,297
2020-04-22,Berastegi,334
2020-04-22,Bidania,309
2020-04-22,Zegama,338
2020-04-23,Arrasate,11
2020-04-23,Berastegi,321
2020-04-23,Bidania,268
2020-04-23,Miramon,315
2020-04-23,Zegama,18
2020-04-24,Arrasate,88
2020-04-24,Berastegi,149
2020-04-24,Bidania,132
2020-04-24,Miramon,237
2020-04-24,Zegama,111
2020-04-25,Arrasate,323
2020-04-25,Berastegi,321
2020-04-25,Bidania,307
2020-04-25,Miramon,286
2020-04-25,Zegama,338
2020-04-26,Arrasate,322
2020-04-26,Berastegi,330
2020-04-26,Bidania,319
2020-04-26,Miramon,322
2020-04-26,Zegama,334
2020-04-27,Arrasate,315
2020-04-27,Berastegi,326
2020-04-27,Bidania,293
2020-04-27,Miramon,274
2020-04-27,Zegama,183
2020-04-28,Arrasate,297
2020-04-28,Berastegi,319
2020-04-28,Bidania,268
2020-04-28,Miramon,209
2020-04-28,Zegama,105
2020-04-29,Arrasate,205
2020-04-29,Berastegi,186
2020-04-29,Bidania,191
2020-04-29,Miramon,195
2020-04-29,Zegama,179
2020-04-30,Arrasate,211
2020-04-30,Berastegi,188
2020-04-30,Bidania,228
2020-04-30,Miramon,253
2020-04-30,Zegama,145
2020-05-01,Arrasate,198
2020-05-01,Berastegi,184
2020-05-01,Bidania,247
2020-05-01,Miramon,237
2020-05-01,Zegama,159
2020-05-02,Arrasate,226
2020-05-02,Berastegi,338
2020-05-02,Bidania,88
2020-05-02,Miramon,174
2020-05-02,Zegama,168
2020-05-03,Arrasate,251
2020-05-03,Berastegi,327
2020-05-03,Bidania,142
2020-05-03,Miramon,213
2020-05-03,Zegama,6
2020-05-04,Arrasate,168
2020-05-04,Berastegi,148
2020-05-04,Bidania,144
2020-05-04,Miramon,184
2020-05-04,Zegama,132
2020-05-05,Arrasate,211
2020-05-05,Berastegi,334
2020-05-05,Bidania,277
2020-05-05,Miramon,291
2020-05-05,Zegama,151
2020-05-06,Arrasate,333
2020-05-06,Berastegi,315
2020-05-06,Bidania,336
2020-05-06,Miramon,301
2020-05-06,Zegama,359
2020-05-07,Arrasate,139
2020-05-07,Berastegi,145
2020-05-07,Bidania,142
2020-05-07,Miramon,260
2020-05-07,Zegama,137
2020-05-08,Arrasate,155
2020-05-08,Berastegi,148
2020-05-08,Bidania,146
2020-05-08,Miramon,185
2020-05-08,Zegama,137
2020-05-09,Arrasate,165
2020-05-09,Berastegi,147
2020-05-09,Bidania,141
2020-05-09,Miramon,294
2020-05-09,Zegama,126
2020-05-10,Arrasate,307
2020-05-10,Berastegi,327
2020-05-10,Bidania,304
2020-05-10,Zegama,330
2020-05-11,Arrasate,321
2020-05-11,Berastegi,303
2020-05-11,Bidania,303
2020-05-11,Zegama,308
2020-05-12,Arrasate,356
2020-05-12,Berastegi,327
2020-05-12,Bidania,311
2020-05-12,Miramon,298
2020-05-12,Zegama,342
2020-05-13,Arrasate,8
2020-05-13,Berastegi,333
2020-05-13,Bidania,312
2020-05-13,Zegama,336
2020-05-14,Arrasate,348
2020-05-14,Berastegi,323
2020-05-14,Bidania,314
2020-05-14,Miramon,327
2020-05-14,Zegama,341
2020-05-15,Arrasate,323
2020-05-15,Berastegi,324
2020-05-15,Bidania,310
2020-05-15,Miramon,285
2020-05-15,Zegama,327
2020-05-16,Arrasate,318
2020-05-16,Berastegi,325
2020-05-16,Bidania,312
2020-05-16,Miramon,278
2020-05-16,Zegama,331
2020-05-17,Arrasate,355
2020-05-17,Berastegi,313
2020-05-17,Bidania,309
2020-05-17,Miramon,277
2020-05-17,Zegama,3
2020-05-18,Arrasate,356
2020-05-18,Berastegi,309
2020-05-18,Bidania,324
2020-05-18,Miramon,248
2020-05-18,Zegama,358
2020-05-19,Arrasate,354
2020-05-19,Berastegi,320
2020-05-19,Bidania,356
2020-05-19,Miramon,230
2020-05-19,Zegama,356
2020-05-20,Arrasate,350
2020-05-20,Berastegi,310
2020-05-20,Bidania,20
2020-05-20,Miramon,255
2020-05-20,Zegama,7
2020-05-21,Arrasate,119
2020-05-21,Berastegi,318
2020-05-21,Bidania,166
2020-05-21,Miramon,292
2020-05-21,Zegama,348
2020-05-22,Arrasate,354
2020-05-22,Berastegi,321
2020-05-22,Bidania,313
2020-05-22,Miramon,311
2020-05-22,Zegama,1
2020-05-23,Arrasate,343
2020-05-23,Berastegi,316
2020-05-23,Bidania,320
2020-05-24,Arrasate,8
2020-05-24,Berastegi,314
2020-05-24,Bidania,11
2020-05-24,Miramon,42
2020-05-24,Zegama,330
2020-05-25,Arrasate,357
2020-05-25,Berastegi,311
2020-05-25,Bidania,323
2020-05-25,Miramon,258
2020-05-25,Zegama,1
2020-05-26,Arrasate,327
2020-05-26,Berastegi,309
2020-05-26,Bidania,315
2020-05-26,Miramon,253
2020-05-26,Zegama,353
2020-05-27,Arrasate,323
2020-05-27,Berastegi,324
2020-05-27,Bidania,311
2020-05-27,Miramon,215
2020-05-27,Zegama,358
2020-05-28,Arrasate,118
2020-05-28,Berastegi,138
2020-05-28,Bidania,125
2020-05-28,Miramon,105
2020-05-28,Zegama,128
2020-05-29,Arrasate,8
2020-05-29,Berastegi,319
2020-05-29,Bidania,35
2020-05-29,Miramon,219
2020-05-29,Zegama,65
2020-05-30,Arrasate,346
2020-05-30,Berastegi,156
2020-05-30,Bidania,137
2020-05-30,Miramon,201
2020-05-30,Zegama,115
2020-05-31,Arrasate,222
2020-05-31,Berastegi,148
2020-05-31,Bidania,143
2020-05-31,Miramon,223
2020-05-31,Zegama,129
2020-06-01,Arrasate,316
2020-06-01,Berastegi,155
2020-06-01,Bidania,174
2020-06-01,Miramon,277
2020-06-01,Zegama,114
2020-06-02,Arrasate,345
2020-06-02,Berastegi,330
2020-06-02,Bidania,313
2020-06-02,Miramon,306
2020-06-02,Zegama,345
2020-06-03,Arrasate,326
2020-06-03,Berastegi,312
2020-06-03,Bidania,311
2020-06-03,Miramon,282
2020-06-03,Zegama,327
2020-06-04,Arrasate,298
2020-06-04,Berastegi,297
2020-06-04,Bidania,300
2020-06-04,Miramon,276
2020-06-04,Zegama,328
2020-06-05,Arrasate,330
2020-06-05,Berastegi,324
2020-06-05,Bidania,306
2020-06-05,Miramon,283
2020-06-05,Zegama,329
2020-06-06,Arrasate,346
2020-06-06,Berastegi,322
2020-06-06,Bidania,312
2020-06-06,Miramon,293
2020-06-06,Zegama,345
2020-06-07,Arrasate,318
2020-06-07,Berastegi,324
2020-06-07,Bidania,309
2020-06-07,Miramon,293
2020-06-07,Zegama,326
2020-06-08,Arrasate,312
2020-06-08,Berastegi,328
2020-06-08,Bidania,311
2020-06-08,Miramon,262
2020-06-08,Zegama,328
2020-06-09,Arrasate,315
2020-06-09,Berastegi,321
2020-06-09,Bidania,308
2020-06-09,Miramon,254
2020-06-09,Zegama,334
2020-06-10,Arrasate,352
2020-06-10,Berastegi,325
2020-06-10,Bidania,311
2020-06-10,Miramon,273
2020-06-10,Zegama,345
2020-06-11,Arrasate,325
2020-06-11,Berastegi,272
2020-06-11,Bidania,247
2020-06-11,Miramon,190
2020-06-11,Zegama,194
2020-06-12,Arrasate,180
2020-06-12,Berastegi,161
2020-06-12,Bidania,153
2020-06-12,Miramon,203
2020-06-12,Zegama,149
2020-06-13,Arrasate,265
2020-06-13,Berastegi,310
2020-06-13,Bidania,207
2020-06-13,Miramon,276
2020-06-13,Zegama,208
2020-06-14,Arrasate,344
2020-06-14,Berastegi,328
2020-06-14,Bidania,304
2020-06-14,Miramon,267
2020-06-14,Zegama,27
2020-06-15,Arrasate,357
2020-06-15,Berastegi,325
2020-06-15,Bidania,338
2020-06-15,Miramon,252
2020-06-15,Zegama,0
2020-06-16,Arrasate,330
2020-06-16,Berastegi,318
2020-06-16,Bidania,304
2020-06-16,Miramon,251
2020-06-16,Zegama,337
2020-06-17,Arrasate,335
2020-06-17,Berastegi,315
2020-06-17,Bidania,308
2020-06-17,Miramon,268
2020-06-17,Zegama,355
2020-06-18,Arrasate,352
2020-06-18,Berastegi,345
2020-06-18,Bidania,328
2020-06-18,Miramon,283
2020-06-18,Zegama,338
2020-06-19,Arrasate,335
2020-06-19,Berastegi,342
2020-06-19,Bidania,315
2020-06-19,Miramon,282
2020-06-19,Zegama,349
2020-06-20,Arrasate,328
2020-06-20,Berastegi,321
2020-06-20,Bidania,314
2020-06-20,Miramon,319
2020-06-20,Zegama,326
2020-06-21,Arrasate,343
2020-06-21,Berastegi,307
2020-06-21,Bidania,307
2020-06-21,Miramon,265
2020-06-21,Zegama,9
2020-06-22,Arrasate,338
2020-06-22,Berastegi,313
2020-06-22,Bidania,12
2020-06-22,Miramon,12
2020-06-22,Zegama,340
2020-06-23,Arrasate,299
2020-06-23,Berastegi,324
2020-06-23,Bidania,136
2020-06-23,Miramon,219
2020-06-23,Zegama,342
2020-06-24,Arrasate,246
2020-06-24,Berastegi,163
2020-06-24,Bidania,127
2020-06-24,Miramon,305
2020-06-24,Zegama,124
2020-06-25,Arrasate,358
2020-06-25,Berastegi,317
2020-06-25,Bidania,130
2020-06-25,Miramon,268
2020-06-25,Zegama,135
2020-06-26,Arrasate,1
2020-06-26,Berastegi,325
2020-06-26,Bidania,313
2020-06-26,Zegama,338
2020-06-27,Arrasate,348
2020-06-27,Berastegi,332
2020-06-27,Bidania,317
2020-06-27,Miramon,344
2020-06-27,Zegama,311
2020-06-28,Arrasate,341
2020-06-28,Berastegi,323
2020-06-28,Bidania,309
2020-06-28,Miramon,324
2020-06-28,Zegama,341
2020-06-29,Arrasate,335
2020-06-29,Berastegi,325
2020-06-29,Bidania,315
2020-06-29,Miramon,314
2020-06-29,Zegama,323
2020-06-30,Arrasate,265
2020-06-30,Berastegi,319
2020-06-30,Bidania,305
2020-06-30,Miramon,292
2020-06-30,Zegama,341
2020-07-01,Arrasate,313
2020-07-01,Berastegi,328
2020-07-01,Bidania,309
2020-07-01,Miramon,302
2020-07-01,Zegama,337
2020-07-02,Arrasate,263
2020-07-02,Berastegi,330
2020-07-02,Bidania,307
2020-07-02,Miramon,274
2020-07-02,Zegama,341
2020-07-03,Arrasate,323
2020-07-03,Berastegi,316
2020-07-03,Bidania,312
2020-07-03,Miramon,297
2020-07-03,Zegama,325
2020-07-04,Arrasate,250
2020-07-04,Berastegi,314
2020-07-04,Bidania,303
2020-07-04,Miramon,222
2020-07-04,Zegama,15
2020-07-05,Arrasate,233
2020-07-05,Berastegi,314
2020-07-05,Bidania,309
2020-07-05,Miramon,277
2020-07-05,Zegama,344
2020-07-06,Arrasate,3
2020-07-06,Berastegi,323
2020-07-06,Bidania,318
2020-07-06,Miramon,340
2020-07-06,Zegama,338
2020-07-07,Arrasate,318
2020-07-07,Berastegi,312
2020-07-07,Bidania,37
2020-07-07,Miramon,324
2020-07-07,Zegama,322
2020-07-08,Arrasate,244
2020-07-08,Berastegi,323
2020-07-08,Bidania,323
2020-07-08,Miramon,246
2020-07-08,Zegama,341
2020-07-09,Arrasate,332
2020-07-09,Berastegi,330
2020-07-09,Bidania,311
2020-07-09,Miramon,286
2020-07-09,Zegama,360
2020-07-10,Arrasate,351
2020-07-10,Berastegi,320
2020-07-10,Bidania,312
2020-07-10,Miramon,308
2020-07-11,Arrasate,14
2020-07-11,Berastegi,307
2020-07-11,Bidania,340
2020-07-11,Miramon,311
2020-07-11,Zegama,344
2020-07-12,Arrasate,324
2020-07-12,Berastegi,271
2020-07-12,Bidania,303
2020-07-12,Miramon,227
2020-07-12,Zegama,49
2020-07-13,Arrasate,256
2020-07-13,Berastegi,309
2020-07-13,Miramon,253
2020-07-13,Zegama,17
2020-07-14,Arrasate,259
2020-07-14,Berastegi,322
2020-07-14,Miramon,273
2020-07-14,Zegama,0
2020-07-15,Arrasate,258
2020-07-15,Berastegi,325
2020-07-15,Miramon,282
2020-07-15,Zegama,339
2020-07-16,Arrasate,321
2020-07-16,Berastegi,324
2020-07-16,Bidania,329
2020-07-16,Miramon,321
2020-07-16,Zegama,343
2020-07-17,Arrasate,330
2020-07-17,Berastegi,316
2020-07-17,Bidania,324
2020-07-17,Miramon,331
2020-07-17,Zegama,330
2020-07-18,Arrasate,5
2020-07-18,Berastegi,313
2020-07-18,Bidania,77
2020-07-18,Miramon,315
2020-07-18,Zegama,338
2020-07-19,Arrasate,340
2020-07-19,Berastegi,309
2020-07-19,Bidania,275
2020-07-19,Miramon,262
2020-07-19,Zegama,28
2020-07-20,Arrasate,325
2020-07-20,Berastegi,318
2020-07-20,Bidania,318
2020-07-20,Miramon,283
2020-07-20,Zegama,0
2020-07-21,Arrasate,281
2020-07-21,Berastegi,340
2020-07-21,Bidania,319
2020-07-21,Miramon,264
2020-07-21,Zegama,352
2020-07-22,Arrasate,323
2020-07-22,Berastegi,325
2020-07-22,Bidania,319
2020-07-22,Miramon,305
2020-07-22,Zegama,354
2020-07-23,Arrasate,276
2020-07-23,Berastegi,329
2020-07-23,Bidania,316
2020-07-23,Miramon,299
2020-07-23,Zegama,348
2020-07-24,Arrasate,288
2020-07-24,Berastegi,314
2020-07-24,Bidania,315
2020-07-24,Miramon,253
2020-07-24,Zegama,4
2020-07-25,Arrasate,274
2020-07-25,Berastegi,322
2020-07-25,Bidania,304
2020-07-25,Miramon,263
2020-07-25,Zegama,3
2020-07-26,Arrasate,299
2020-07-26,Berastegi,320
2020-07-26,Bidania,341
2020-07-26,Miramon,237
2020-07-26,Zegama,6
2020-07-27,Arrasate,304
2020-07-27,Berastegi,319
2020-07-27,Bidania,330
2020-07-27,Miramon,279
2020-07-27,Zegama,102
2020-07-28,Arrasate,348
2020-07-28,Berastegi,325
2020-07-28,Bidania,329
2020-07-28,Miramon,349
2020-07-28,Zegama,339
2020-07-29,Arrasate,311
2020-07-29,Berastegi,314
2020-07-29,Bidania,332
2020-07-29,Miramon,334
2020-07-29,Zegama,334
2020-07-30,Arrasate,120
2020-07-30,Berastegi,150
2020-07-30,Bidania,149
2020-07-30,Miramon,183
2020-07-30,Zegama,148
2020-07-31,Arrasate,335
2020-07-31,Berastegi,325
2020-07-31,Bidania,322
2020-07-31,Miramon,316
2020-07-31,Zegama,355
2020-08-01,Arrasate,272
2020-08-01,Berastegi,327
2020-08-01,Bidania,315
2020-08-01,Miramon,292
2020-08-01,Zegama,340
2020-08-02,Arrasate,280
2020-08-02,Berastegi,321
2020-08-02,Bidania,316
2020-08-02,Miramon,291
2020-08-02,Zegama,321
2020-08-03,Arrasate,346
2020-08-03,Berastegi,319
2020-08-03,Bidania,322
2020-08-03,Miramon,302
2020-08-03,Zegama,334
2020-08-04,Arrasate,286
2020-08-04,Berastegi,319
2020-08-04,Bidania,341
2020-08-04,Miramon,345
2020-08-04,Zegama,354
2020-08-05,Arrasate,253
2020-08-05,Berastegi,316
2020-08-05,Bidania,299
2020-08-05,Miramon,221
2020-08-05,Zegama,357
2020-08-06,Arrasate,96
2020-08-06,Berastegi,143
2020-08-06,Bidania,141
2020-08-06,Miramon,187
2020-08-06,Zegama,126
2020-08-07,Arrasate,110
2020-08-07,Berastegi,146
2020-08-07,Bidania,121
2020-08-07,Miramon,301
2020-08-07,Zegama,136
2020-08-08,Arrasate,273
2020-08-08,Berastegi,319
2020-08-08,Bidania,325
2020-08-08,Miramon,256
2020-08-08,Zegama,343
2020-08-09,Arrasate,315
2020-08-09,Berastegi,318
2020-08-09,Bidania,316
2020-08-09,Miramon,290
2020-08-09,Zegama,355
2020-08-10,Arrasate,288
2020-08-10,Berastegi,332
2020-08-10,Bidania,322
2020-08-10,Miramon,305
2020-08-10,Zegama,338
2020-08-11,Arrasate,124
2020-08-11,Berastegi,158
2020-08-11,Bidania,144
2020-08-11,Miramon,242
2020-08-11,Zegama,158
2020-08-12,Arrasate,122
2020-08-12,Berastegi,162
2020-08-12,Bidania,152
2020-08-12,Miramon,216
2020-08-12,Zegama,141
2020-08-13,Arrasate,277
2020-08-13,Berastegi,350
2020-08-13,Bidania,328
2020-08-13,Miramon,269
2020-08-13,Zegama,333
2020-08-14,Arrasate,318
2020-08-14,Berastegi,318
2020-08-14,Bidania,319
2020-08-14,Miramon,21
2020-08-14,Zegama,344
2020-08-15,Arrasate,257
2020-08-15,Berastegi,333
2020-08-15,Bidania,319
2020-08-15,Miramon,271
2020-08-15,Zegama,342
2020-08-16,Arrasate,344
2020-08-16,Berastegi,333
2020-08-16,Bidania,342
2020-08-16,Miramon,217
2020-08-16,Zegama,25
2020-08-17,Arrasate,151
2020-08-17,Berastegi,198
2020-08-17,Bidania,174
2020-08-17,Miramon,182
2020-08-17,Zegama,157
2020-08-18,Arrasate,139
2020-08-18,Berastegi,254
2020-08-18,Bidania,160
2020-08-18,Miramon,162
2020-08-18,Zegama,129
2020-08-19,Arrasate,137
2020-08-19,Berastegi,152
2020-08-19,Bidania,161
2020-08-19,Miramon,192
2020-08-19,Zegama,156
2020-08-20,Arrasate,142
2020-08-20,Berastegi,158
2020-08-20,Bidania,162
2020-08-20,Miramon,220
2020-08-20,Zegama,135
2020-08-21,Arrasate,344
2020-08-21,Berastegi,321
2020-08-21,Bidania,314
2020-08-21,Miramon,247
2020-08-21,Zegama,275
2020-08-22,Arrasate,255
2020-08-22,Berastegi,334
2020-08-22,Bidania,334
2020-08-22,Miramon,291
2020-08-22,Zegama,358
2020-08-23,Arrasate,297
2020-08-23,Berastegi,324
2020-08-23,Bidania,326
2020-08-23,Miramon,307
2020-08-23,Zegama,340
2020-08-24,Arrasate,66
2020-08-24,Berastegi,305
2020-08-24,Bidania,347
2020-08-24,Miramon,294
2020-08-24,Zegama,310
2020-08-25,Arrasate,264
2020-08-25,Berastegi,334
2020-08-25,Bidania,313
2020-08-25,Miramon,218
2020-08-25,Zegama,89
2020-08-26,Arrasate,323
2020-08-26,Berastegi,348
2020-08-26,Bidania,62
2020-08-26,Miramon,18
2020-08-26,Zegama,348
2020-08-27,Arrasate,254
2020-08-27,Berastegi,334
2020-08-27,Bidania,312
2020-08-27,Miramon,259
2020-08-27,Zegama,2
2020-08-28,Arrasate,173
2020-08-28,Berastegi,327
2020-08-28,Bidania,316
2020-08-28,Miramon,227
2020-08-28,Zegama,331
2020-08-29,Arrasate,215
2020-08-29,Berastegi,324
2020-08-29,Bidania,310
2020-08-29,Miramon,280
2020-08-29,Zegama,329
2020-08-30,Arrasate,239
2020-08-30,Berastegi,311
2020-08-30,Bidania,318
2020-08-30,Miramon,249
2020-08-30,Zegama,319
2020-08-31,Arrasate,76
2020-08-31,Berastegi,311
2020-08-31,Bidania,138
2020-08-31,Miramon,150
2020-08-31,Zegama,73
2020-09-01,Arrasate,286
2020-09-01,Berastegi,315
2020-09-01,Bidania,318
2020-09-01,Miramon,206
2020-09-01,Zegama,5
2020-09-02,Arrasate,322
2020-09-02,Berastegi,312
2020-09-02,Bidania,344
2020-09-02,Miramon,214
2020-09-02,Zegama,10
2020-09-03,Arrasate,166
2020-09-03,Berastegi,315
2020-09-03,Bidania,145
2020-09-03,Miramon,178
2020-09-03,Zegama,140
2020-09-04,Arrasate,104
2020-09-04,Berastegi,155
2020-09-04,Bidania,141
2020-09-04,Miramon,168
2020-09-04,Zegama,121
2020-09-05,Arrasate,317
2020-09-05,Berastegi,332
2020-09-05,Bidania,325
2020-09-05,Miramon,319
2020-09-05,Zegama,339
2020-09-06,Arrasate,289
2020-09-06,Berastegi,325
2020-09-06,Bidania,331
2020-09-06,Miramon,334
2020-09-06,Zegama,333
2020-09-07,Arrasate,319
2020-09-07,Berastegi,311
2020-09-07,Bidania,339
2020-09-07,Miramon,348
2020-09-07,Zegama,328
2020-09-08,Arrasate,323
2020-09-08,Berastegi,330
2020-09-08,Bidania,83
2020-09-08,Miramon,200
2020-09-08,Zegama,351
2020-09-09,Arrasate,294
2020-09-09,Berastegi,312
2020-09-09,Bidania,354
2020-09-09,Miramon,204
2020-09-09,Zegama,14
2020-09-10,Arrasate,329
2020-09-10,Berastegi,310
2020-09-10,Bidania,318
2020-09-10,Miramon,212
2020-09-10,Zegama,6
2020-09-11,Arrasate,348
2020-09-11,Berastegi,320
2020-09-11,Bidania,91
2020-09-11,Miramon,221
2020-09-11,Zegama,339
2020-09-12,Arrasate,353
2020-09-12,Berastegi,320
2020-09-12,Bidania,341
2020-09-12,Miramon,205
2020-09-12,Zegama,344
2020-09-13,Arrasate,93
2020-09-13,Berastegi,140
2020-09-13,Bidania,140
2020-09-13,Miramon,163
2020-09-13,Zegama,137
2020-09-14,Arrasate,101
2020-09-14,Berastegi,148
2020-09-14,Bidania,147
2020-09-14,Miramon,186
2020-09-14,Zegama,135
2020-09-15,Arrasate,113
2020-09-15,Berastegi,140
2020-09-15,Bidania,147
2020-09-15,Miramon,239
2020-09-15,Zegama,120
2020-09-16,Arrasate,341
2020-09-16,Berastegi,333
2020-09-16,Bidania,107
2020-09-16,Miramon,212
2020-09-16,Zegama,301
2020-09-17,Arrasate,90
2020-09-17,Berastegi,158
2020-09-17,Bidania,138
2020-09-17,Miramon,145
2020-09-17,Zegama,140
2020-09-18,Arrasate,123
2020-09-18,Berastegi,164
2020-09-18,Bidania,149
2020-09-18,Miramon,174
2020-09-18,Zegama,144
2020-09-19,Arrasate,146
2020-09-19,Berastegi,157
2020-09-19,Bidania,163
2020-09-19,Miramon,199
2020-09-19,Zegama,142
2020-09-20,Arrasate,244
2020-09-20,Berastegi,336
2020-09-20,Bidania,323
2020-09-20,Miramon,234
2020-09-20,Zegama,329
2020-09-21,Arrasate,247
2020-09-21,Berastegi,321
2020-09-21,Bidania,318
2020-09-21,Miramon,234
2020-09-21,Zegama,32
2020-09-22,Arrasate,267
2020-09-22,Berastegi,313
2020-09-22,Bidania,336
2020-09-22,Miramon,207
2020-09-22,Zegama,24
2020-09-23,Arrasate,157
2020-09-23,Berastegi,217
2020-09-23,Bidania,182
2020-09-23,Miramon,214
2020-09-23,Zegama,155
2020-09-24,Arrasate,243
2020-09-24,Berastegi,310
2020-09-24,Bidania,302
2020-09-24,Miramon,278
2020-09-24,Zegama,29
2020-09-25,Arrasate,213
2020-09-25,Berastegi,303
2020-09-25,Bidania,302
2020-09-25,Miramon,287
2020-09-25,Zegama,308
2020-09-26,Arrasate,139
2020-09-26,Berastegi,325
2020-09-26,Bidania,309
2020-09-26,Miramon,290
2020-09-26,Zegama,332
2020-09-27,Arrasate,226
2020-09-27,Berastegi,305
2020-09-27,Bidania,320
2020-09-27,Miramon,276
2020-09-27,Zegama,319
2020-09-28,Arrasate,265
2020-09-28,Berastegi,326
2020-09-28,Bidania,317
2020-09-28,Miramon,242
2020-09-28,Zegama,328
2020-09-29,Arrasate,183
2020-09-29,Berastegi,319
2020-09-29,Bidania,327
2020-09-29,Miramon,176
2020-09-29,Zegama,122
2020-09-30,Arrasate,299
2020-09-30,Berastegi,310
2020-09-30,Bidania,321
2020-09-30,Miramon,189
2020-09-30,Zegama,154
2020-10-01,Arrasate,131
2020-10-01,Berastegi,146
2020-10-01,Bidania,197
2020-10-01,Miramon,191
2020-10-01,Zegama,157
2020-10-02,Arrasate,171
2020-10-02,Berastegi,308
2020-10-02,Bidania,280
2020-10-02,Miramon,249
2020-10-02,Zegama,6
2020-10-03,Arrasate,147
2020-10-03,Berastegi,317
2020-10-03,Bidania,284
2020-10-03,Miramon,245
2020-10-03,Zegama,104
2020-10-04,Arrasate,185
2020-10-04,Berastegi,305
2020-10-04,Bidania,279
2020-10-04,Miramon,243
2020-10-04,Zegama,293
2020-10-05,Arrasate,219
2020-10-05,Berastegi,236
2020-10-05,Bidania,281
2020-10-05,Miramon,209
2020-10-05,Zegama,152
2020-10-06,Arrasate,215
2020-10-06,Berastegi,193
2020-10-06,Bidania,285
2020-10-06,Miramon,213
2020-10-06,Zegama,195
2020-10-07,Arrasate,228
2020-10-07,Berastegi,313
2020-10-07,Bidania,311
2020-10-07,Miramon,235
2020-10-07,Zegama,339
2020-10-08,Arrasate,99
2020-10-08,Berastegi,219
2020-10-08,Bidania,142
2020-10-08,Miramon,192
2020-10-08,Zegama,140
2020-10-09,Arrasate,47
2020-10-09,Berastegi,340
2020-10-09,Bidania,320
2020-10-09,Miramon,227
2020-10-09,Zegama,352
2020-10-10,Arrasate,262
2020-10-10,Berastegi,330
2020-10-10,Bidania,327
2020-10-10,Miramon,325
2020-10-11,Arrasate,240
2020-10-11,Berastegi,325
2020-10-11,Bidania,319
2020-10-11,Miramon,315
2020-10-11,Zegama,322
2020-10-12,Arrasate,216
2020-10-12,Berastegi,335
2020-10-12,Bidania,318
2020-10-12,Miramon,292
2020-10-12,Zegama,317
2020-10-13,Arrasate,211
2020-10-13,Berastegi,328
2020-10-13,Bidania,313
2020-10-13,Miramon,293
2020-10-13,Zegama,329
2020-10-14,Arrasate,174
2020-10-14,Berastegi,321
2020-10-14,Bidania,314
2020-10-14,Miramon,300
2020-10-14,Zegama,319
2020-10-15,Arrasate,78
2020-10-15,Berastegi,323
2020-10-15,Bidania,333
2020-10-15,Miramon,191
2020-10-15,Zegama,327
2020-10-16,Arrasate,209
2020-10-16,Berastegi,324
2020-10-16,Bidania,320
2020-10-16,Miramon,155
2020-10-16,Zegama,32
2020-10-17,Arrasate,167
2020-10-17,Berastegi,314
2020-10-17,Bidania,162
2020-10-17,Miramon,187
2020-10-17,Zegama,133
2020-10-18,Arrasate,133
2020-10-18,Berastegi,223
2020-10-18,Bidania,139
2020-10-18,Miramon,169
2020-10-18,Zegama,135
2020-10-19,Arrasate,94
2020-10-19,Berastegi,153
2020-10-19,Bidania,154
2020-10-19,Miramon,173
2020-10-19,Zegama,127
2020-10-20,Arrasate,92
2020-10-20,Berastegi,158
2020-10-20,Bidania,160
2020-10-20,Miramon,167
2020-10-20,Zegama,130
2020-10-21,Arrasate,119
2020-10-21,Berastegi,155
2020-10-21,Bidania,157
2020-10-21,Miramon,169
2020-10-21,Zegama,133
2020-10-22,Arrasate,113
2020-10-22,Berastegi,159
2020-10-22,Bidania,154
2020-10-22,Miramon,173
2020-10-22,Zegama,152
2020-10-23,Arrasate,158
2020-10-23,Berastegi,314
2020-10-23,Bidania,274
2020-10-23,Miramon,231
2020-10-23,Zegama,199
2020-10-24,Arrasate,128
2020-10-24,Berastegi,183
2020-10-24,Bidania,183
2020-10-24,Miramon,189
2020-10-24,Zegama,212
2020-10-25,Arrasate,137
2020-10-25,Berastegi,155
2020-10-25,Bidania,191
2020-10-25,Miramon,210
2020-10-25,Zegama,150
2020-10-26,Arrasate,181
2020-10-26,Berastegi,283
2020-10-26,Bidania,296
2020-10-26,Miramon,228
2020-10-26,Zegama,300
2020-10-27,Arrasate,135
2020-10-27,Berastegi,151
2020-10-27,Bidania,149
2020-10-27,Miramon,182
2020-10-27,Zegama,233
2020-10-28,Arrasate,146
2020-10-28,Berastegi,328
2020-10-28,Bidania,297
2020-10-28,Miramon,200
2020-10-28,Zegama,222
2020-10-29,Arrasate,145
2020-10-29,Berastegi,315
2020-10-29,Bidania,148
2020-10-29,Miramon,174
2020-10-29,Zegama,138
2020-10-30,Arrasate,146
2020-10-30,Berastegi,146
2020-10-30,Bidania,144
2020-10-30,Miramon,185
2020-10-30,Zegama,151
2020-10-31,Arrasate,138
2020-10-31,Berastegi,174
2020-10-31,Bidania,163
2020-10-31,Miramon,184
2020-10-31,Zegama,214
2020-11-01,Arrasate,150
2020-11-01,Berastegi,144
2020-11-01,Bidania,156
2020-11-01,Miramon,189
2020-11-01,Zegama,235
2020-11-02,Arrasate,148
2020-11-02,Berastegi,180
2020-11-02,Bidania,216
2020-11-02,Miramon,233
2020-11-02,Zegama,215
2020-11-03,Arrasate,269
2020-11-03,Berastegi,328
2020-11-03,Bidania,319
2020-11-03,Miramon,260
2020-11-03,Zegama,330
2020-11-04,Arrasate,17
2020-11-04,Berastegi,12
2020-11-04,Bidania,62
2020-11-04,Miramon,81
2020-11-04,Zegama,313
2020-11-05,Arrasate,84
2020-11-05,Berastegi,168
2020-11-05,Bidania,136
2020-11-05,Miramon,140
2020-11-05,Zegama,140
2020-11-06,Arrasate,88
2020-11-06,Berastegi,161
2020-11-06,Bidania,155
2020-11-06,Miramon,156
2020-11-06,Zegama,131
2020-11-07,Arrasate,110
2020-11-07,Berastegi,157
2020-11-07,Bidania,159
2020-11-07,Miramon,163
2020-11-07,Zegama,156
2020-11-08,Arrasate,104
2020-11-08,Berastegi,148
2020-11-08,Bidania,158
2020-11-08,Miramon,166
2020-11-08,Zegama,136
2020-11-09,Arrasate,125
2020-11-09,Berastegi,158
2020-11-09,Bidania,171
2020-11-09,Miramon,186
2020-11-09,Zegama,157
2020-11-10,Arrasate,90
2020-11-10,Berastegi,308
2020-11-10,Bidania,329
2020-11-10,Miramon,192
2020-11-10,Zegama,109
2020-11-11,Arrasate,149
2020-11-11,Berastegi,138
2020-11-11,Bidania,155
2020-11-11,Miramon,183
2020-11-11,Zegama,180
2020-11-12,Arrasate,160
2020-11-12,Berastegi,159
2020-11-12,Bidania,141
2020-11-12,Miramon,181
2020-11-12,Zegama,128
2020-11-13,Arrasate,174
2020-11-13,Berastegi,139
2020-11-13,Bidania,138
2020-11-13,Miramon,191
2020-11-13,Zegama,127
2020-11-14,Arrasate,136
2020-11-14,Berastegi,142
2020-11-14,Bidania,164
2020-11-14,Miramon,180
2020-11-14,Zegama,154
2020-11-15,Arrasate,138
2020-11-15,Berastegi,146
2020-11-15,Bidania,185
2020-11-15,Miramon,206
2020-11-15,Zegama,179
2020-11-16,Arrasate,98
2020-11-16,Berastegi,329
2020-11-16,Bidania,316
2020-11-16,Miramon,192
2020-11-16,Zegama,3
2020-11-17,Arrasate,155
2020-11-17,Berastegi,135
2020-11-17,Bidania,150
2020-11-17,Miramon,177
2020-11-17,Zegama,134
2020-11-18,Arrasate,185
2020-11-18,Berastegi,134
2020-11-18,Bidania,162
2020-11-18,Miramon,186
2020-11-18,Zegama,175
2020-11-19,Arrasate,324
2020-11-19,Berastegi,322
2020-11-19,Bidania,323
2020-11-19,Miramon,272
2020-11-20,Arrasate,353
2020-11-20,Berastegi,293
2020-11-20,Bidania,345
2020-11-20,Miramon,124
2020-11-20,Zegama,327
2020-11-21,Arrasate,104
2020-11-21,Berastegi,330
2020-11-21,Bidania,118
2020-11-21,Miramon,177
2020-11-21,Zegama,140
2020-11-22,Arrasate,89
2020-11-22,Berastegi,311
2020-11-22,Bidania,133
2020-11-22,Miramon,186
2020-11-22,Zegama,143
2020-11-23,Arrasate,126
2020-11-23,Berastegi,354
2020-11-23,Bidania,337
2020-11-23,Miramon,183
2020-11-23,Zegama,135
2020-11-24,Arrasate,153
2020-11-24,Berastegi,149
2020-11-24,Bidania,143
2020-11-24,Miramon,185
2020-11-24,Zegama,135
2020-11-25,Arrasate,96
2020-11-25,Berastegi,161
2020-11-25,Bidania,163
2020-11-25,Miramon,181
2020-11-25,Zegama,127
2020-11-26,Arrasate,99
2020-11-26,Berastegi,172
2020-11-26,Bidania,153
2020-11-26,Miramon,156
2020-11-26,Zegama,131
2020-11-27,Arrasate,105
2020-11-27,Berastegi,164
2020-11-27,Bidania,144
2020-11-27,Miramon,190
2020-11-27,Zegama,138
2020-11-28,Arrasate,97
2020-11-28,Berastegi,159
2020-11-28,Bidania,153
2020-11-28,Miramon,168
2020-11-28,Zegama,132
2020-11-29,Arrasate,133
2020-11-29,Berastegi,138
2020-11-29,Bidania,141
2020-11-29,Miramon,183
2020-11-29,Zegama,139
2020-11-30,Arrasate,23
2020-11-30,Berastegi,298
2020-11-30,Bidania,325
2020-11-30,Miramon,202
2020-11-30,Zegama,143
2020-12-01,Arrasate,222
2020-12-01,Berastegi,315
2020-12-01,Bidania,327
2020-12-01,Miramon,247
2020-12-01,Zegama,334
2020-12-02,Arrasate,36
2020-12-02,Berastegi,307
2020-12-02,Bidania,358
2020-12-02,Miramon,167
2020-12-02,Zegama,328
2020-12-03,Arrasate,133
2020-12-03,Berastegi,194
2020-12-03,Bidania,207
2020-12-03,Miramon,198
2020-12-03,Zegama,187
2020-12-04,Arrasate,150
2020-12-04,Berastegi,301
2020-12-04,Bidania,283
2020-12-04,Miramon,256
2020-12-04,Zegama,121
2020-12-05,Arrasate,160
2020-12-05,Berastegi,261
2020-12-05,Bidania,275
2020-12-05,Miramon,210
2020-12-05,Zegama,232
2020-12-06,Arrasate,153
2020-12-06,Berastegi,269
2020-12-06,Bidania,303
2020-12-06,Miramon,215
2020-12-06,Zegama,297
2020-12-07,Arrasate,153
2020-12-07,Berastegi,347
2020-12-07,Bidania,273
2020-12-07,Miramon,246
2020-12-07,Zegama,123
2020-12-08,Berastegi,313
2020-12-08,Bidania,307
2020-12-08,Miramon,275
2020-12-08,Zegama,1
2020-12-09,Berastegi,258
2020-12-09,Bidania,311
2020-12-09,Miramon,211
2020-12-09,Zegama,243
2020-12-10,Arrasate,205
2020-12-10,Berastegi,316
2020-12-10,Bidania,286
2020-12-10,Miramon,258
2020-12-10,Zegama,218
2020-12-11,Berastegi,305
2020-12-11,Bidania,297
2020-12-11,Miramon,268
2020-12-11,Zegama,326
2020-12-12,Arrasate,205
2020-12-12,Berastegi,309
2020-12-12,Bidania,313
2020-12-12,Miramon,282
2020-12-12,Zegama,322
2020-12-13,Arrasate,142
2020-12-13,Berastegi,143
2020-12-13,Bidania,173
2020-12-13,Miramon,183
2020-12-13,Zegama,212
2020-12-14,Arrasate,117
2020-12-14,Berastegi,146
2020-12-14,Bidania,167
2020-12-14,Miramon,186
2020-12-14,Zegama,160
2020-12-15,Arrasate,125
2020-12-15,Berastegi,157
2020-12-15,Bidania,189
2020-12-15,Miramon,188
2020-12-15,Zegama,180
2020-12-16,Arrasate,94
2020-12-16,Berastegi,148
2020-12-16,Bidania,148
2020-12-16,Miramon,172
2020-12-16,Zegama,129
2020-12-17,Arrasate,170
2020-12-17,Berastegi,165
2020-12-17,Bidania,153
2020-12-17,Miramon,174
2020-12-17,Zegama,128
2020-12-18,Arrasate,149
2020-12-18,Berastegi,148
2020-12-18,Bidania,159
2020-12-18,Miramon,177
2020-12-18,Zegama,131
2020-12-19,Arrasate,175
2020-12-19,Berastegi,145
2020-12-19,Bidania,167
2020-12-19,Miramon,196
2020-12-19,Zegama,148
2020-12-20,Arrasate,128
2020-12-20,Berastegi,174
2020-12-20,Bidania,154
2020-12-20,Miramon,184
2020-12-20,Zegama,210
2020-12-21,Arrasate,162
2020-12-21,Berastegi,150
2020-12-21,Bidania,142
2020-12-21,Miramon,183
2020-12-21,Zegama,231
2020-12-22,Arrasate,156
2020-12-22,Berastegi,140
2020-12-22,Bidania,158
2020-12-22,Miramon,183
2020-12-22,Zegama,167
2020-12-23,Arrasate,155
2020-12-23,Berastegi,128
2020-12-23,Bidania,212
2020-12-23,Miramon,221
2020-12-23,Zegama,153
2020-12-24,Arrasate,229
2020-12-24,Berastegi,285
2020-12-24,Bidania,309
2020-12-24,Miramon,266
2020-12-24,Zegama,331
2020-12-25,Arrasate,264
2020-12-25,Berastegi,317
2020-12-25,Bidania,344
2020-12-25,Miramon,38
2020-12-25,Zegama,320
2020-12-26,Arrasate,61
2020-12-26,Berastegi,312
2020-12-26,Bidania,358
2020-12-26,Miramon,173
2020-12-26,Zegama,318
2020-12-27,Arrasate,141
2020-12-27,Berastegi,169
2020-12-27,Bidania,180
2020-12-27,Miramon,194
2020-12-27,Zegama,176
2020-12-28,Arrasate,159
2020-12-28,Berastegi,351
2020-12-28,Bidania,281
2020-12-28,Miramon,251
2020-12-28,Zegama,88
2020-12-29,Arrasate,171
2020-12-29,Berastegi,287
2020-12-29,Bidania,287
2020-12-29,Miramon,239
2020-12-29,Zegama,47
2020-12-30,Berastegi,277
2020-12-30,Bidania,300
2020-12-30,Miramon,220
2020-12-30,Zegama,238
2020-12-31,Arrasate,147
2020-12-31,Berastegi,184
2020-12-31,Bidania,221
2020-12-31,Miramon,213
2020-12-31,Zegama,176
2021-01-01,Arrasate,162
2021-01-01,Berastegi,285
2021-01-01,Bidania,297
2021-01-01,Miramon,234
2021-01-01,Zegama,305
2021-01-02,Berastegi,328
2021-01-02,Bidania,338
2021-01-02,Miramon,118
2021-01-02,Zegama,317
2021-01-03,Berastegi,253
2021-01-03,Bidania,308
2021-01-03,Miramon,197
2021-01-03,Zegama,146
2021-01-04,Arrasate,187
2021-01-04,Berastegi,329
2021-01-04,Bidania,295
2021-01-04,Miramon,206
2021-01-04,Zegama,173
2021-01-05,Berastegi,185
2021-01-05,Bidania,329
2021-01-05,Miramon,157
2021-01-05,Zegama,299
2021-01-06,Arrasate,141
2021-01-06,Berastegi,164
2021-01-06,Bidania,141
2021-01-06,Miramon,175
2021-01-06,Zegama,143
2021-01-07,Berastegi,279
2021-01-07,Bidania,323
2021-01-07,Miramon,169
2021-01-07,Zegama,337
2021-01-08,Arrasate,337
2021-01-08,Berastegi,237
2021-01-08,Bidania,28
2021-01-08,Miramon,86
2021-01-08,Zegama,311
2021-01-09,Arrasate,42
2021-01-09,Berastegi,326
2021-01-09,Bidania,11
2021-01-09,Miramon,80
2021-01-09,Zegama,321
2021-01-10,Arrasate,268
2021-01-10,Berastegi,333
2021-01-10,Bidania,332
2021-01-10,Miramon,160
2021-01-11,Arrasate,247
2021-01-11,Berastegi,328
2021-01-11,Bidania,337
2021-01-11,Miramon,15
2021-01-11,Zegama,328
2021-01-12,Arrasate,133
2021-01-12,Berastegi,183
2021-01-12,Bidania,335
2021-01-12,Miramon,179
2021-01-12,Zegama,322
2021-01-13,Arrasate,146
2021-01-13,Berastegi,206
2021-01-13,Bidania,320
2021-01-13,Miramon,199
2021-01-13,Zegama,297
2021-01-14,Arrasate,208
2021-01-14,Berastegi,297
2021-01-14,Bidania,320
2021-01-14,Miramon,233
2021-01-14,Zegama,324
2021-01-15,Arrasate,233
2021-01-15,Berastegi,336
2021-01-15,Bidania,323
2021-01-15,Miramon,317
2021-01-15,Zegama,325
2021-01-16,Arrasate,162
2021-01-16,Berastegi,353
2021-01-16,Bidania,330
2021-01-16,Miramon,175
2021-01-16,Zegama,282
2021-01-17,Berastegi,324
2021-01-17,Bidania,321
2021-01-17,Miramon,193
2021-01-17,Zegama,348
2021-01-18,Arrasate,105
2021-01-18,Berastegi,315
2021-01-18,Bidania,349
2021-01-18,Miramon,158
2021-01-18,Zegama,135
2021-01-19,Arrasate,137
2021-01-19,Berastegi,142
2021-01-19,Bidania,160
2021-01-19,Miramon,177
2021-01-19,Zegama,166
2021-01-20,Arrasate,100
2021-01-20,Berastegi,152
2021-01-20,Bidania,160
2021-01-20,Miramon,168
2021-01-20,Zegama,129
2021-01-21,Arrasate,128
2021-01-21,Berastegi,170
2021-01-21,Bidania,195
2021-01-21,Miramon,194
2021-01-21,Zegama,143
2021-01-22,Arrasate,164
2021-01-22,Berastegi,248
2021-01-22,Bidania,276
2021-01-22,Miramon,251
2021-01-22,Zegama,90
2021-01-23,Arrasate,134
2021-01-23,Berastegi,168
2021-01-23,Bidania,233
2021-01-23,Miramon,232
2021-01-23,Zegama,127
2021-01-24,Arrasate,215
2021-01-24,Berastegi,311
2021-01-24,Bidania,302
2021-01-24,Miramon,263
2021-01-24,Zegama,37
2021-01-25,Berastegi,312
2021-01-25,Bidania,316
2021-01-25,Miramon,193
2021-01-26,Arrasate,178
2021-01-26,Berastegi,186
2021-01-26,Bidania,140
2021-01-26,Miramon,177
2021-01-26,Zegama,138
2021-01-27,Berastegi,337
2021-01-27,Bidania,314
2021-01-27,Miramon,276
2021-01-28,Arrasate,128
2021-01-28,Berastegi,176
2021-01-28,Bidania,178
2021-01-28,Miramon,178
2021-01-28,Zegama,223
2021-01-29,Arrasate,125
2021-01-29,Berastegi,212
2021-01-29,Bidania,278
2021-01-29,Miramon,178
2021-01-29,Zegama,195
2021-01-30,Arrasate,155
2021-01-30,Berastegi,240
2021-01-30,Bidania,279
2021-01-30,Miramon,253
2021-01-30,Zegama,127
2021-01-31,Arrasate,177
2021-01-31,Berastegi,292
2021-01-31,Bidania,294
2021-01-31,Miramon,268
2021-01-31,Zegama,254
2021-02-01,Arrasate,205
2021-02-01,Berastegi,308
2021-02-01,Bidania,303
2021-02-01,Miramon,281
2021-02-01,Zegama,309
2021-02-02,Arrasate,125
2021-02-02,Berastegi,165
2021-02-02,Bidania,168
2021-02-02,Miramon,184
2021-02-02,Zegama,222
2021-02-03,Arrasate,128
2021-02-03,Berastegi,146
2021-02-03,Bidania,185
2021-02-03,Miramon,185
2021-02-03,Zegama,130
2021-02-04,Arrasate,142
2021-02-04,Berastegi,133
2021-02-04,Bidania,154
2021-02-04,Miramon,230
2021-02-04,Zegama,151
2021-02-05,Arrasate,333
2021-02-05,Berastegi,319
2021-02-05,Bidania,328
2021-02-05,Miramon,288
2021-02-05,Zegama,336
2021-02-06,Arrasate,201
2021-02-06,Berastegi,316
2021-02-06,Miramon,302
2021-02-07,Arrasate,130
2021-02-07,Berastegi,162
2021-02-07,Bidania,289
2021-02-07,Miramon,203
2021-02-07,Zegama,232
2021-02-08,Arrasate,149
2021-02-08,Berastegi,147
2021-02-08,Bidania,254
2021-02-08,Miramon,211
2021-02-08,Zegama,163
2021-02-09,Arrasate,119
2021-02-09,Berastegi,149
2021-02-09,Bidania,174
2021-02-09,Miramon,189
2021-02-09,Zegama,155
2021-02-10,Arrasate,130
2021-02-10,Berastegi,292
2021-02-10,Bidania,286
2021-02-10,Miramon,250
2021-02-10,Zegama,144
2021-02-11,Arrasate,142
2021-02-11,Berastegi,163
2021-02-11,Bidania,155
2021-02-11,Miramon,182
2021-02-11,Zegama,218
2021-02-12,Arrasate,204
2021-02-12,Berastegi,307
2021-02-12,Bidania,303
2021-02-12,Miramon,280
2021-02-12,Zegama,335
2021-02-13,Arrasate,163
2021-02-13,Berastegi,302
2021-02-13,Bidania,310
2021-02-13,Miramon,192
2021-02-13,Zegama,137
2021-02-14,Arrasate,93
2021-02-14,Berastegi,153
2021-02-14,Bidania,166
2021-02-14,Miramon,173
2021-02-14,Zegama,121
2021-02-15,Arrasate,101
2021-02-15,Berastegi,156
2021-02-15,Bidania,156
2021-02-15,Miramon,178
2021-02-15,Zegama,127
2021-02-16,Arrasate,126
2021-02-16,Berastegi,154
2021-02-16,Bidania,162
2021-02-16,Miramon,180
2021-02-16,Zegama,142
2021-02-17,Arrasate,118
2021-02-17,Berastegi,147
2021-02-17,Bidania,162
2021-02-17,Miramon,180
2021-02-17,Zegama,140
2021-02-18,Arrasate,124
2021-02-18,Berastegi,139
2021-02-18,Bidania,177
2021-02-18,Miramon,208
2021-02-18,Zegama,126
2021-02-19,Arrasate,110
2021-02-19,Berastegi,145
2021-02-19,Bidania,162
2021-02-19,Miramon,173
2021-02-19,Zegama,137
2021-02-20,Arrasate,84
2021-02-20,Berastegi,157
2021-02-20,Bidania,162
2021-02-20,Miramon,162
2021-02-20,Zegama,131
2021-02-21,Arrasate,89
2021-02-21,Berastegi,167
2021-02-21,Bidania,160
2021-02-21,Miramon,159
2021-02-21,Zegama,133
2021-02-22,Berastegi,338
2021-02-22,Bidania,316
2021-02-22,Miramon,211
2021-02-23,Arrasate,88
2021-02-23,Berastegi,151
2021-02-23,Bidania,163
2021-02-23,Miramon,161
2021-02-23,Zegama,143
2021-02-24,Arrasate,98
2021-02-24,Berastegi,137
2021-02-24,Bidania,161
2021-02-24,Miramon,171
2021-02-24,Zegama,124
2021-02-25,Arrasate,97
2021-02-25,Berastegi,166
2021-02-25,Bidania,160
2021-02-25,Miramon,194
2021-02-25,Zegama,123
2021-02-26,Arrasate,312
2021-02-26,Berastegi,332
2021-02-26,Bidania,352
2021-02-26,Miramon,1
2021-02-26,Zegama,339
2021-02-27,Arrasate,281
2021-02-27,Berastegi,321
2021-02-27,Bidania,322
2021-02-27,Miramon,311
2021-02-27,Zegama,348
2021-02-28,Arrasate,72
2021-02-28,Berastegi,182
2021-02-28,Bidania,136
2021-02-28,Miramon,160
2021-02-28,Zegama,135
2021-03-01,Arrasate,88
2021-03-01,Berastegi,141
2021-03-01,Bidania,158
2021-03-01,Miramon,159
2021-03-01,Zegama,134
2021-03-02,Arrasate,88
2021-03-02,Berastegi,150
2021-03-02,Bidania,164
2021-03-02,Miramon,164
2021-03-02,Zegama,130
2021-03-03,Arrasate,131
2021-03-03,Berastegi,142
2021-03-03,Bidania,143
2021-03-03,Miramon,201
2021-03-03,Zegama,129
2021-03-04,Arrasate,118
2021-03-04,Berastegi,145
2021-03-04,Bidania,135
2021-03-04,Miramon,231
2021-03-04,Zegama,129
2021-03-05,Arrasate,247
2021-03-05,Berastegi,317
2021-03-05,Bidania,317
2021-03-05,Miramon,263
2021-03-05,Zegama,358
2021-03-06,Arrasate,9
2021-03-06,Berastegi,337
2021-03-06,Bidania,320
2021-03-06,Miramon,14
2021-03-06,Zegama,332
2021-03-07,Arrasate,322
2021-03-07,Berastegi,333
2021-03-07,Bidania,328
2021-03-07,Miramon,238
2021-03-08,Arrasate,234
2021-03-08,Berastegi,329
2021-03-08,Bidania,323
2021-03-08,Miramon,305
2021-03-08,Zegama,330
2021-03-09,Arrasate,240
2021-03-09,Berastegi,332
2021-03-09,Bidania,322
2021-03-09,Miramon,327
2021-03-09,Zegama,335
2021-03-10,Arrasate,126
2021-03-10,Berastegi,293
2021-03-10,Bidania,174
2021-03-10,Miramon,186
2021-03-10,Zegama,154
2021-03-11,Arrasate,146
2021-03-11,Berastegi,278
2021-03-11,Bidania,253
2021-03-11,Miramon,227
2021-03-11,Zegama,237
2021-03-12,Arrasate,221
2021-03-12,Berastegi,309
2021-03-12,Bidania,311
2021-03-12,Miramon,254
2021-03-12,Zegama,340
2021-03-13,Arrasate,226
2021-03-13,Berastegi,315
2021-03-13,Bidania,301
2021-03-13,Miramon,252
2021-03-13,Zegama,355
2021-03-14,Arrasate,204
2021-03-14,Berastegi,323
2021-03-14,Bidania,316
2021-03-14,Miramon,293
2021-03-14,Zegama,326
2021-03-15,Arrasate,232
2021-03-15,Berastegi,329
2021-03-15,Bidania,321
2021-03-15,Miramon,283
2021-03-15,Zegama,331
2021-03-16,Arrasate,251
2021-03-16,Berastegi,319
2021-03-16,Bidania,331
2021-03-16,Miramon,323
2021-03-16,Zegama,329
2021-03-17,Arrasate,254
2021-03-17,Berastegi,315
2021-03-17,Bidania,326
2021-03-17,Miramon,336
2021-03-17,Zegama,335
2021-03-18,Arrasate,248
2021-03-18,Berastegi,313
2021-03-18,Bidania,344
2021-03-18,Miramon,358
2021-03-18,Zegama,330
2021-03-19,Arrasate,271
2021-03-19,Berastegi,309
2021-03-19,Bidania,333
2021-03-19,Miramon,14
2021-03-20,Arrasate,267
2021-03-20,Berastegi,307
2021-03-20,Bidania,334
2021-03-20,Miramon,0
2021-03-20,Zegama,336
2021-03-21,Arrasate,253
2021-03-21,Berastegi,325
2021-03-21,Bidania,327
2021-03-21,Miramon,334
2021-03-21,Zegama,334
2021-03-22,Arrasate,285
2021-03-22,Berastegi,313
2021-03-22,Bidania,336
2021-03-22,Miramon,354
2021-03-22,Zegama,337
2021-03-23,Arrasate,223
2021-03-23,Berastegi,300
2021-03-23,Bidania,329
2021-03-23,Miramon,203
2021-03-23,Zegama,50
2021-03-24,Arrasate,263
2021-03-24,Berastegi,329
2021-03-24,Bidania,311
2021-03-24,Miramon,243
2021-03-24,Zegama,5
2021-03-25,Arrasate,209
2021-03-25,Berastegi,306
2021-03-25,Bidania,332
2021-03-25,Miramon,287
2021-03-25,Zegama,327
2021-03-26,Arrasate,282
2021-03-26,Berastegi,320
2021-03-26,Bidania,320
2021-03-26,Miramon,256
2021-03-26,Zegama,335
2021-03-27,Arrasate,59
2021-03-27,Berastegi,303
2021-03-27,Bidania,1
2021-03-27,Miramon,1
2021-03-27,Zegama,317
2021-03-28,Arrasate,105
2021-03-28,Berastegi,146
2021-03-28,Bidania,144
2021-03-28,Miramon,146
2021-03-28,Zegama,122
2021-03-29,Arrasate,94
2021-03-29,Berastegi,150
2021-03-29,Bidania,146
2021-03-29,Miramon,161
2021-03-29,Zegama,129
2021-03-30,Arrasate,93
2021-03-30,Berastegi,151
2021-03-30,Bidania,162
2021-03-30,Miramon,167
2021-03-30,Zegama,129
2021-03-31,Arrasate,94
2021-03-31,Berastegi,144
2021-03-31,Bidania,156
2021-03-31,Miramon,164
2021-03-31,Zegama,128
2021-04-01,Arrasate,102
2021-04-01,Berastegi,144
2021-04-01,Bidania,141
2021-04-01,Miramon,157
2021-04-01,Zegama,129
2021-04-02,Arrasate,286
2021-04-02,Berastegi,336
2021-04-02,Bidania,327
2021-04-02,Miramon,287
2021-04-02,Zegama,13
2021-04-03,Arrasate,236
2021-04-03,Berastegi,337
2021-04-03,Bidania,321
2021-04-03,Miramon,285
2021-04-03,Zegama,328
2021-04-04,Arrasate,257
2021-04-04,Berastegi,315
2021-04-04,Bidania,316
2021-04-04,Miramon,273
2021-04-04,Zegama,340
2021-04-05,Arrasate,273
2021-04-05,Berastegi,317
2021-04-05,Bidania,314
2021-04-05,Miramon,269
2021-04-05,Zegama,358
2021-04-06,Arrasate,331
2021-04-06,Berastegi,322
2021-04-06,Bidania,338
2021-04-06,Miramon,331
2021-04-06,Zegama,338
2021-04-07,Arrasate,350
2021-04-07,Berastegi,355
2021-04-07,Bidania,56
2021-04-07,Miramon,57
2021-04-07,Zegama,328
2021-04-08,Arrasate,121
2021-04-08,Berastegi,144
2021-04-08,Bidania,157
2021-04-08,Miramon,176
2021-04-08,Zegama,132
2021-04-09,Arrasate,93
2021-04-09,Berastegi,151
2021-04-09,Bidania,161
2021-04-09,Miramon,171
2021-04-09,Zegama,126
2021-04-10,Arrasate,104
2021-04-10,Berastegi,144
2021-04-10,Bidania,164
2021-04-10,Miramon,184
2021-04-10,Zegama,128
2021-04-11,Arrasate,233
2021-04-11,Berastegi,330
2021-04-11,Bidania,325
2021-04-11,Miramon,326
2021-04-11,Zegama,330
2021-04-12,Arrasate,348
2021-04-12,Berastegi,308
2021-04-12,Bidania,342
2021-04-12,Miramon,2
2021-04-12,Zegama,353
2021-04-13,Arrasate,36
2021-04-13,Berastegi,310
2021-04-13,Bidania,316
2021-04-13,Miramon,98
2021-04-13,Zegama,44
2021-04-14,Arrasate,318
2021-04-14,Berastegi,315
2021-04-14,Bidania,356
2021-04-14,Miramon,262
2021-04-14,Zegama,11
2021-04-15,Arrasate,298
2021-04-15,Berastegi,318
2021-04-15,Bidania,328
2021-04-15,Miramon,274
2021-04-15,Zegama,4
2021-04-16,Arrasate,264
2021-04-16,Berastegi,312
2021-04-16,Bidania,330
2021-04-16,Miramon,333
2021-04-16,Zegama,340
2021-04-17,Arrasate,266
2021-04-17,Berastegi,307
2021-04-17,Bidania,334
2021-04-17,Miramon,354
2021-04-17,Zegama,339
2021-04-18,Arrasate,40
2021-04-18,Berastegi,310
2021-04-18,Bidania,334
2021-04-18,Miramon,345
2021-04-18,Zegama,333
2021-04-19,Arrasate,274
2021-04-19,Berastegi,316
2021-04-19,Bidania,318
2021-04-19,Miramon,228
2021-04-19,Zegama,355
2021-04-20,Arrasate,244
2021-04-20,Berastegi,325
2021-04-20,Bidania,344
2021-04-20,Miramon,291
2021-04-20,Zegama,26
2021-04-21,Arrasate,55
2021-04-21,Berastegi,5
2021-04-21,Bidania,118
2021-04-21,Miramon,310
2021-04-21,Zegama,120
2021-04-22,Arrasate,91
2021-04-22,Berastegi,153
2021-04-22,Bidania,148
2021-04-22,Miramon,143
2021-04-22,Zegama,137
2021-04-23,Arrasate,92
2021-04-23,Berastegi,158
2021-04-23,Bidania,154
2021-04-23,Miramon,161
2021-04-23,Zegama,126
2021-04-24,Arrasate,90
2021-04-24,Berastegi,157
2021-04-24,Bidania,151
2021-04-24,Miramon,161
2021-04-24,Zegama,125
2021-04-25,Arrasate,97
2021-04-25,Berastegi,153
2021-04-25,Bidania,150
2021-04-25,Miramon,155
2021-04-25,Zegama,126
2021-04-26,Arrasate,113
2021-04-26,Berastegi,134
2021-04-26,Bidania,155
2021-04-26,Miramon,256
2021-04-26,Zegama,123
2021-04-27,Berastegi,323
2021-04-27,Bidania,317
2021-04-27,Miramon,280
2021-04-27,Zegama,57
2021-04-28,Arrasate,238
2021-04-28,Berastegi,322
2021-04-28,Bidania,318
2021-04-28,Miramon,277
2021-04-28,Zegama,12
2021-04-29,Arrasate,335
2021-04-29,Berastegi,327
2021-04-29,Bidania,328
2021-04-29,Miramon,306
2021-04-30,Arrasate,289
2021-04-30,Berastegi,322
2021-04-30,Bidania,319
2021-04-30,Miramon,249
2021-04-30,Zegama,4
2021-05-01,Arrasate,236
2021-05-01,Berastegi,336
2021-05-01,Bidania,319
2021-05-01,Miramon,254
2021-05-01,Zegama,329
2021-05-02,Arrasate,278
2021-05-02,Berastegi,323
2021-05-02,Bidania,20
2021-05-02,Miramon,306
2021-05-02,Zegama,348
2021-05-03,Arrasate,124
2021-05-03,Berastegi,322
2021-05-03,Bidania,145
2021-05-03,Miramon,189
2021-05-03,Zegama,129
2021-05-04,Berastegi,326
2021-05-04,Bidania,313
2021-05-04,Miramon,252
2021-05-04,Zegama,74
2021-05-05,Arrasate,343
2021-05-05,Berastegi,315
2021-05-05,Bidania,316
2021-05-05,Miramon,279
2021-05-05,Zegama,335
2021-05-06,Arrasate,340
2021-05-06,Berastegi,344
2021-05-06,Bidania,323
2021-05-06,Miramon,251
2021-05-06,Zegama,4
2021-05-07,Arrasate,340
2021-05-07,Berastegi,312
2021-05-07,Bidania,320
2021-05-07,Miramon,310
2021-05-07,Zegama,337
2021-05-08,Arrasate,161
2021-05-08,Berastegi,161
2021-05-08,Bidania,156
2021-05-08,Miramon,168
2021-05-08,Zegama,121
2021-05-09,Arrasate,160
2021-05-09,Berastegi,160
2021-05-09,Bidania,160
2021-05-09,Miramon,184
2021-05-09,Zegama,126
2021-05-10,Arrasate,236
2021-05-10,Berastegi,251
2021-05-10,Bidania,230
2021-05-10,Miramon,243
2021-05-10,Zegama,183
2021-05-11,Arrasate,343
2021-05-11,Berastegi,324
2021-05-11,Bidania,313
2021-05-11,Miramon,284
2021-05-11,Zegama,334
2021-05-12,Arrasate,252
2021-05-12,Berastegi,208
2021-05-12,Bidania,260
2021-05-12,Miramon,248
2021-05-12,Zegama,155
2021-05-13,Arrasate,272
2021-05-13,Berastegi,246
2021-05-13,Bidania,272
2021-05-13,Miramon,220
2021-05-13,Zegama,229
2021-05-14,Arrasate,338
2021-05-14,Berastegi,317
2021-05-14,Bidania,310
2021-05-14,Miramon,295
2021-05-14,Zegama,346
2021-05-15,Arrasate,212
2021-05-15,Berastegi,343
2021-05-15,Bidania,350
2021-05-15,Miramon,197
2021-05-15,Zegama,145
2021-05-16,Arrasate,350
2021-05-16,Berastegi,307
2021-05-16,Bidania,295
2021-05-16,Miramon,220
2021-05-16,Zegama,128
2021-05-17,Arrasate,339
2021-05-17,Berastegi,324
2021-05-17,Bidania,310
2021-05-17,Miramon,287
2021-05-17,Zegama,336
2021-05-18,Arrasate,326
2021-05-18,Berastegi,154
2021-05-18,Bidania,260
2021-05-18,Miramon,231
2021-05-18,Zegama,130
2021-05-19,Arrasate,337
2021-05-19,Berastegi,322
2021-05-19,Bidania,317
2021-05-19,Miramon,285
2021-05-19,Zegama,337
2021-05-20,Arrasate,322
2021-05-20,Berastegi,331
2021-05-20,Bidania,298
2021-05-20,Miramon,212
2021-05-20,Zegama,6
2021-05-21,Arrasate,340
2021-05-21,Berastegi,312
2021-05-21,Bidania,317
2021-05-21,Miramon,208
2021-05-21,Zegama,17
2021-05-22,Arrasate,345
2021-05-22,Berastegi,324
2021-05-22,Bidania,319
2021-05-22,Miramon,212
2021-05-22,Zegama,347
2021-05-23,Arrasate,338
2021-05-23,Berastegi,316
2021-05-23,Bidania,132
2021-05-23,Miramon,204
2021-05-23,Zegama,76
2021-05-24,Arrasate,322
2021-05-24,Berastegi,337
2021-05-24,Bidania,311
2021-05-24,Miramon,261
2021-05-24,Zegama,318
2021-05-25,Arrasate,350
2021-05-25,Berastegi,322
2021-05-25,Bidania,315
2021-05-25,Miramon,262
2021-05-25,Zegama,19
2021-05-26,Arrasate,334
2021-05-26,Berastegi,312
2021-05-26,Bidania,305
2021-05-26,Miramon,250
2021-05-26,Zegama,340
2021-05-27,Arrasate,19
2021-05-27,Berastegi,329
2021-05-27,Bidania,337
2021-05-27,Miramon,270
2021-05-27,Zegama,343
2021-05-28,Arrasate,320
2021-05-28,Berastegi,327
2021-05-28,Bidania,333
2021-05-28,Miramon,285
2021-05-28,Zegama,335
2021-05-29,Arrasate,337
2021-05-29,Berastegi,327
2021-05-29,Bidania,322
2021-05-29,Miramon,313
2021-05-29,Zegama,344
2021-05-30,Arrasate,328
2021-05-30,Berastegi,309
2021-05-30,Bidania,323
2021-05-30,Miramon,312
2021-05-30,Zegama,349
2021-05-31,Arrasate,88
2021-05-31,Berastegi,120
2021-05-31,Bidania,142
2021-05-31,Miramon,253
2021-05-31,Zegama,118
2021-06-01,Arrasate,177
2021-06-01,Berastegi,143
2021-06-01,Bidania,156
2021-06-01,Miramon,197
2021-06-01,Zegama,138
2021-06-02,Arrasate,344
2021-06-02,Berastegi,326
2021-06-02,Bidania,349
2021-06-02,Miramon,329
2021-06-02,Zegama,100
2021-06-03,Arrasate,345
2021-06-03,Berastegi,333
2021-06-03,Bidania,317
2021-06-03,Miramon,282
2021-06-04,Berastegi,322
2021-06-04,Bidania,319
2021-06-04,Miramon,261
2021-06-05,Arrasate,3
2021-06-05,Berastegi,344
2021-06-05,Bidania,9
2021-06-05,Miramon,360
2021-06-05,Zegama,336
2021-06-06,Arrasate,18
2021-06-06,Berastegi,314
2021-06-06,Bidania,330
2021-06-06,Miramon,293
2021-06-06,Zegama,341
2021-06-07,Arrasate,15
2021-06-07,Berastegi,324
2021-06-07,Bidania,80
2021-06-07,Miramon,275
2021-06-07,Zegama,342
2021-06-08,Arrasate,328
2021-06-08,Berastegi,317
2021-06-08,Bidania,306
2021-06-08,Miramon,277
2021-06-08,Zegama,352
2021-06-09,Arrasate,350
2021-06-09,Bidania,316
2021-06-09,Miramon,294
2021-06-09,Zegama,351
2021-06-10,Arrasate,53
2021-06-10,Berastegi,315
2021-06-10,Bidania,331
2021-06-10,Miramon,301
2021-06-10,Zegama,351
2021-06-11,Arrasate,352
2021-06-11,Bidania,325
2021-06-11,Miramon,277
2021-06-11,Zegama,350
2021-06-12,Arrasate,320
2021-06-12,Bidania,325
2021-06-12,Miramon,313
2021-06-12,Zegama,334
2021-06-13,Arrasate,49
2021-06-13,Bidania,131
2021-06-13,Miramon,272
2021-06-13,Zegama,134
2021-06-14,Arrasate,346
2021-06-14,Bidania,334
2021-06-14,Miramon,304
2021-06-14,Zegama,359
2021-06-15,Arrasate,328
2021-06-15,Bidania,325
2021-06-15,Miramon,289
2021-06-15,Zegama,340
2021-06-16,Arrasate,190
2021-06-16,Bidania,146
2021-06-16,Miramon,196
2021-06-16,Zegama,147
2021-06-17,Arrasate,350
2021-06-17,Bidania,3
2021-06-17,Miramon,299
2021-06-17,Zegama,134
2021-06-18,Arrasate,3
2021-06-18,Bidania,348
2021-06-18,Miramon,317
2021-06-18,Zegama,16
2021-06-19,Arrasate,305
2021-06-19,Bidania,183
2021-06-19,Miramon,301
2021-06-19,Zegama,109
2021-06-20,Arrasate,219
2021-06-20,Bidania,178
2021-06-20,Miramon,204
2021-06-20,Zegama,145
2021-06-21,Arrasate,208
2021-06-21,Bidania,218
2021-06-21,Miramon,224
2021-06-21,Zegama,166
2021-06-22,Arrasate,297
2021-06-22,Bidania,301
2021-06-22,Miramon,245
2021-06-22,Zegama,347
2021-06-23,Arrasate,292
2021-06-23,Bidania,309
2021-06-23,Miramon,246
2021-06-23,Zegama,346
2021-06-24,Arrasate,10
2021-06-24,Bidania,317
2021-06-24,Miramon,276
2021-06-24,Zegama,346
2021-06-25,Arrasate,338
2021-06-25,Bidania,318
2021-06-25,Miramon,2
2021-06-25,Zegama,351
2021-06-26,Arrasate,359
2021-06-26,Bidania,321
2021-06-26,Miramon,301
2021-06-26,Zegama,350
2021-06-27,Arrasate,353
2021-06-27,Bidania,315
2021-06-27,Miramon,237
2021-06-27,Zegama,12
2021-06-28,Arrasate,333
2021-06-28,Bidania,311
2021-06-28,Miramon,241
2021-06-28,Zegama,354
2021-06-29,Arrasate,340
2021-06-29,Bidania,315
2021-06-29,Miramon,269
2021-06-29,Zegama,344
2021-06-30,Arrasate,354
2021-06-30,Bidania,333
2021-06-30,Miramon,321
2021-06-30,Zegama,348
2021-07-01,Arrasate,354
2021-07-01,Bidania,325
2021-07-01,Miramon,298
2021-07-01,Zegama,342
2021-07-02,Arrasate,360
2021-07-02,Bidania,311
2021-07-02,Miramon,317
2021-07-02,Zegama,334
2021-07-03,Arrasate,344
2021-07-03,Bidania,334
2021-07-03,Miramon,329
2021-07-03,Zegama,344
2021-07-04,Arrasate,353
2021-07-04,Bidania,336
2021-07-04,Miramon,339
2021-07-04,Zegama,327
2021-07-05,Arrasate,232
2021-07-05,Bidania,184
2021-07-05,Miramon,273
2021-07-05,Zegama,133
2021-07-06,Arrasate,356
2021-07-06,Bidania,319
2021-07-06,Miramon,305
2021-07-07,Arrasate,334
2021-07-07,Bidania,316
2021-07-07,Miramon,262
2021-07-07,Zegama,328
2021-07-08,Arrasate,358
2021-07-08,Bidania,323
2021-07-08,Miramon,279
2021-07-08,Zegama,335
2021-07-09,Arrasate,329
2021-07-09,Bidania,308
2021-07-09,Miramon,311
2021-07-09,Zegama,349
2021-07-10,Arrasate,356
2021-07-10,Bidania,318
2021-07-10,Miramon,304
2021-07-10,Zegama,340
2021-07-11,Arrasate,357
2021-07-11,Bidania,308
2021-07-11,Miramon,268
2021-07-11,Zegama,344
2021-07-12,Arrasate,317
2021-07-12,Bidania,311
2021-07-12,Miramon,262
2021-07-12,Zegama,333
2021-07-13,Arrasate,309
2021-07-13,Bidania,311
2021-07-13,Miramon,279
2021-07-13,Zegama,326
2021-07-14,Arrasate,307
2021-07-14,Bidania,315
2021-07-14,Miramon,278
2021-07-14,Zegama,324
2021-07-15,Arrasate,13
2021-07-15,Bidania,322
2021-07-15,Miramon,318
2021-07-15,Zegama,333
2021-07-16,Arrasate,6
2021-07-16,Bidania,28
2021-07-16,Miramon,317
2021-07-16,Zegama,328
2021-07-17,Arrasate,352
2021-07-17,Bidania,64
2021-07-17,Miramon,299
2021-07-17,Zegama,347
2021-07-18,Arrasate,330
2021-07-18,Bidania,319
2021-07-18,Miramon,251
2021-07-18,Zegama,8
2021-07-19,Arrasate,340
2021-07-19,Bidania,332
2021-07-19,Miramon,272
2021-07-19,Zegama,353
2021-07-20,Arrasate,331
2021-07-20,Bidania,325
2021-07-20,Miramon,249
2021-07-20,Zegama,343
2021-07-21,Arrasate,337
2021-07-21,Bidania,321
2021-07-21,Miramon,323
2021-07-21,Zegama,337
2021-07-22,Arrasate,354
2021-07-22,Bidania,326
2021-07-22,Miramon,310
2021-07-22,Zegama,333
2021-07-23,Arrasate,345
2021-07-23,Bidania,316
2021-07-23,Miramon,276
2021-07-23,Zegama,31
2021-07-24,Arrasate,343
2021-07-24,Bidania,330
2021-07-24,Miramon,219
2021-07-24,Zegama,351
2021-07-25,Arrasate,5
2021-07-25,Bidania,317
2021-07-25,Miramon,248
2021-07-25,Zegama,344
2021-07-26,Arrasate,338
2021-07-26,Bidania,325
2021-07-26,Miramon,283
2021-07-26,Zegama,1
2021-07-27,Arrasate,338
2021-07-27,Bidania,319
2021-07-27,Miramon,250
2021-07-27,Zegama,2
2021-07-28,Arrasate,354
2021-07-28,Bidania,331
2021-07-28,Miramon,308
2021-07-28,Zegama,339
2021-07-29,Arrasate,5
2021-07-29,Bidania,314
2021-07-29,Miramon,249
2021-07-29,Zegama,353
2021-07-30,Arrasate,351
2021-07-30,Bidania,321
2021-07-30,Miramon,329
2021-07-30,Zegama,348
2021-07-31,Arrasate,324
2021-07-31,Bidania,315
2021-07-31,Miramon,273
2021-07-31,Zegama,328
2021-08-01,Arrasate,354
2021-08-01,Bidania,318
2021-08-01,Miramon,238
2021-08-01,Zegama,341
2021-08-02,Arrasate,351
2021-08-02,Bidania,336
2021-08-02,Miramon,243
2021-08-02,Zegama,6
2021-08-03,Arrasate,352
2021-08-03,Bidania,311
2021-08-03,Miramon,194
2021-08-03,Zegama,10
2021-08-04,Arrasate,343
2021-08-04,Bidania,312
2021-08-04,Miramon,253
2021-08-04,Zegama,322
2021-08-05,Arrasate,325
2021-08-05,Bidania,314
2021-08-05,Miramon,224
2021-08-05,Zegama,4
2021-08-06,Arrasate,339
2021-08-06,Bidania,323
2021-08-06,Miramon,290
2021-08-06,Zegama,341
2021-08-07,Arrasate,350
2021-08-07,Bidania,315
2021-08-07,Miramon,242
2021-08-07,Zegama,332
2021-08-08,Arrasate,342
2021-08-08,Bidania,359
2021-08-08,Miramon,274
2021-08-08,Zegama,360
2021-08-09,Arrasate,342
2021-08-09,Bidania,340
2021-08-09,Miramon,274
2021-08-09,Zegama,65
2021-08-10,Arrasate,337
2021-08-10,Bidania,319
2021-08-10,Miramon,254
2021-08-10,Zegama,349
2021-08-11,Arrasate,354
2021-08-11,Bidania,320
2021-08-11,Miramon,286
2021-08-11,Zegama,342
2021-08-12,Arrasate,342
2021-08-12,Bidania,321
2021-08-12,Miramon,291
2021-08-12,Zegama,341
2021-08-13,Arrasate,353
2021-08-13,Bidania,323
2021-08-13,Miramon,4
2021-08-13,Zegama,334
2021-08-14,Arrasate,345
2021-08-14,Bidania,318
2021-08-14,Miramon,286
2021-08-14,Zegama,341
2021-08-15,Arrasate,352
2021-08-15,Bidania,317
2021-08-15,Miramon,250
2021-08-16,Arrasate,334
2021-08-16,Bidania,321
2021-08-16,Miramon,294
2021-08-16,Zegama,336
2021-08-17,Arrasate,341
2021-08-17,Bidania,323
2021-08-17,Miramon,319
2021-08-17,Zegama,340
2021-08-18,Arrasate,344
2021-08-18,Bidania,324
2021-08-18,Miramon,356
2021-08-18,Zegama,337
2021-08-19,Arrasate,350
2021-08-19,Bidania,343
2021-08-19,Miramon,320
2021-08-19,Zegama,334
2021-08-20,Arrasate,120
2021-08-20,Bidania,149
2021-08-20,Miramon,282
2021-08-20,Zegama,121
2021-08-21,Arrasate,349
2021-08-21,Bidania,320
2021-08-21,Miramon,304
2021-08-21,Zegama,334
2021-08-22,Arrasate,13
2021-08-22,Bidania,318
2021-08-22,Miramon,306
2021-08-22,Zegama,347
2021-08-23,Arrasate,0
2021-08-23,Bidania,329
2021-08-23,Miramon,345
2021-08-23,Zegama,334
2021-08-24,Arrasate,0
2021-08-24,Bidania,341
2021-08-24,Miramon,250
2021-08-24,Zegama,356
2021-08-25,Arrasate,342
2021-08-25,Bidania,320
2021-08-25,Miramon,218
2021-08-25,Zegama,339
2021-08-26,Arrasate,341
2021-08-26,Bidania,319
2021-08-26,Miramon,241
2021-08-26,Zegama,326
2021-08-27,Arrasate,8
2021-08-27,Bidania,334
2021-08-27,Miramon,210
2021-08-27,Zegama,344
2021-08-28,Arrasate,359
2021-08-28,Bidania,330
2021-08-28,Miramon,234
2021-08-28,Zegama,5
2021-08-29,Arrasate,350
2021-08-29,Bidania,349
2021-08-29,Miramon,228
2021-08-29,Zegama,1
2021-08-30,Arrasate,331
2021-08-30,Bidania,325
2021-08-30,Miramon,245
2021-08-30,Zegama,16
2021-08-31,Arrasate,345
2021-08-31,Bidania,321
2021-08-31,Miramon,212
2021-08-31,Zegama,354
2021-09-01,Arrasate,9
2021-09-01,Bidania,144
2021-09-01,Miramon,209
2021-09-01,Zegama,133
2021-09-02,Arrasate,132
2021-09-02,Bidania,147
2021-09-02,Miramon,166
2021-09-02,Zegama,139
2021-09-03,Arrasate,340
2021-09-03,Bidania,322
2021-09-03,Miramon,230
2021-09-03,Zegama,339
2021-09-04,Arrasate,8
2021-09-04,Bidania,311
2021-09-04,Miramon,277
2021-09-04,Zegama,337
2021-09-05,Arrasate,158
2021-09-05,Bidania,144
2021-09-05,Miramon,165
2021-09-05,Zegama,123
2021-09-06,Arrasate,181
2021-09-06,Bidania,133
2021-09-06,Miramon,167
2021-09-06,Zegama,133
2021-09-07,Arrasate,158
2021-09-07,Bidania,150
2021-09-07,Miramon,183
2021-09-07,Zegama,135
2021-09-08,Arrasate,304
2021-09-08,Bidania,322
2021-09-08,Miramon,309
2021-09-08,Zegama,104
2021-09-09,Arrasate,355
2021-09-09,Bidania,331
2021-09-09,Miramon,273
2021-09-09,Zegama,323
2021-09-10,Arrasate,349
2021-09-10,Bidania,317
2021-09-10,Miramon,252
2021-09-10,Zegama,348
2021-09-11,Arrasate,22
2021-09-11,Bidania,144
2021-09-11,Miramon,202
2021-09-11,Zegama,341
2021-09-12,Arrasate,163
2021-09-12,Bidania,148
2021-09-12,Miramon,174
2021-09-12,Zegama,150
2021-09-13,Arrasate,171
2021-09-13,Bidania,149
2021-09-13,Miramon,169
2021-09-13,Zegama,141
2021-09-14,Arrasate,199
2021-09-14,Bidania,154
2021-09-14,Miramon,231
2021-09-14,Zegama,143
2021-09-15,Arrasate,281
2021-09-15,Bidania,296
2021-09-15,Miramon,256
2021-09-15,Zegama,89
2021-09-16,Arrasate,315
2021-09-16,Bidania,314
2021-09-16,Miramon,258
2021-09-16,Zegama,355
2021-09-17,Arrasate,324
2021-09-17,Bidania,289
2021-09-17,Miramon,221
2021-09-17,Zegama,27
2021-09-18,Arrasate,358
2021-09-18,Bidania,313
2021-09-18,Miramon,245
2021-09-18,Zegama,332
2021-09-19,Arrasate,344
2021-09-19,Bidania,317
2021-09-19,Miramon,218
2021-09-19,Zegama,356
2021-09-20,Arrasate,348
2021-09-20,Bidania,317
2021-09-20,Miramon,275
2021-09-20,Zegama,322
2021-09-21,Arrasate,345
2021-09-21,Bidania,334
2021-09-21,Miramon,218
2021-09-21,Zegama,326
2021-09-22,Arrasate,359
2021-09-22,Bidania,336
2021-09-22,Miramon,192
2021-09-22,Zegama,340
2021-09-23,Arrasate,15
2021-09-23,Bidania,76
2021-09-23,Miramon,202
2021-09-23,Zegama,340
2021-09-24,Arrasate,180
2021-09-24,Bidania,146
2021-09-24,Miramon,173
2021-09-24,Zegama,132
2021-09-25,Arrasate,201
2021-09-25,Bidania,172
2021-09-25,Miramon,197
2021-09-25,Zegama,150
2021-09-26,Arrasate,175
2021-09-26,Bidania,160
2021-09-26,Miramon,190
2021-09-26,Zegama,154
2021-09-27,Arrasate,283
2021-09-27,Bidania,269
2021-09-27,Miramon,239
2021-09-27,Zegama,210
2021-09-28,Arrasate,348
2021-09-28,Bidania,318
2021-09-28,Miramon,243
2021-09-28,Zegama,339
2021-09-29,Arrasate,323
2021-09-29,Bidania,325
2021-09-29,Miramon,210
2021-09-29,Zegama,336
2021-09-30,Arrasate,345
2021-09-30,Bidania,303
2021-09-30,Miramon,132
2021-09-30,Zegama,286
2021-10-01,Arrasate,352
2021-10-01,Bidania,322
2021-10-01,Miramon,181
2021-10-01,Zegama,126
2021-10-02,Arrasate,202
2021-10-02,Bidania,158
2021-10-02,Miramon,183
2021-10-02,Zegama,141
2021-10-03,Arrasate,285
2021-10-03,Bidania,266
2021-10-03,Miramon,226
2021-10-03,Zegama,55
2021-10-04,Arrasate,341
2021-10-04,Bidania,325
2021-10-04,Miramon,199
2021-10-04,Zegama,209
2021-10-05,Arrasate,265
2021-10-05,Bidania,284
2021-10-05,Miramon,217
2021-10-05,Zegama,244
2021-10-06,Arrasate,3
2021-10-06,Bidania,312
2021-10-06,Miramon,201
2021-10-06,Zegama,336
2021-10-07,Arrasate,337
2021-10-07,Bidania,87
2021-10-07,Miramon,208
2021-10-07,Zegama,30
2021-10-08,Arrasate,340
2021-10-08,Bidania,318
2021-10-08,Miramon,195
2021-10-08,Zegama,26
2021-10-09,Arrasate,352
2021-10-09,Bidania,317
2021-10-09,Miramon,205
2021-10-09,Zegama,347
2021-10-10,Arrasate,11
2021-10-10,Bidania,315
2021-10-10,Miramon,293
2021-10-10,Zegama,337
2021-10-11,Arrasate,355
2021-10-11,Bidania,318
2021-10-11,Miramon,192
2021-10-11,Zegama,342
2021-10-12,Arrasate,333
2021-10-12,Bidania,325
2021-10-12,Miramon,196
2021-10-12,Zegama,346
2021-10-13,Arrasate,343
2021-10-13,Bidania,349
2021-10-13,Miramon,118
2021-10-13,Zegama,315
2021-10-14,Arrasate,185
2021-10-14,Bidania,147
2021-10-14,Miramon,175
2021-10-14,Zegama,131
2021-10-15,Arrasate,357
2021-10-15,Bidania,342
2021-10-15,Miramon,234
2021-10-15,Zegama,116
2021-10-16,Arrasate,198
2021-10-16,Bidania,143
2021-10-16,Miramon,160
2021-10-16,Zegama,128
2021-10-17,Arrasate,225
2021-10-17,Bidania,153
2021-10-17,Miramon,186
2021-10-17,Zegama,170
2021-10-18,Arrasate,238
2021-10-18,Bidania,150
2021-10-18,Miramon,185
2021-10-18,Zegama,151
2021-10-19,Arrasate,192
2021-10-19,Bidania,154
2021-10-19,Miramon,177
2021-10-19,Zegama,121
2021-10-20,Arrasate,183
2021-10-20,Bidania,165
2021-10-20,Miramon,197
2021-10-20,Zegama,130
2021-10-21,Arrasate,341
2021-10-21,Bidania,311
2021-10-21,Miramon,262
2021-10-21,Zegama,337
2021-10-22,Arrasate,353
2021-10-22,Bidania,324
2021-10-22,Miramon,200
2021-10-23,Arrasate,198
2021-10-23,Bidania,146
2021-10-23,Miramon,167
2021-10-23,Zegama,128
2021-10-24,Arrasate,208
2021-10-24,Bidania,137
2021-10-24,Miramon,189
2021-10-24,Zegama,137
2021-10-25,Arrasate,333
2021-10-25,Bidania,305
2021-10-25,Miramon,193
2021-10-25,Zegama,8
2021-10-26,Arrasate,6
2021-10-26,Bidania,352
2021-10-26,Miramon,187
2021-10-26,Zegama,199
2021-10-27,Arrasate,251
2021-10-27,Bidania,149
2021-10-27,Miramon,181
2021-10-27,Zegama,134
2021-10-28,Arrasate,161
2021-10-28,Bidania,155
2021-10-28,Miramon,178
2021-10-28,Zegama,127
2021-10-29,Arrasate,165
2021-10-29,Bidania,158
2021-10-29,Miramon,179
2021-10-29,Zegama,134
2021-10-30,Arrasate,170
2021-10-30,Bidania,159
2021-10-30,Miramon,182
2021-10-31,Arrasate,224
2021-10-31,Bidania,181
2021-10-31,Miramon,211
2021-10-31,Zegama,170
2021-11-01,Arrasate,10
2021-11-01,Bidania,305
2021-11-01,Miramon,230
2021-11-01,Zegama,105
2021-11-02,Arrasate,226
2021-11-02,Bidania,251
2021-11-02,Miramon,215
2021-11-02,Zegama,152
2021-11-03,Arrasate,272
2021-11-03,Bidania,302
2021-11-03,Miramon,226
2021-11-03,Zegama,308
2021-11-04,Arrasate,285
2021-11-04,Bidania,317
2021-11-04,Miramon,226
2021-11-04,Zegama,339
2021-11-05,Arrasate,354
2021-11-05,Bidania,348
2021-11-05,Miramon,187
2021-11-05,Zegama,315
2021-11-06,Arrasate,25
2021-11-06,Bidania,333
2021-11-06,Miramon,154
2021-11-06,Zegama,331
2021-11-07,Arrasate,314
2021-11-07,Bidania,324
2021-11-07,Miramon,226
2021-11-07,Zegama,328
2021-11-08,Arrasate,337
2021-11-08,Bidania,324
2021-11-08,Miramon,324
2021-11-08,Zegama,326
2021-11-09,Arrasate,345
2021-11-09,Bidania,332
2021-11-09,Miramon,119
2021-11-09,Zegama,335
2021-11-10,Arrasate,320
2021-11-10,Bidania,320
2021-11-10,Miramon,185
2021-11-10,Zegama,263
2021-11-11,Arrasate,96
2021-11-11,Bidania,329
2021-11-11,Miramon,170
2021-11-11,Zegama,307
2021-11-12,Arrasate,346
2021-11-12,Bidania,316
2021-11-12,Miramon,216
2021-11-12,Zegama,326
2021-11-13,Arrasate,331
2021-11-13,Bidania,316
2021-11-13,Miramon,253
2021-11-13,Zegama,325
2021-11-14,Arrasate,322
2021-11-14,Bidania,325
2021-11-14,Miramon,311
2021-11-14,Zegama,323
2021-11-15,Arrasate,347
2021-11-15,Bidania,336
2021-11-15,Miramon,238
2021-11-15,Zegama,327
2021-11-16,Arrasate,25
2021-11-16,Bidania,334
2021-11-16,Miramon,147
2021-11-17,Arrasate,20
2021-11-17,Bidania,16
2021-11-17,Miramon,102
2021-11-17,Zegama,318
2021-11-18,Arrasate,30
2021-11-18,Bidania,78
2021-11-18,Miramon,95
2021-11-18,Zegama,320
2021-11-19,Arrasate,152
2021-11-19,Bidania,137
2021-11-19,Miramon,162
2021-11-19,Zegama,138
2021-11-20,Arrasate,212
2021-11-20,Bidania,152
2021-11-20,Miramon,174
2021-11-20,Zegama,125
2021-11-21,Arrasate,301
2021-11-21,Bidania,322
2021-11-21,Miramon,221
2021-11-21,Zegama,57
2021-11-22,Arrasate,330
2021-11-22,Bidania,332
2021-11-22,Miramon,231
2021-11-22,Zegama,317
2021-11-23,Arrasate,357
2021-11-23,Bidania,323
2021-11-23,Miramon,58
2021-11-24,Arrasate,310
2021-11-24,Bidania,311
2021-11-24,Miramon,206
2021-11-24,Zegama,323
2021-11-25,Arrasate,304
2021-11-25,Bidania,317
2021-11-25,Miramon,315
2021-11-25,Zegama,327
2021-11-26,Arrasate,320
2021-11-26,Bidania,317
2021-11-26,Miramon,266
2021-11-26,Zegama,313
2021-11-27,Arrasate,294
2021-11-27,Bidania,310
2021-11-27,Miramon,301
2021-11-27,Zegama,314
2021-11-28,Arrasate,298
2021-11-28,Bidania,322
2021-11-28,Miramon,319
2021-11-29,Arrasate,31
2021-11-29,Bidania,328
2021-11-29,Miramon,284
2021-11-30,Arrasate,226
2021-11-30,Bidania,335
2021-11-30,Miramon,181
2021-12-01,Arrasate,293
2021-12-01,Bidania,285
2021-12-01,Miramon,213
2021-12-01,Zegama,249
2021-12-02,Arrasate,315
2021-12-02,Bidania,319
2021-12-02,Miramon,311
2021-12-02,Zegama,321
2021-12-03,Arrasate,341
2021-12-03,Bidania,319
2021-12-03,Miramon,187
2021-12-04,Arrasate,281
2021-12-04,Bidania,287
2021-12-04,Miramon,262
2021-12-04,Zegama,241
2021-12-05,Arrasate,300
2021-12-05,Bidania,315
2021-12-05,Miramon,299
2021-12-05,Zegama,326
2021-12-06,Arrasate,311
2021-12-06,Bidania,318
2021-12-06,Miramon,287
2021-12-07,Arrasate,236
2021-12-07,Bidania,187
2021-12-07,Miramon,202
2021-12-07,Zegama,169
2021-12-08,Arrasate,267
2021-12-08,Bidania,290
2021-12-08,Miramon,253
2021-12-08,Zegama,345
2021-12-09,Arrasate,217
2021-12-09,Bidania,298
2021-12-09,Miramon,269
2021-12-09,Zegama,252
2021-12-10,Arrasate,306
2021-12-10,Bidania,315
2021-12-10,Miramon,293
2021-12-10,Zegama,328
2021-12-11,Arrasate,329
2021-12-11,Bidania,323
2021-12-11,Miramon,293
2021-12-12,Arrasate,192
2021-12-12,Bidania,135
2021-12-12,Miramon,175
2021-12-12,Zegama,158
2021-12-13,Arrasate,253
2021-12-13,Bidania,138
2021-12-13,Miramon,192
2021-12-13,Zegama,147
2021-12-14,Arrasate,301
2021-12-14,Bidania,162
2021-12-14,Miramon,178
2021-12-14,Zegama,136
2021-12-15,Arrasate,230
2021-12-15,Bidania,120
2021-12-15,Miramon,185
2021-12-15,Zegama,133
2021-12-16,Arrasate,239
2021-12-16,Bidania,152
2021-12-16,Miramon,183
2021-12-16,Zegama,141
2021-12-17,Arrasate,218
2021-12-17,Bidania,141
2021-12-17,Miramon,170
2021-12-17,Zegama,134
2021-12-18,Arrasate,181
2021-12-18,Bidania,145
2021-12-18,Miramon,187
2021-12-18,Zegama,135
2021-12-19,Arrasate,253
2021-12-19,Bidania,145
2021-12-19,Miramon,189
2021-12-19,Zegama,137
2021-12-20,Arrasate,221
2021-12-20,Bidania,147
2021-12-20,Miramon,187
2021-12-20,Zegama,133
2021-12-21,Arrasate,275
2021-12-21,Bidania,154
2021-12-21,Miramon,192
2021-12-21,Zegama,234
2021-12-22,Arrasate,272
2021-12-22,Bidania,155
2021-12-22,Miramon,192
2021-12-22,Zegama,136
2021-12-23,Arrasate,274
2021-12-23,Bidania,165
2021-12-23,Miramon,176
2021-12-23,Zegama,147
2021-12-24,Arrasate,182
2021-12-24,Bidania,165
2021-12-24,Miramon,189
2021-12-24,Zegama,134
2021-12-25,Arrasate,214
2021-12-25,Bidania,186
2021-12-25,Miramon,192
2021-12-25,Zegama,216
2021-12-26,Arrasate,217
2021-12-26,Bidania,164
2021-12-26,Miramon,183
2021-12-26,Zegama,200
2021-12-27,Arrasate,209
2021-12-27,Bidania,198
2021-12-27,Miramon,201
2021-12-27,Zegama,136
2021-12-28,Arrasate,190
2021-12-28,Bidania,228
2021-12-28,Miramon,209
2021-12-28,Zegama,216
2021-12-29,Arrasate,251
2021-12-29,Bidania,134
2021-12-29,Miramon,185
2021-12-29,Zegama,232
2021-12-30,Arrasate,245
2021-12-30,Bidania,139
2021-12-30,Miramon,182
2021-12-30,Zegama,136
2021-12-31,Arrasate,244
2021-12-31,Bidania,157
2021-12-31,Miramon,188
2021-12-31,Zegama,201
2022-01-01,Arrasate,263
2022-01-01,Bidania,159
2022-01-01,Miramon,188
2022-01-01,Zegama,184
2022-01-02,Arrasate,255
2022-01-02,Bidania,243
2022-01-02,Miramon,152
2022-01-02,Zegama,143
2022-01-03,Arrasate,201
2022-01-03,Bidania,183
2022-01-03,Miramon,184
2022-01-03,Zegama,197
2022-01-04,Arrasate,268
2022-01-04,Bidania,240
2022-01-04,Miramon,251
2022-01-04,Zegama,148
2022-01-05,Arrasate,300
2022-01-05,Bidania,324
2022-01-05,Miramon,308
2022-01-05,Zegama,328
2022-01-06,Arrasate,65
2022-01-06,Bidania,74
2022-01-06,Miramon,161
2022-01-06,Zegama,320
2022-01-07,Arrasate,323
2022-01-07,Bidania,316
2022-01-07,Miramon,264
2022-01-07,Zegama,322
2022-01-08,Arrasate,256
2022-01-08,Bidania,274
2022-01-08,Miramon,238
2022-01-08,Zegama,180
2022-01-09,Arrasate,305
2022-01-09,Bidania,314
2022-01-09,Miramon,280
2022-01-10,Arrasate,309
2022-01-10,Bidania,323
2022-01-10,Miramon,301
2022-01-10,Zegama,332
2022-01-11,Arrasate,2
2022-01-11,Bidania,335
2022-01-11,Miramon,13
2022-01-12,Arrasate,20
2022-01-12,Bidania,321
2022-01-12,Miramon,216
2022-01-12,Zegama,342
2022-01-13,Arrasate,187
2022-01-13,Bidania,143
2022-01-13,Miramon,173
2022-01-13,Zegama,134
2022-01-14,Arrasate,190
2022-01-14,Bidania,142
2022-01-14,Miramon,185
2022-01-14,Zegama,141
2022-01-15,Arrasate,172
2022-01-15,Bidania,142
2022-01-15,Miramon,192
2022-01-15,Zegama,140
2022-01-16,Arrasate,183
2022-01-16,Bidania,322
2022-01-16,Miramon,182
2022-01-16,Zegama,136
2022-01-17,Arrasate,321
2022-01-17,Bidania,7
2022-01-17,Miramon,194
2022-01-17,Zegama,50
2022-01-18,Arrasate,216
2022-01-18,Bidania,328
2022-01-18,Miramon,182
2022-01-18,Zegama,144
2022-01-19,Arrasate,255
2022-01-19,Bidania,325
2022-01-19,Miramon,206
2022-01-19,Zegama,338
2022-01-20,Arrasate,346
2022-01-20,Bidania,338
2022-01-20,Miramon,345
2022-01-20,Zegama,333
2022-01-21,Arrasate,1
2022-01-21,Bidania,350
2022-01-21,Miramon,44
2022-01-21,Zegama,334
2022-01-22,Arrasate,344
2022-01-22,Bidania,336
2022-01-22,Miramon,191
2022-01-22,Zegama,314
2022-01-23,Arrasate,186
2022-01-23,Bidania,137
2022-01-23,Miramon,159
2022-01-23,Zegama,125
2022-01-24,Arrasate,199
2022-01-24,Bidania,141
2022-01-24,Miramon,186
2022-01-24,Zegama,125
2022-01-25,Arrasate,161
2022-01-25,Bidania,138
2022-01-25,Miramon,188
2022-01-25,Zegama,137
2022-01-26,Arrasate,222
2022-01-26,Bidania,152
2022-01-26,Miramon,195
2022-01-26,Zegama,144
2022-01-27,Arrasate,3
2022-01-27,Bidania,329
2022-01-27,Miramon,203
2022-01-27,Zegama,321
2022-01-28,Arrasate,4
2022-01-28,Bidania,328
2022-01-28,Miramon,260
2022-01-28,Zegama,313
2022-01-29,Arrasate,135
2022-01-29,Bidania,343
2022-01-29,Miramon,221
2022-01-29,Zegama,234
2022-01-30,Arrasate,136
2022-01-30,Bidania,350
2022-01-30,Miramon,175
2022-01-30,Zegama,287
2022-01-31,Arrasate,332
2022-01-31,Bidania,326
2022-01-31,Miramon,312
2022-01-31,Zegama,329
2022-02-01,Arrasate,334
2022-02-01,Bidania,336
2022-02-01,Miramon,336
2022-02-01,Zegama,335
2022-02-02,Arrasate,198
2022-02-02,Bidania,151
2022-02-02,Miramon,176
2022-02-02,Zegama,138
2022-02-03,Arrasate,165
2022-02-03,Bidania,323
2022-02-03,Miramon,187
2022-02-03,Zegama,141
2022-02-04,Arrasate,312
2022-02-04,Bidania,319
2022-02-04,Miramon,202
2022-02-04,Zegama,339
2022-02-05,Arrasate,345
2022-02-05,Bidania,341
2022-02-05,Miramon,38
2022-02-05,Zegama,337
2022-02-06,Arrasate,324
2022-02-06,Bidania,319
2022-02-06,Miramon,190
2022-02-06,Zegama,320
2022-02-07,Arrasate,349
2022-02-07,Bidania,336
2022-02-07,Miramon,232
2022-02-08,Arrasate,229
2022-02-08,Bidania,146
2022-02-08,Miramon,186
2022-02-08,Zegama,130
2022-02-09,Arrasate,234
2022-02-09,Bidania,146
2022-02-09,Miramon,190
2022-02-09,Zegama,131
2022-02-10,Arrasate,164
2022-02-10,Bidania,125
2022-02-10,Miramon,203
2022-02-10,Zegama,140
2022-02-11,Arrasate,12
2022-02-11,Bidania,8
2022-02-11,Miramon,21
2022-02-12,Arrasate,248
2022-02-12,Bidania,145
2022-02-12,Miramon,191
2022-02-12,Zegama,138
2022-02-13,Arrasate,205
2022-02-13,Bidania,172
2022-02-13,Miramon,186
2022-02-13,Zegama,142
2022-02-14,Arrasate,280
2022-02-14,Bidania,293
2022-02-14,Miramon,255
2022-02-14,Zegama,346
2022-02-15,Arrasate,323
2022-02-15,Bidania,310
2022-02-15,Miramon,244
2022-02-15,Zegama,338
2022-02-16,Arrasate,292
2022-02-16,Bidania,286
2022-02-16,Miramon,205
2022-02-16,Zegama,336
2022-02-17,Arrasate,148
2022-02-17,Bidania,293
2022-02-17,Miramon,279
2022-02-17,Zegama,180
2022-02-18,Arrasate,293
2022-02-18,Bidania,287
2022-02-18,Miramon,263
2022-02-18,Zegama,280
2022-02-19,Arrasate,326
2022-02-19,Bidania,331
2022-02-19,Miramon,248
2022-02-19,Zegama,327
2022-02-20,Arrasate,46
2022-02-20,Bidania,316
2022-02-20,Miramon,188
2022-02-21,Arrasate,315
2022-02-21,Bidania,315
2022-02-21,Miramon,285
2022-02-21,Zegama,334
2022-02-22,Arrasate,330
2022-02-22,Bidania,319
2022-02-22,Miramon,200
2022-02-22,Zegama,302
2022-02-23,Arrasate,285
2022-02-23,Bidania,144
2022-02-23,Miramon,190
2022-02-23,Zegama,113
2022-02-24,Arrasate,332
2022-02-24,Bidania,327
2022-02-24,Miramon,269
2022-02-24,Zegama,338
2022-02-25,Arrasate,8
2022-02-25,Bidania,43
2022-02-25,Miramon,43
2022-02-25,Zegama,319
2022-02-26,Arrasate,150
2022-02-26,Bidania,158
2022-02-26,Miramon,161
2022-02-26,Zegama,130
2022-02-27,Arrasate,236
2022-02-27,Bidania,154
2022-02-27,Miramon,207
2022-02-27,Zegama,125
2022-02-28,Arrasate,246
2022-02-28,Bidania,149
2022-02-28,Miramon,179
2022-02-28,Zegama,135
2022-03-01,Arrasate,205
2022-03-01,Bidania,166
2022-03-01,Miramon,169
2022-03-01,Zegama,156
2022-03-02,Arrasate,296
2022-03-02,Bidania,244
2022-03-02,Miramon,230
2022-03-02,Zegama,193
2022-03-03,Arrasate,299
2022-03-03,Bidania,320
2022-03-03,Miramon,253
2022-03-03,Zegama,331
2022-03-04,Arrasate,333
2022-03-04,Bidania,322
2022-03-04,Miramon,315
2022-03-05,Arrasate,354
2022-03-05,Bidania,325
2022-03-05,Miramon,316
2022-03-05,Zegama,319
2022-03-06,Arrasate,18
2022-03-06,Bidania,336
2022-03-06,Miramon,236
2022-03-06,Zegama,310
2022-03-07,Arrasate,147
2022-03-07,Bidania,154
2022-03-07,Miramon,161
2022-03-07,Zegama,117
2022-03-08,Arrasate,176
2022-03-08,Bidania,156
2022-03-08,Miramon,175
2022-03-08,Zegama,162
2022-03-09,Arrasate,173
2022-03-09,Bidania,162
2022-03-09,Miramon,173
2022-03-09,Zegama,142
2022-03-10,Arrasate,154
2022-03-10,Bidania,162
2022-03-10,Miramon,173
2022-03-10,Zegama,127
2022-03-11,Arrasate,178
2022-03-11,Bidania,168
2022-03-11,Miramon,170
2022-03-11,Zegama,120
2022-03-12,Arrasate,214
2022-03-12,Bidania,172
2022-03-12,Miramon,182
2022-03-12,Zegama,164
2022-03-13,Arrasate,211
2022-03-13,Bidania,180
2022-03-13,Miramon,276
2022-03-13,Zegama,142
2022-03-14,Arrasate,126
2022-03-14,Bidania,136
2022-03-14,Miramon,134
2022-03-14,Zegama,149
2022-03-15,Arrasate,172
2022-03-15,Bidania,162
2022-03-15,Miramon,168
2022-03-15,Zegama,133
2022-03-16,Arrasate,308
2022-03-16,Bidania,240
2022-03-16,Miramon,267
2022-03-16,Zegama,19
2022-03-17,Arrasate,327
2022-03-17,Bidania,332
2022-03-17,Miramon,330
2022-03-17,Zegama,327
2022-03-18,Arrasate,333
2022-03-18,Bidania,322
2022-03-18,Miramon,112
2022-03-19,Arrasate,152
2022-03-19,Bidania,163
2022-03-19,Miramon,163
2022-03-19,Zegama,135
2022-03-20,Arrasate,152
2022-03-20,Bidania,162
2022-03-20,Miramon,158
2022-03-20,Zegama,135
2022-03-21,Arrasate,144
2022-03-21,Bidania,146
2022-03-21,Miramon,149
2022-03-21,Zegama,134
2022-03-22,Arrasate,148
2022-03-22,Bidania,149
2022-03-22,Miramon,159
2022-03-22,Zegama,135
2022-03-23,Arrasate,156
2022-03-23,Bidania,159
2022-03-23,Miramon,172
2022-03-23,Zegama,125
2022-03-24,Arrasate,160
2022-03-24,Bidania,152
2022-03-24,Miramon,156
2022-03-24,Zegama,121
2022-03-25,Arrasate,160
2022-03-25,Bidania,143
2022-03-25,Miramon,142
2022-03-25,Zegama,128
2022-03-26,Arrasate,165
2022-03-26,Bidania,151
2022-03-26,Miramon,163
2022-03-26,Zegama,124
2022-03-27,Arrasate,168
2022-03-27,Bidania,160
2022-03-27,Miramon,168
2022-03-27,Zegama,132
2022-03-28,Arrasate,166
2022-03-28,Bidania,160
2022-03-28,Miramon,175
2022-03-28,Zegama,129
2022-03-29,Arrasate,314
2022-03-29,Bidania,323
2022-03-29,Miramon,297
2022-03-29,Zegama,67
2022-03-30,Arrasate,310
2022-03-30,Bidania,316
2022-03-30,Miramon,285
2022-03-31,Arrasate,306
2022-03-31,Bidania,319
2022-03-31,Miramon,294
2022-03-31,Zegama,329
2022-04-01,Arrasate,312
2022-04-01,Bidania,329
2022-04-01,Miramon,333
2022-04-01,Zegama,320
2022-04-02,Arrasate,339
2022-04-02,Bidania,331
2022-04-02,Miramon,341
2022-04-02,Zegama,310
2022-04-03,Arrasate,341
2022-04-03,Bidania,333
2022-04-03,Miramon,2
2022-04-03,Zegama,328
2022-04-04,Arrasate,9
2022-04-04,Bidania,346
2022-04-04,Miramon,349
2022-04-04,Zegama,330
2022-04-05,Arrasate,339
2022-04-05,Bidania,351
2022-04-05,Miramon,256
2022-04-05,Zegama,340
2022-04-06,Arrasate,314
2022-04-06,Bidania,318
2022-04-06,Miramon,214
2022-04-06,Zegama,355
2022-04-07,Arrasate,214
2022-04-07,Bidania,217
2022-04-07,Miramon,198
2022-04-07,Zegama,190
2022-04-08,Arrasate,218
2022-04-08,Bidania,251
2022-04-08,Miramon,236
2022-04-08,Zegama,225
2022-04-09,Arrasate,9
2022-04-09,Bidania,307
2022-04-09,Miramon,305
2022-04-09,Zegama,337
2022-04-10,Arrasate,152
2022-04-10,Bidania,156
2022-04-10,Miramon,164
2022-04-10,Zegama,126
2022-04-11,Arrasate,148
2022-04-11,Bidania,161
2022-04-11,Miramon,161
2022-04-11,Zegama,133
2022-04-12,Arrasate,189
2022-04-12,Bidania,168
2022-04-12,Miramon,183
2022-04-12,Zegama,141
2022-04-13,Arrasate,314
2022-04-13,Bidania,322
2022-04-13,Miramon,280
2022-04-13,Zegama,343
2022-04-14,Arrasate,345
2022-04-14,Miramon,312
2022-04-14,Zegama,341
2022-04-15,Arrasate,329
2022-04-15,Bidania,330
2022-04-15,Miramon,300
2022-04-15,Zegama,359
2022-04-16,Arrasate,334
2022-04-16,Bidania,346
2022-04-16,Miramon,314
2022-04-16,Zegama,8
2022-04-17,Arrasate,318
2022-04-17,Bidania,319
2022-04-17,Miramon,266
2022-04-17,Zegama,356
2022-04-18,Arrasate,353
2022-04-18,Bidania,318
2022-04-18,Miramon,327
2022-04-18,Zegama,345
2022-04-19,Arrasate,334
2022-04-19,Bidania,326
2022-04-19,Miramon,324
2022-04-20,Arrasate,317
2022-04-20,Bidania,322
2022-04-20,Miramon,308
2022-04-20,Zegama,329
2022-04-21,Arrasate,313
2022-04-21,Bidania,313
2022-04-21,Miramon,274
2022-04-22,Arrasate,151
2022-04-22,Bidania,149
2022-04-22,Miramon,165
2022-04-22,Zegama,124
2022-04-23,Arrasate,212
2022-04-23,Bidania,232
2022-04-23,Miramon,239
2022-04-23,Zegama,165
2022-04-24,Arrasate,309
2022-04-24,Bidania,304
2022-04-24,Miramon,270
2022-04-24,Zegama,298
2022-04-25,Arrasate,8
2022-04-25,Bidania,114
2022-04-25,Miramon,348
2022-04-25,Zegama,3
2022-04-26,Arrasate,202
2022-04-26,Bidania,144
2022-04-26,Miramon,337
2022-04-26,Zegama,129
2022-04-27,Arrasate,356
2022-04-27,Bidania,330
2022-04-27,Miramon,280
2022-04-27,Zegama,347
2022-04-28,Arrasate,356
2022-04-28,Miramon,273
2022-04-29,Arrasate,34
2022-04-29,Bidania,327
2022-04-29,Miramon,313
2022-04-29,Zegama,331
2022-04-30,Arrasate,333
2022-04-30,Bidania,311
2022-04-30,Miramon,311
2022-04-30,Zegama,359
2022-05-01,Arrasate,334
2022-05-01,Bidania,316
2022-05-01,Miramon,289
2022-05-01,Zegama,360
2022-05-02,Arrasate,342
2022-05-02,Bidania,317
2022-05-02,Miramon,290
2022-05-02,Zegama,337
2022-05-03,Arrasate,327
2022-05-03,Bidania,316
2022-05-03,Miramon,272
2022-05-03,Zegama,329
2022-05-04,Arrasate,341
2022-05-04,Bidania,316
2022-05-04,Miramon,283
2022-05-04,Zegama,351
2022-05-05,Arrasate,348
2022-05-05,Bidania,316
2022-05-05,Miramon,282
2022-05-05,Zegama,348
2022-05-06,Arrasate,343
2022-05-06,Bidania,321
2022-05-06,Miramon,286
2022-05-06,Zegama,1
2022-05-07,Arrasate,340
2022-05-07,Bidania,359
2022-05-07,Miramon,267
2022-05-07,Zegama,348
2022-05-08,Arrasate,12
2022-05-08,Bidania,342
2022-05-08,Miramon,247
2022-05-08,Zegama,4
2022-05-09,Arrasate,312
2022-05-09,Bidania,136
2022-05-09,Miramon,222
2022-05-09,Zegama,114
2022-05-10,Arrasate,325
2022-05-10,Bidania,122
2022-05-10,Miramon,269
2022-05-10,Zegama,105
2022-05-11,Arrasate,356
2022-05-11,Bidania,128
2022-05-11,Miramon,305
2022-05-11,Zegama,106
2022-05-12,Arrasate,6
2022-05-12,Bidania,319
2022-05-12,Miramon,337
2022-05-12,Zegama,2
2022-05-13,Arrasate,4
2022-05-13,Bidania,319
2022-05-13,Miramon,332
2022-05-13,Zegama,333
2022-05-14,Arrasate,181
2022-05-14,Bidania,153
2022-05-14,Miramon,265
2022-05-14,Zegama,141
2022-05-15,Arrasate,206
2022-05-15,Bidania,154
2022-05-15,Miramon,176
2022-05-15,Zegama,132
2022-05-16,Arrasate,210
2022-05-16,Bidania,150
2022-05-16,Miramon,170
2022-05-16,Zegama,169
2022-05-17,Arrasate,197
2022-05-17,Bidania,238
2022-05-17,Miramon,204
2022-05-17,Zegama,140
2022-05-18,Arrasate,287
2022-05-18,Bidania,175
2022-05-18,Miramon,272
2022-05-18,Zegama,83
2022-05-19,Arrasate,334
2022-05-19,Bidania,296
2022-05-19,Miramon,316
2022-05-19,Zegama,87
2022-05-20,Arrasate,45
2022-05-20,Bidania,159
2022-05-20,Miramon,320
2022-05-20,Zegama,128
2022-05-21,Arrasate,293
2022-05-21,Bidania,138
2022-05-21,Miramon,338
2022-05-21,Zegama,126
2022-05-22,Arrasate,308
2022-05-22,Bidania,197
2022-05-22,Miramon,290
2022-05-22,Zegama,68
2022-05-23,Arrasate,347
2022-05-23,Bidania,317
2022-05-23,Miramon,278
2022-05-23,Zegama,323
2022-05-24,Arrasate,317
2022-05-24,Bidania,315
2022-05-24,Miramon,283
2022-05-24,Zegama,327
2022-05-25,Arrasate,326
2022-05-25,Bidania,320
2022-05-25,Miramon,314
2022-05-25,Zegama,331
2022-05-26,Arrasate,31
2022-05-26,Bidania,320
2022-05-26,Miramon,325
2022-05-27,Arrasate,1
2022-05-27,Bidania,326
2022-05-27,Miramon,341
2022-05-27,Zegama,333
2022-05-28,Arrasate,3
2022-05-28,Bidania,356
2022-05-28,Miramon,297
2022-05-28,Zegama,347
2022-05-29,Arrasate,3
2022-05-29,Bidania,359
2022-05-29,Miramon,263
2022-05-29,Zegama,8
2022-05-30,Arrasate,341
2022-05-30,Bidania,326
2022-05-30,Miramon,280
2022-05-30,Zegama,347
2022-05-31,Arrasate,35
2022-05-31,Bidania,334
2022-05-31,Miramon,294
2022-05-31,Zegama,341
2022-06-01,Arrasate,245
2022-06-01,Bidania,320
2022-06-01,Miramon,271
2022-06-01,Zegama,355
2022-06-02,Arrasate,335
2022-06-02,Bidania,323
2022-06-02,Miramon,302
2022-06-02,Zegama,338
2022-06-03,Arrasate,43
2022-06-03,Bidania,322
2022-06-03,Miramon,291
2022-06-03,Zegama,340
2022-06-04,Arrasate,333
2022-06-04,Miramon,262
2022-06-04,Zegama,347
2022-06-05,Arrasate,340
2022-06-05,Bidania,338
2022-06-05,Miramon,316
2022-06-05,Zegama,348
2022-06-06,Arrasate,355
2022-06-06,Bidania,310
2022-06-06,Miramon,235
2022-06-06,Zegama,344
2022-06-07,Arrasate,340
2022-06-07,Bidania,320
2022-06-07,Miramon,266
2022-06-07,Zegama,327
2022-06-08,Arrasate,326
2022-06-08,Bidania,313
2022-06-08,Miramon,257
2022-06-08,Zegama,331
2022-06-09,Arrasate,344
2022-06-09,Bidania,311
2022-06-09,Miramon,293
2022-06-09,Zegama,325
2022-06-10,Arrasate,335
2022-06-10,Bidania,330
2022-06-10,Miramon,270
2022-06-10,Zegama,337
2022-06-11,Arrasate,339
2022-06-11,Bidania,317
2022-06-11,Miramon,281
2022-06-11,Zegama,342
2022-06-12,Arrasate,355
2022-06-12,Bidania,311
2022-06-12,Miramon,281
2022-06-12,Zegama,357
2022-06-13,Arrasate,330
2022-06-13,Bidania,322
2022-06-13,Miramon,304
2022-06-13,Zegama,335
2022-06-14,Arrasate,29
2022-06-14,Bidania,130
2022-06-14,Miramon,277
2022-06-14,Zegama,123
2022-06-15,Arrasate,347
2022-06-15,Bidania,325
2022-06-15,Miramon,311
2022-06-15,Zegama,340
2022-06-16,Arrasate,358
2022-06-16,Bidania,124
2022-06-16,Miramon,298
2022-06-16,Zegama,331
2022-06-17,Arrasate,42
2022-06-17,Bidania,132
2022-06-17,Miramon,213
2022-06-17,Zegama,277
2022-06-18,Arrasate,138
2022-06-18,Bidania,142
2022-06-18,Miramon,201
2022-06-18,Zegama,118
2022-06-19,Arrasate,304
2022-06-19,Bidania,321
2022-06-19,Miramon,316
2022-06-19,Zegama,321
2022-06-20,Arrasate,352
2022-06-20,Bidania,306
2022-06-20,Miramon,303
2022-06-20,Zegama,338
2022-06-21,Arrasate,2
2022-06-21,Berastegi,335
2022-06-21,Bidania,334
2022-06-21,Miramon,307
2022-06-21,Zegama,346
2022-06-22,Arrasate,344
2022-06-22,Berastegi,320
2022-06-22,Bidania,321
2022-06-22,Miramon,302
2022-06-22,Zegama,326
2022-06-23,Arrasate,287
2022-06-23,Berastegi,314
2022-06-23,Bidania,314
2022-06-23,Miramon,266
2022-06-23,Zegama,29
2022-06-24,Arrasate,295
2022-06-24,Berastegi,302
2022-06-24,Bidania,191
2022-06-24,Miramon,327
2022-06-24,Zegama,88
2022-06-25,Arrasate,13
2022-06-25,Berastegi,314
2022-06-25,Miramon,255
2022-06-26,Arrasate,344
2022-06-26,Berastegi,312
2022-06-26,Bidania,322
2022-06-26,Miramon,305
2022-06-26,Zegama,329
2022-06-27,Arrasate,329
2022-06-27,Berastegi,322
2022-06-27,Miramon,266
2022-06-28,Arrasate,336
2022-06-28,Berastegi,293
2022-06-28,Bidania,306
2022-06-28,Miramon,298
2022-06-28,Zegama,345
2022-06-29,Arrasate,329
2022-06-29,Berastegi,324
2022-06-29,Bidania,319
2022-06-29,Miramon,290
2022-06-29,Zegama,3
2022-06-30,Arrasate,30
2022-06-30,Berastegi,333
2022-06-30,Miramon,199
2022-06-30,Zegama,338
2022-07-01,Arrasate,10
2022-07-01,Berastegi,299
2022-07-01,Bidania,113
2022-07-01,Miramon,79
2022-07-01,Zegama,357
2022-07-02,Arrasate,349
2022-07-02,Berastegi,315
2022-07-02,Bidania,317
2022-07-02,Miramon,278
2022-07-02,Zegama,12
2022-07-03,Arrasate,3
2022-07-03,Berastegi,317
2022-07-03,Bidania,335
2022-07-03,Miramon,331
2022-07-03,Zegama,345
2022-07-04,Arrasate,359
2022-07-04,Berastegi,318
2022-07-04,Miramon,251
2022-07-04,Zegama,340
2022-07-05,Arrasate,1
2022-07-05,Berastegi,307
2022-07-05,Bidania,324
2022-07-05,Miramon,295
2022-07-06,Arrasate,332
2022-07-06,Berastegi,316
2022-07-06,Bidania,315
2022-07-06,Miramon,279
2022-07-06,Zegama,319
2022-07-07,Arrasate,330
2022-07-07,Berastegi,309
2022-07-07,Bidania,314
2022-07-07,Miramon,292
2022-07-07,Zegama,345
2022-07-08,Arrasate,23
2022-07-08,Berastegi,300
2022-07-08,Bidania,321
2022-07-08,Miramon,280
2022-07-08,Zegama,328
2022-07-09,Arrasate,352
2022-07-09,Berastegi,317
2022-07-09,Bidania,330
2022-07-09,Miramon,221
2022-07-09,Zegama,3
2022-07-10,Arrasate,339
2022-07-10,Berastegi,313
2022-07-10,Bidania,343
2022-07-10,Miramon,211
2022-07-10,Zegama,354
2022-07-11,Arrasate,325
2022-07-11,Berastegi,310
2022-07-11,Bidania,326
2022-07-11,Miramon,210
2022-07-11,Zegama,355
2022-07-12,Arrasate,350
2022-07-12,Berastegi,330
2022-07-12,Bidania,68
2022-07-12,Miramon,201
2022-07-12,Zegama,7
2022-07-13,Arrasate,12
2022-07-13,Berastegi,288
2022-07-13,Bidania,320
2022-07-13,Miramon,183
2022-07-13,Zegama,7
2022-07-14,Arrasate,8
2022-07-14,Berastegi,296
2022-07-14,Bidania,328
2022-07-14,Miramon,204
2022-07-14,Zegama,18
2022-07-15,Arrasate,6
2022-07-15,Berastegi,316
2022-07-15,Bidania,12
2022-07-15,Miramon,223
2022-07-15,Zegama,357
2022-07-16,Arrasate,47
2022-07-16,Berastegi,327
2022-07-16,Bidania,148
2022-07-16,Miramon,206
2022-07-16,Zegama,66
2022-07-17,Arrasate,25
2022-07-17,Berastegi,321
2022-07-17,Bidania,143
2022-07-17,Miramon,188
2022-07-17,Zegama,48
2022-07-18,Arrasate,210
2022-07-18,Berastegi,128
2022-07-18,Bidania,136
2022-07-18,Miramon,236
2022-07-18,Zegama,126
2022-07-19,Arrasate,5
2022-07-19,Berastegi,317
2022-07-19,Bidania,321
2022-07-19,Miramon,335
2022-07-19,Zegama,355
2022-07-20,Arrasate,359
2022-07-20,Berastegi,312
2022-07-20,Bidania,321
2022-07-20,Miramon,305
2022-07-21,Arrasate,5
2022-07-21,Berastegi,305
2022-07-21,Bidania,324
2022-07-21,Miramon,323
2022-07-21,Zegama,339
2022-07-22,Arrasate,349
2022-07-22,Berastegi,313
2022-07-22,Miramon,294
2022-07-23,Arrasate,349
2022-07-23,Berastegi,299
2022-07-23,Bidania,318
2022-07-23,Miramon,337
2022-07-23,Zegama,336
2022-07-24,Arrasate,74
2022-07-24,Berastegi,330
2022-07-24,Bidania,274
2022-07-24,Miramon,269
2022-07-24,Zegama,359
2022-07-25,Arrasate,339
2022-07-25,Berastegi,320
2022-07-25,Bidania,319
2022-07-25,Miramon,300
2022-07-25,Zegama,334
2022-07-26,Arrasate,336
2022-07-26,Berastegi,316
2022-07-26,Bidania,319
2022-07-26,Miramon,344
2022-07-27,Arrasate,325
2022-07-27,Berastegi,307
2022-07-27,Bidania,347
2022-07-27,Miramon,347
2022-07-27,Zegama,340
2022-07-28,Arrasate,339
2022-07-28,Berastegi,320
2022-07-28,Bidania,316
2022-07-28,Miramon,271
2022-07-28,Zegama,349
2022-07-29,Arrasate,331
2022-07-29,Berastegi,325
2022-07-29,Bidania,319
2022-07-29,Miramon,235
2022-07-29,Zegama,351
2022-07-30,Arrasate,351
2022-07-30,Berastegi,326
2022-07-30,Bidania,317
2022-07-30,Miramon,321
2022-07-30,Zegama,346
2022-07-31,Arrasate,12
2022-07-31,Berastegi,309
2022-07-31,Bidania,334
2022-07-31,Miramon,350
2022-07-31,Zegama,338
2022-08-01,Arrasate,357
2022-08-01,Berastegi,292
2022-08-01,Bidania,322
2022-08-01,Miramon,324
2022-08-01,Zegama,331
2022-08-02,Arrasate,323
2022-08-02,Berastegi,316
2022-08-02,Bidania,335
2022-08-02,Miramon,256
2022-08-02,Zegama,333
2022-08-03,Arrasate,355
2022-08-03,Berastegi,321
2022-08-03,Bidania,334
2022-08-03,Miramon,281
2022-08-03,Zegama,327
2022-08-04,Arrasate,350
2022-08-04,Berastegi,318
2022-08-04,Bidania,318
2022-08-04,Miramon,283
2022-08-04,Zegama,340
2022-08-05,Arrasate,342
2022-08-05,Berastegi,314
2022-08-05,Bidania,314
2022-08-05,Miramon,289
2022-08-05,Zegama,336
2022-08-06,Arrasate,331
2022-08-06,Berastegi,301
2022-08-06,Bidania,314
2022-08-06,Miramon,264
2022-08-06,Zegama,354
2022-08-07,Arrasate,339
2022-08-07,Berastegi,304
2022-08-07,Bidania,325
2022-08-07,Miramon,219
2022-08-07,Zegama,4
2022-08-08,Arrasate,332
2022-08-08,Berastegi,309
2022-08-08,Bidania,341
2022-08-08,Miramon,234
2022-08-08,Zegama,351
2022-08-09,Arrasate,341
2022-08-09,Berastegi,302
2022-08-09,Bidania,343
2022-08-09,Miramon,244
2022-08-09,Zegama,353
2022-08-10,Arrasate,353
2022-08-10,Berastegi,235
2022-08-10,Bidania,119
2022-08-10,Miramon,178
2022-08-10,Zegama,126
2022-08-11,Arrasate,178
2022-08-11,Berastegi,134
2022-08-11,Bidania,137
2022-08-11,Miramon,273
2022-08-11,Zegama,133
2022-08-12,Arrasate,3
2022-08-12,Berastegi,318
2022-08-12,Bidania,330
2022-08-12,Miramon,311
2022-08-12,Zegama,342
2022-08-13,Arrasate,346
2022-08-13,Berastegi,314
2022-08-13,Bidania,322
2022-08-13,Miramon,298
2022-08-13,Zegama,323
2022-08-14,Arrasate,348
2022-08-14,Berastegi,332
2022-08-14,Bidania,321
2022-08-14,Miramon,283
2022-08-14,Zegama,341
2022-08-15,Arrasate,356
2022-08-15,Berastegi,314
2022-08-15,Bidania,332
2022-08-15,Miramon,227
2022-08-15,Zegama,328
2022-08-16,Arrasate,345
2022-08-16,Berastegi,332
2022-08-16,Bidania,326
2022-08-16,Miramon,273
2022-08-16,Zegama,312
2022-08-17,Arrasate,312
2022-08-17,Berastegi,311
2022-08-17,Bidania,310
2022-08-17,Miramon,256
2022-08-17,Zegama,339
2022-08-18,Arrasate,311
2022-08-18,Berastegi,308
2022-08-18,Bidania,307
2022-08-18,Miramon,277
2022-08-18,Zegama,327
2022-08-19,Arrasate,346
2022-08-19,Berastegi,293
2022-08-19,Bidania,338
2022-08-19,Miramon,239
2022-08-19,Zegama,349
2022-08-20,Arrasate,350
2022-08-20,Berastegi,315
2022-08-20,Bidania,306
2022-08-20,Miramon,283
2022-08-20,Zegama,338
2022-08-21,Arrasate,346
2022-08-21,Berastegi,317
2022-08-21,Bidania,315
2022-08-21,Miramon,281
2022-08-21,Zegama,343
2022-08-22,Arrasate,331
2022-08-22,Berastegi,319
2022-08-22,Zegama,337
2022-08-23,Arrasate,6
2022-08-23,Berastegi,299
2022-08-23,Bidania,39
2022-08-23,Miramon,341
2022-08-23,Zegama,341
2022-08-24,Arrasate,6
2022-08-24,Berastegi,127
2022-08-24,Bidania,149
2022-08-24,Miramon,279
2022-08-24,Zegama,119
2022-08-25,Arrasate,359
2022-08-25,Berastegi,317
2022-08-25,Bidania,321
2022-08-25,Miramon,302
2022-08-25,Zegama,326
2022-08-26,Arrasate,353
2022-08-26,Berastegi,332
2022-08-26,Bidania,321
2022-08-26,Miramon,328
2022-08-26,Zegama,326
2022-08-27,Arrasate,353
2022-08-27,Berastegi,299
2022-08-27,Bidania,310
2022-08-27,Miramon,243
2022-08-27,Zegama,323
2022-08-28,Arrasate,357
2022-08-28,Berastegi,127
2022-08-28,Bidania,131
2022-08-28,Miramon,165
2022-08-28,Zegama,128
2022-08-29,Arrasate,219
2022-08-29,Berastegi,131
2022-08-29,Bidania,140
2022-08-29,Miramon,165
2022-08-29,Zegama,142
2022-08-30,Arrasate,341
2022-08-30,Berastegi,311
2022-08-30,Bidania,322
2022-08-30,Miramon,307
2022-08-30,Zegama,353
2022-08-31,Arrasate,349
2022-08-31,Berastegi,317
2022-08-31,Miramon,268
2022-09-01,Arrasate,356
2022-09-01,Berastegi,324
2022-09-01,Bidania,327
2022-09-01,Miramon,359
2022-09-01,Zegama,344
2022-09-02,Arrasate,345
2022-09-02,Berastegi,332
2022-09-02,Bidania,323
2022-09-02,Miramon,254
2022-09-02,Zegama,343
2022-09-03,Arrasate,347
2022-09-03,Berastegi,338
2022-09-03,Bidania,350
2022-09-03,Miramon,303
2022-09-03,Zegama,346
2022-09-04,Arrasate,205
2022-09-04,Berastegi,148
2022-09-04,Bidania,152
2022-09-04,Miramon,252
2022-09-04,Zegama,128
2022-09-05,Arrasate,221
2022-09-05,Berastegi,194
2022-09-05,Bidania,172
2022-09-05,Miramon,205
2022-09-05,Zegama,154
2022-09-06,Arrasate,267
2022-09-06,Berastegi,337
2022-09-06,Bidania,266
2022-09-06,Miramon,215
2022-09-06,Zegama,114
2022-09-07,Arrasate,247
2022-09-07,Berastegi,228
2022-09-07,Bidania,232
2022-09-07,Miramon,188
2022-09-07,Zegama,132
2022-09-08,Arrasate,359
2022-09-08,Berastegi,330
2022-09-08,Bidania,16
2022-09-08,Miramon,196
2022-09-08,Zegama,4
2022-09-09,Arrasate,359
2022-09-09,Berastegi,323
2022-09-09,Bidania,323
2022-09-09,Miramon,262
2022-09-09,Zegama,359
2022-09-10,Arrasate,340
2022-09-10,Berastegi,304
2022-09-10,Bidania,249
2022-09-10,Miramon,181
2022-09-10,Zegama,29
2022-09-11,Arrasate,185
2022-09-11,Berastegi,125
2022-09-11,Bidania,147
2022-09-11,Miramon,143
2022-09-11,Zegama,126
2022-09-12,Arrasate,161
2022-09-12,Berastegi,139
2022-09-12,Bidania,154
2022-09-12,Miramon,178
2022-09-12,Zegama,135
2022-09-13,Arrasate,154
2022-09-13,Berastegi,145
2022-09-13,Bidania,156
2022-09-13,Miramon,166
2022-09-13,Zegama,128
2022-09-14,Arrasate,208
2022-09-14,Berastegi,146
2022-09-14,Bidania,184
2022-09-14,Miramon,191
2022-09-14,Zegama,155
2022-09-15,Arrasate,320
2022-09-15,Berastegi,315
2022-09-15,Bidania,317
2022-09-15,Miramon,271
2022-09-15,Zegama,317
2022-09-16,Arrasate,332
2022-09-16,Berastegi,324
2022-09-16,Bidania,322
2022-09-16,Miramon,308
2022-09-16,Zegama,329
2022-09-17,Arrasate,2
2022-09-17,Berastegi,299
2022-09-17,Bidania,351
2022-09-17,Miramon,22
2022-09-17,Zegama,346
2022-09-18,Arrasate,353
2022-09-18,Berastegi,312
2022-09-18,Bidania,343
2022-09-18,Miramon,205
2022-09-18,Zegama,359
2022-09-19,Arrasate,333
2022-09-19,Berastegi,283
2022-09-19,Bidania,334
2022-09-19,Miramon,201
2022-09-19,Zegama,4
2022-09-20,Arrasate,337
2022-09-20,Berastegi,306
2022-09-20,Bidania,315
2022-09-20,Miramon,204
2022-09-20,Zegama,11
2022-09-21,Arrasate,327
2022-09-21,Berastegi,314
2022-09-21,Bidania,311
2022-09-21,Miramon,201
2022-09-21,Zegama,20
2022-09-22,Arrasate,327
2022-09-22,Berastegi,308
2022-09-22,Bidania,311
2022-09-22,Miramon,194
2022-09-22,Zegama,353
2022-09-23,Arrasate,67
2022-09-23,Berastegi,314
2022-09-23,Bidania,325
2022-09-23,Miramon,212
2022-09-23,Zegama,355
2022-09-24,Arrasate,328
2022-09-24,Berastegi,310
2022-09-24,Bidania,318
2022-09-24,Miramon,223
2022-09-25,Arrasate,342
2022-09-25,Berastegi,309
2022-09-25,Bidania,321
2022-09-25,Miramon,221
2022-09-25,Zegama,349
2022-09-26,Arrasate,305
2022-09-26,Berastegi,309
2022-09-26,Bidania,311
2022-09-26,Miramon,239
2022-09-26,Zegama,333
2022-09-27,Arrasate,303
2022-09-27,Berastegi,309
2022-09-27,Bidania,311
2022-09-27,Miramon,277
2022-09-27,Zegama,336
2022-09-28,Arrasate,316
2022-09-28,Berastegi,298
2022-09-28,Bidania,300
2022-09-28,Miramon,265
2022-09-28,Zegama,316
2022-09-29,Arrasate,236
2022-09-29,Berastegi,295
2022-09-29,Bidania,303
2022-09-29,Miramon,254
2022-09-29,Zegama,313
2022-09-30,Arrasate,309
2022-09-30,Berastegi,316
2022-09-30,Bidania,321
2022-09-30,Miramon,271
2022-09-30,Zegama,322
2022-10-01,Arrasate,135
2022-10-01,Berastegi,275
2022-10-01,Bidania,331
2022-10-01,Miramon,189
2022-10-01,Zegama,148
2022-10-02,Arrasate,358
2022-10-02,Berastegi,304
2022-10-02,Bidania,334
2022-10-02,Miramon,207
2022-10-02,Zegama,347
2022-10-03,Arrasate,68
2022-10-03,Berastegi,313
2022-10-03,Bidania,332
2022-10-03,Miramon,307
2022-10-03,Zegama,259
2022-10-04,Arrasate,343
2022-10-04,Berastegi,287
2022-10-04,Bidania,335
2022-10-04,Miramon,199
2022-10-04,Zegama,218
2022-10-05,Arrasate,352
2022-10-05,Berastegi,137
2022-10-05,Bidania,145
2022-10-05,Miramon,236
2022-10-05,Zegama,110
2022-10-06,Arrasate,14
2022-10-06,Berastegi,357
2022-10-06,Bidania,90
2022-10-06,Miramon,81
2022-10-06,Zegama,327
2022-10-07,Arrasate,337
2022-10-07,Berastegi,101
2022-10-07,Bidania,121
2022-10-07,Miramon,253
2022-10-07,Zegama,116
2022-10-08,Arrasate,356
2022-10-08,Berastegi,324
2022-10-08,Miramon,288
2022-10-09,Arrasate,195
2022-10-09,Berastegi,141
2022-10-09,Bidania,139
2022-10-09,Miramon,191
2022-10-09,Zegama,140
2022-10-10,Arrasate,149
2022-10-10,Berastegi,155
2022-10-10,Bidania,133
2022-10-10,Miramon,148
2022-10-10,Zegama,133
2022-10-11,Arrasate,2
2022-10-11,Berastegi,328
2022-10-11,Miramon,288
2022-10-11,Zegama,335
2022-10-12,Arrasate,65
2022-10-12,Berastegi,312
2022-10-12,Miramon,257
2022-10-12,Zegama,359
2022-10-13,Arrasate,356
2022-10-13,Berastegi,321
2022-10-13,Bidania,314
2022-10-13,Miramon,191
2022-10-13,Zegama,130
2022-10-14,Arrasate,298
2022-10-14,Berastegi,289
2022-10-14,Bidania,311
2022-10-14,Miramon,217
2022-10-14,Zegama,294
2022-10-15,Arrasate,206
2022-10-15,Berastegi,141
2022-10-15,Bidania,150
2022-10-15,Miramon,182
2022-10-15,Zegama,141
2022-10-16,Arrasate,167
2022-10-16,Berastegi,137
2022-10-16,Bidania,156
2022-10-16,Miramon,182
2022-10-16,Zegama,141
2022-10-17,Arrasate,170
2022-10-17,Berastegi,140
2022-10-17,Bidania,157
2022-10-17,Miramon,168
2022-10-17,Zegama,134
2022-10-18,Arrasate,155
2022-10-18,Berastegi,131
2022-10-18,Bidania,154
2022-10-18,Miramon,163
2022-10-18,Zegama,130
2022-10-19,Arrasate,173
2022-10-19,Berastegi,132
2022-10-19,Bidania,160
2022-10-19,Miramon,176
2022-10-19,Zegama,134
2022-10-20,Arrasate,184
2022-10-20,Berastegi,145
2022-10-20,Bidania,154
2022-10-20,Miramon,173
2022-10-20,Zegama,134
2022-10-21,Arrasate,205
2022-10-21,Berastegi,138
2022-10-21,Bidania,167
2022-10-21,Miramon,190
2022-10-21,Zegama,143
2022-10-22,Arrasate,157
2022-10-22,Berastegi,136
2022-10-22,Bidania,154
2022-10-22,Miramon,164
2022-10-22,Zegama,130
2022-10-23,Arrasate,210
2022-10-23,Berastegi,147
2022-10-23,Bidania,172
2022-10-23,Miramon,191
2022-10-23,Zegama,129
2022-10-24,Arrasate,203
2022-10-24,Berastegi,143
2022-10-24,Bidania,166
2022-10-24,Miramon,185
2022-10-24,Zegama,163
2022-10-25,Arrasate,193
2022-10-25,Berastegi,147
2022-10-25,Bidania,169
2022-10-25,Miramon,188
2022-10-25,Zegama,129
2022-10-26,Arrasate,199
2022-10-26,Berastegi,129
2022-10-26,Bidania,159
2022-10-26,Miramon,178
2022-10-26,Zegama,145
2022-10-27,Arrasate,167
2022-10-27,Berastegi,132
2022-10-27,Bidania,159
2022-10-27,Miramon,173
2022-10-27,Zegama,128
2022-10-28,Arrasate,194
2022-10-28,Berastegi,132
2022-10-28,Bidania,159
2022-10-28,Miramon,192
2022-10-28,Zegama,132
2022-10-29,Arrasate,202
2022-10-29,Berastegi,145
2022-10-29,Bidania,159
2022-10-29,Miramon,167
2022-10-29,Zegama,137
2022-10-30,Arrasate,186
2022-10-30,Berastegi,129
2022-10-30,Bidania,160
2022-10-30,Miramon,191
2022-10-30,Zegama,129
2022-10-31,Arrasate,179
2022-10-31,Berastegi,139
2022-10-31,Bidania,160
2022-10-31,Miramon,186
2022-10-31,Zegama,132
2022-11-01,Arrasate,182
2022-11-01,Berastegi,312
2022-11-01,Bidania,284
2022-11-01,Miramon,201
2022-11-01,Zegama,224
2022-11-02,Arrasate,184
2022-11-02,Berastegi,127
2022-11-02,Bidania,158
2022-11-02,Miramon,174
2022-11-02,Zegama,140
2022-11-03,Arrasate,214
2022-11-03,Berastegi,164
2022-11-03,Bidania,206
2022-11-03,Miramon,215
2022-11-03,Zegama,170
2022-11-04,Arrasate,295
2022-11-04,Berastegi,299
2022-11-04,Bidania,307
2022-11-04,Miramon,290
2022-11-04,Zegama,313
2022-11-05,Arrasate,240
2022-11-05,Berastegi,269
2022-11-05,Bidania,137
2022-11-05,Miramon,173
2022-11-05,Zegama,131
2022-11-06,Arrasate,246
2022-11-06,Berastegi,214
2022-11-06,Bidania,172
2022-11-06,Miramon,189
2022-11-06,Zegama,222
2022-11-07,Arrasate,190
2022-11-07,Berastegi,144
2022-11-07,Bidania,157
2022-11-07,Miramon,177
2022-11-07,Zegama,150
2022-11-08,Arrasate,192
2022-11-08,Berastegi,131
2022-11-08,Bidania,161
2022-11-08,Miramon,174
2022-11-08,Zegama,134
2022-11-09,Arrasate,224
2022-11-09,Berastegi,148
2022-11-09,Bidania,195
2022-11-09,Miramon,195
2022-11-10,Arrasate,214
2022-11-10,Berastegi,301
2022-11-10,Bidania,171
2022-11-10,Miramon,169
2022-11-10,Zegama,150
2022-11-11,Arrasate,168
2022-11-11,Berastegi,144
2022-11-11,Bidania,151
2022-11-11,Miramon,152
2022-11-11,Zegama,134
2022-11-12,Arrasate,151
2022-11-12,Berastegi,138
2022-11-12,Bidania,156
2022-11-12,Miramon,195
2022-11-12,Zegama,128
2022-11-13,Arrasate,194
2022-11-13,Berastegi,122
2022-11-13,Bidania,157
2022-11-13,Miramon,169
2022-11-13,Zegama,140
2022-11-14,Arrasate,240
2022-11-14,Berastegi,120
2022-11-14,Bidania,164
2022-11-14,Miramon,220
2022-11-15,Arrasate,214
2022-11-15,Berastegi,145
2022-11-15,Bidania,175
2022-11-15,Miramon,194
2022-11-15,Zegama,172
2022-11-16,Arrasate,193
2022-11-16,Berastegi,173
2022-11-16,Bidania,194
2022-11-16,Miramon,195
2022-11-16,Zegama,186
2022-11-17,Arrasate,324
2022-11-17,Berastegi,316
2022-11-17,Bidania,303
2022-11-17,Miramon,246
2022-11-17,Zegama,347
2022-11-18,Arrasate,304
2022-11-18,Berastegi,287
2022-11-18,Bidania,306
2022-11-18,Miramon,234
2022-11-18,Zegama,324
2022-11-19,Arrasate,228
2022-11-19,Berastegi,264
2022-11-19,Bidania,312
2022-11-19,Miramon,217
2022-11-19,Zegama,329
2022-11-20,Arrasate,237
2022-11-20,Berastegi,318
2022-11-20,Bidania,307
2022-11-20,Miramon,197
2022-11-21,Arrasate,293
2022-11-21,Berastegi,160
2022-11-21,Bidania,275
2022-11-21,Miramon,239
2022-11-22,Arrasate,218
2022-11-22,Berastegi,163
2022-11-22,Bidania,228
2022-11-22,Miramon,202
2022-11-22,Zegama,155
2022-11-23,Arrasate,291
2022-11-23,Berastegi,342
2022-11-23,Bidania,293
2022-11-23,Miramon,265
2022-11-23,Zegama,109
2022-11-24,Arrasate,230
2022-11-24,Berastegi,144
2022-11-24,Bidania,148
2022-11-24,Miramon,180
2022-11-24,Zegama,157
2022-11-25,Arrasate,324
2022-11-25,Berastegi,314
2022-11-25,Bidania,314
2022-11-25,Miramon,221
2022-11-25,Zegama,333
2022-11-26,Arrasate,245
2022-11-26,Berastegi,254
2022-11-26,Bidania,137
2022-11-26,Miramon,177
2022-11-26,Zegama,138
2022-11-27,Arrasate,273
2022-11-27,Berastegi,129
2022-11-27,Bidania,158
2022-11-27,Miramon,196
2022-11-27,Zegama,143
2022-11-28,Arrasate,290
2022-11-28,Berastegi,294
2022-11-28,Bidania,299
2022-11-28,Miramon,253
2022-11-28,Zegama,319
2022-11-29,Arrasate,264
2022-11-29,Berastegi,315
2022-11-29,Bidania,314
2022-11-29,Miramon,282
2022-11-30,Arrasate,163
2022-11-30,Berastegi,283
2022-11-30,Bidania,263
2022-11-30,Miramon,127
2022-11-30,Zegama,135
2022-12-01,Arrasate,359
2022-12-01,Berastegi,292
2022-12-01,Bidania,322
2022-12-01,Miramon,10
2022-12-01,Zegama,324
2022-12-02,Arrasate,41
2022-12-02,Berastegi,315
2022-12-02,Bidania,188
2022-12-02,Miramon,160
2022-12-02,Zegama,98
2022-12-03,Arrasate,319
2022-12-03,Berastegi,161
2022-12-03,Bidania,334
2022-12-03,Miramon,183
2022-12-04,Arrasate,234
2022-12-04,Berastegi,127
2022-12-04,Bidania,151
2022-12-04,Miramon,180
2022-12-04,Zegama,146
2022-12-05,Arrasate,176
2022-12-05,Berastegi,138
2022-12-05,Bidania,147
2022-12-05,Miramon,186
2022-12-05,Zegama,128
2022-12-06,Arrasate,279
2022-12-06,Berastegi,121
2022-12-06,Bidania,132
2022-12-06,Miramon,200
2022-12-06,Zegama,132
2022-12-07,Arrasate,107
2022-12-07,Berastegi,299
2022-12-07,Bidania,338
2022-12-07,Miramon,182
2022-12-07,Zegama,119
2022-12-08,Arrasate,193
2022-12-08,Berastegi,143
2022-12-08,Bidania,149
2022-12-08,Miramon,187
2022-12-08,Zegama,130
2022-12-09,Arrasate,307
2022-12-09,Berastegi,317
2022-12-09,Bidania,303
2022-12-09,Miramon,326
2022-12-09,Zegama,204
2022-12-10,Arrasate,357
2022-12-10,Berastegi,320
2022-12-10,Bidania,345
2022-12-10,Miramon,86
2022-12-10,Zegama,333
2022-12-11,Arrasate,121
2022-12-11,Berastegi,315
2022-12-11,Bidania,136
2022-12-11,Miramon,180
2022-12-11,Zegama,139
2022-12-12,Arrasate,223
2022-12-12,Berastegi,126
2022-12-12,Bidania,150
2022-12-12,Miramon,188
2022-12-12,Zegama,142
2022-12-13,Arrasate,253
2022-12-13,Berastegi,120
2022-12-13,Bidania,173
2022-12-13,Miramon,193
2022-12-13,Zegama,173
2022-12-14,Arrasate,190
2022-12-14,Berastegi,149
2022-12-14,Bidania,168
2022-12-14,Miramon,176
2022-12-14,Zegama,173
2022-12-15,Arrasate,245
2022-12-15,Berastegi,166
2022-12-15,Bidania,215
2022-12-15,Miramon,216
2022-12-15,Zegama,169
2022-12-16,Arrasate,303
2022-12-16,Berastegi,316
2022-12-16,Bidania,310
2022-12-16,Miramon,283
2022-12-17,Arrasate,237
2022-12-17,Berastegi,130
2022-12-17,Bidania,156
2022-12-17,Miramon,172
2022-12-17,Zegama,144
2022-12-18,Arrasate,183
2022-12-18,Berastegi,140
2022-12-18,Bidania,165
2022-12-18,Miramon,172
2022-12-18,Zegama,146
2022-12-19,Arrasate,167
2022-12-19,Berastegi,148
2022-12-19,Bidania,164
2022-12-19,Miramon,162
2022-12-19,Zegama,131
2022-12-20,Arrasate,165
2022-12-20,Berastegi,147
2022-12-20,Bidania,162
2022-12-20,Miramon,176
2022-12-20,Zegama,135
2022-12-21,Arrasate,200
2022-12-21,Berastegi,163
2022-12-21,Bidania,201
2022-12-21,Miramon,187
2022-12-21,Zegama,208
2022-12-22,Arrasate,226
2022-12-22,Berastegi,147
2022-12-22,Bidania,193
2022-12-22,Miramon,199
2022-12-22,Zegama,219
2022-12-23,Arrasate,189
2022-12-23,Berastegi,188
2022-12-23,Bidania,213
2022-12-23,Miramon,194
2022-12-23,Zegama,190
2022-12-24,Arrasate,199
2022-12-24,Berastegi,131
2022-12-24,Bidania,164
2022-12-24,Miramon,196
2022-12-24,Zegama,166
2022-12-25,Arrasate,180
2022-12-25,Berastegi,143
2022-12-25,Bidania,165
2022-12-25,Miramon,178
2022-12-25,Zegama,135
2022-12-26,Arrasate,207
2022-12-26,Berastegi,133
2022-12-26,Bidania,171
2022-12-26,Miramon,243
2022-12-26,Zegama,135
2022-12-27,Arrasate,214
2022-12-27,Berastegi,170
2022-12-27,Bidania,179
2022-12-27,Miramon,183
2022-12-27,Zegama,138
2022-12-28,Arrasate,216
2022-12-28,Berastegi,139
2022-12-28,Bidania,177
2022-12-28,Miramon,194
2022-12-28,Zegama,170
2022-12-29,Arrasate,203
2022-12-29,Berastegi,152
2022-12-29,Bidania,188
2022-12-29,Miramon,195
2022-12-29,Zegama,160
2022-12-30,Arrasate,184
2022-12-30,Berastegi,153
2022-12-30,Bidania,186
2022-12-30,Miramon,183
2022-12-30,Zegama,174
2022-12-31,Arrasate,199
2022-12-31,Berastegi,127
2022-12-31,Bidania,163
2022-12-31,Miramon,162
2022-12-31,Zegama,132
2023-01-01,Arrasate,158
2023-01-01,Berastegi,134
2023-01-01,Bidania,161
2023-01-01,Miramon,162
2023-01-01,Zegama,124
2023-01-02,Arrasate,321
2023-01-02,Berastegi,253
2023-01-02,Bidania,253
2023-01-02,Miramon,228
2023-01-03,Arrasate,260
2023-01-03,Berastegi,250
2023-01-03,Bidania,218
2023-01-03,Miramon,181
2023-01-03,Zegama,136
2023-01-04,Arrasate,263
2023-01-04,Berastegi,226
2023-01-04,Bidania,307
2023-01-04,Miramon,183
2023-01-04,Zegama,137
2023-01-05,Arrasate,186
2023-01-05,Berastegi,222
2023-01-05,Bidania,108
2023-01-05,Miramon,171
2023-01-05,Zegama,136
2023-01-06,Arrasate,221
2023-01-06,Berastegi,130
2023-01-06,Bidania,160
2023-01-06,Miramon,182
2023-01-06,Zegama,138
2023-01-07,Arrasate,216
2023-01-07,Berastegi,123
2023-01-07,Bidania,165
2023-01-07,Miramon,179
2023-01-07,Zegama,168
2023-01-08,Arrasate,264
2023-01-08,Berastegi,126
2023-01-08,Bidania,212
2023-01-08,Miramon,241
2023-01-08,Zegama,136
2023-01-09,Arrasate,291
2023-01-09,Berastegi,281
2023-01-09,Bidania,296
2023-01-09,Miramon,248
2023-01-09,Zegama,308
2023-01-10,Arrasate,228
2023-01-10,Berastegi,196
2023-01-10,Bidania,144
2023-01-10,Miramon,184
2023-01-10,Zegama,227
2023-01-11,Arrasate,301
2023-01-11,Berastegi,289
2023-01-11,Bidania,309
2023-01-11,Miramon,237
2023-01-11,Zegama,249
2023-01-12,Arrasate,241
2023-01-12,Berastegi,265
2023-01-12,Bidania,112
2023-01-12,Miramon,183
2023-01-12,Zegama,154
2023-01-13,Arrasate,285
2023-01-13,Berastegi,165
2023-01-13,Bidania,113
2023-01-13,Miramon,182
2023-01-14,Arrasate,217
2023-01-14,Berastegi,131
2023-01-14,Bidania,183
2023-01-14,Miramon,180
2023-01-14,Zegama,218
2023-01-15,Arrasate,270
2023-01-15,Berastegi,316
2023-01-15,Bidania,284
2023-01-15,Miramon,244
2023-01-15,Zegama,133
2023-01-16,Arrasate,218
2023-01-16,Berastegi,102
2023-01-16,Bidania,231
2023-01-16,Miramon,210
2023-01-17,Arrasate,293
2023-01-17,Berastegi,315
2023-01-17,Bidania,291
2023-01-17,Miramon,262
2023-01-17,Zegama,346
2023-01-18,Arrasate,293
2023-01-18,Berastegi,317
2023-01-18,Bidania,312
2023-01-18,Miramon,263
2023-01-18,Zegama,326
2023-01-19,Arrasate,266
2023-01-19,Berastegi,333
2023-01-19,Bidania,289
2023-01-19,Miramon,266
2023-01-19,Zegama,205
2023-01-20,Arrasate,345
2023-01-20,Berastegi,322
2023-01-20,Bidania,359
2023-01-20,Miramon,74
2023-01-20,Zegama,331
2023-01-21,Arrasate,329
2023-01-21,Berastegi,305
2023-01-21,Bidania,337
2023-01-21,Miramon,186
2023-01-21,Zegama,326
2023-01-22,Arrasate,333
2023-01-22,Berastegi,316
2023-01-22,Bidania,332
2023-01-22,Miramon,345
2023-01-22,Zegama,327
2023-01-23,Arrasate,6
2023-01-23,Berastegi,319
2023-01-23,Bidania,358
2023-01-23,Miramon,74
2023-01-24,Arrasate,41
2023-01-24,Berastegi,270
2023-01-24,Bidania,63
2023-01-24,Miramon,86
2023-01-24,Zegama,324
2023-01-25,Arrasate,352
2023-01-25,Berastegi,323
2023-01-25,Bidania,334
2023-01-25,Miramon,122
2023-01-25,Zegama,318
2023-01-26,Arrasate,334
2023-01-26,Berastegi,326
2023-01-26,Bidania,331
2023-01-26,Miramon,353
2023-01-27,Arrasate,359
2023-01-27,Berastegi,294
2023-01-27,Bidania,338
2023-01-27,Miramon,88
2023-01-28,Arrasate,15
2023-01-28,Berastegi,315
2023-01-28,Bidania,0
2023-01-28,Miramon,144
2023-01-29,Arrasate,30
2023-01-29,Berastegi,324
2023-01-29,Bidania,3
2023-01-29,Miramon,195
2023-01-30,Arrasate,333
2023-01-30,Berastegi,313
2023-01-30,Bidania,326
2023-01-30,Miramon,188
2023-01-30,Zegama,321
2023-01-31,Arrasate,95
2023-01-31,Berastegi,277
2023-01-31,Bidania,319
2023-01-31,Miramon,204
2023-01-31,Zegama,320
2023-02-01,Arrasate,31
2023-02-01,Berastegi,157
2023-02-01,Bidania,35
2023-02-01,Miramon,83
2023-02-01,Zegama,322
2023-02-02,Arrasate,8
2023-02-02,Berastegi,264
2023-02-02,Bidania,93
2023-02-02,Miramon,113
2023-02-02,Zegama,308
2023-02-03,Arrasate,329
2023-02-03,Berastegi,308
2023-02-03,Bidania,339
2023-02-03,Miramon,188
2023-02-03,Zegama,140
2023-02-04,Arrasate,338
2023-02-04,Berastegi,313
2023-02-04,Bidania,321
2023-02-04,Miramon,201
2023-02-04,Zegama,323
2023-02-05,Arrasate,7
2023-02-05,Berastegi,310
2023-02-05,Bidania,358
2023-02-05,Miramon,20
2023-02-05,Zegama,324
2023-02-06,Arrasate,351
2023-02-06,Berastegi,314
2023-02-06,Bidania,18
2023-02-06,Miramon,7
2023-02-06,Zegama,332
2023-02-07,Arrasate,26
2023-02-07,Berastegi,133
2023-02-07,Bidania,123
2023-02-07,Miramon,148
2023-02-08,Arrasate,85
2023-02-08,Berastegi,319
2023-02-08,Bidania,121
2023-02-08,Miramon,187
2023-02-08,Zegama,139
2023-02-09,Arrasate,312
2023-02-09,Berastegi,277
2023-02-09,Bidania,292
2023-02-09,Miramon,174
2023-02-09,Zegama,97
2023-02-10,Arrasate,260
2023-02-10,Berastegi,307
2023-02-10,Bidania,149
2023-02-10,Miramon,174
2023-02-10,Zegama,135
2023-02-11,Arrasate,165
2023-02-11,Berastegi,151
2023-02-11,Bidania,135
2023-02-11,Miramon,177
2023-02-11,Zegama,121
2023-02-12,Arrasate,186
2023-02-12,Berastegi,136
2023-02-12,Bidania,152
2023-02-12,Miramon,174
2023-02-12,Zegama,122
2023-02-13,Arrasate,192
2023-02-13,Berastegi,137
2023-02-13,Bidania,162
2023-02-13,Miramon,166
2023-02-13,Zegama,122
2023-02-14,Arrasate,176
2023-02-14,Berastegi,146
2023-02-14,Bidania,167
2023-02-14,Miramon,162
2023-02-14,Zegama,128
2023-02-15,Arrasate,247
2023-02-15,Berastegi,140
2023-02-15,Bidania,161
2023-02-15,Miramon,180
2023-02-15,Zegama,128
2023-02-16,Arrasate,332
2023-02-16,Berastegi,287
2023-02-16,Bidania,344
2023-02-16,Miramon,186
2023-02-16,Zegama,110
2023-02-17,Arrasate,302
2023-02-17,Berastegi,307
2023-02-17,Bidania,154
2023-02-17,Miramon,185
2023-02-17,Zegama,137
2023-02-18,Arrasate,162
2023-02-18,Berastegi,144
2023-02-18,Bidania,131
2023-02-18,Miramon,192
2023-02-18,Zegama,130
2023-02-19,Arrasate,359
2023-02-19,Berastegi,315
2023-02-19,Bidania,341
2023-02-19,Miramon,225
2023-02-19,Zegama,336
2023-02-20,Arrasate,166
2023-02-20,Berastegi,132
2023-02-20,Bidania,149
2023-02-20,Miramon,161
2023-02-20,Zegama,130
2023-02-21,Arrasate,199
2023-02-21,Berastegi,106
2023-02-21,Bidania,150
2023-02-21,Miramon,220
2023-02-21,Zegama,119
2023-02-22,Arrasate,134
2023-02-22,Berastegi,306
2023-02-22,Miramon,211
2023-02-22,Zegama,55
2023-02-23,Arrasate,323
2023-02-23,Berastegi,313
2023-02-23,Miramon,224
2023-02-24,Arrasate,224
2023-02-24,Berastegi,161
2023-02-24,Bidania,190
2023-02-24,Miramon,194
2023-02-24,Zegama,225
2023-02-25,Arrasate,322
2023-02-25,Berastegi,317
2023-02-25,Bidania,359
2023-02-25,Miramon,187
2023-02-25,Zegama,298
2023-02-26,Arrasate,339
2023-02-26,Berastegi,307
2023-02-26,Bidania,337
2023-02-26,Miramon,358
2023-02-26,Zegama,330
2023-02-27,Arrasate,338
2023-02-27,Berastegi,294
2023-02-27,Bidania,344
2023-02-27,Miramon,16
2023-02-28,Arrasate,341
2023-02-28,Berastegi,314
2023-02-28,Bidania,336
2023-02-28,Miramon,347
2023-03-01,Arrasate,355
2023-03-01,Berastegi,299
2023-03-01,Bidania,339
2023-03-01,Miramon,51
2023-03-01,Zegama,344
2023-03-02,Arrasate,322
2023-03-02,Berastegi,319
2023-03-02,Bidania,326
2023-03-02,Miramon,293
2023-03-02,Zegama,317
2023-03-03,Arrasate,1
2023-03-03,Berastegi,314
2023-03-03,Bidania,326
2023-03-03,Miramon,263
2023-03-04,Arrasate,18
2023-03-04,Berastegi,299
2023-03-04,Bidania,324
2023-03-04,Miramon,180
2023-03-04,Zegama,37
2023-03-05,Arrasate,284
2023-03-05,Berastegi,307
2023-03-05,Bidania,321
2023-03-05,Miramon,186
2023-03-05,Zegama,127
2023-03-06,Arrasate,198
2023-03-06,Berastegi,314
2023-03-06,Bidania,316
2023-03-06,Miramon,330
2023-03-06,Zegama,140
2023-03-07,Arrasate,206
2023-03-07,Berastegi,165
2023-03-07,Bidania,204
2023-03-07,Miramon,188
2023-03-07,Zegama,152
2023-03-08,Arrasate,207
2023-03-08,Berastegi,162
2023-03-08,Bidania,197
2023-03-08,Miramon,201
2023-03-08,Zegama,145
2023-03-09,Arrasate,219
2023-03-09,Berastegi,184
2023-03-09,Bidania,226
2023-03-09,Miramon,208
2023-03-09,Zegama,135
2023-03-10,Arrasate,208
2023-03-10,Berastegi,324
2023-03-10,Bidania,256
2023-03-10,Miramon,258
2023-03-10,Zegama,146
2023-03-11,Arrasate,271
2023-03-11,Berastegi,311
2023-03-11,Bidania,308
2023-03-11,Miramon,268
2023-03-11,Zegama,246
2023-03-12,Arrasate,203
2023-03-12,Berastegi,298
2023-03-12,Bidania,236
2023-03-12,Miramon,124
2023-03-12,Zegama,143
2023-03-13,Arrasate,235
2023-03-13,Berastegi,139
2023-03-13,Bidania,194
2023-03-13,Miramon,211
2023-03-13,Zegama,134
2023-03-14,Arrasate,301
2023-03-14,Berastegi,304
2023-03-14,Bidania,304
2023-03-14,Miramon,280
2023-03-14,Zegama,318
2023-03-15,Arrasate,152
2023-03-15,Berastegi,191
2023-03-15,Bidania,143
2023-03-15,Miramon,184
2023-03-15,Zegama,117
2023-03-16,Arrasate,168
2023-03-16,Berastegi,136
2023-03-16,Bidania,165
2023-03-16,Miramon,182
2023-03-16,Zegama,132
2023-03-17,Arrasate,183
2023-03-17,Berastegi,155
2023-03-17,Bidania,172
2023-03-17,Miramon,184
2023-03-17,Zegama,133
2023-03-18,Arrasate,227
2023-03-18,Berastegi,230
2023-03-18,Bidania,270
2023-03-18,Miramon,256
2023-03-18,Zegama,219
2023-03-19,Arrasate,319
2023-03-19,Berastegi,316
2023-03-19,Bidania,312
2023-03-19,Miramon,297
2023-03-19,Zegama,338
2023-03-20,Arrasate,334
2023-03-20,Berastegi,306
2023-03-20,Bidania,318
2023-03-20,Miramon,181
2023-03-20,Zegama,119
2023-03-21,Arrasate,330
2023-03-21,Berastegi,309
2023-03-21,Bidania,331
2023-03-21,Miramon,227
2023-03-21,Zegama,360
2023-03-22,Arrasate,217
2023-03-22,Berastegi,121
2023-03-22,Bidania,168
2023-03-22,Miramon,181
2023-03-22,Zegama,151
2023-03-23,Arrasate,220
2023-03-23,Berastegi,146
2023-03-23,Bidania,173
2023-03-23,Miramon,194
2023-03-23,Zegama,170
2023-03-24,Arrasate,162
2023-03-24,Berastegi,247
2023-03-24,Bidania,277
2023-03-24,Miramon,223
2023-03-24,Zegama,129
2023-03-25,Arrasate,218
2023-03-25,Berastegi,155
2023-03-25,Bidania,178
2023-03-25,Miramon,192
2023-03-25,Zegama,136
2023-03-26,Arrasate,317
2023-03-26,Berastegi,318
2023-03-26,Bidania,307
2023-03-26,Miramon,288
2023-03-26,Zegama,336
2023-03-27,Arrasate,334
2023-03-27,Berastegi,317
2023-03-27,Bidania,317
2023-03-27,Miramon,299
2023-03-27,Zegama,331
2023-03-28,Arrasate,222
2023-03-28,Berastegi,121
2023-03-28,Bidania,152
2023-03-28,Miramon,182
2023-03-28,Zegama,152
2023-03-29,Arrasate,212
2023-03-29,Berastegi,131
2023-03-29,Bidania,166
2023-03-29,Miramon,181
2023-03-29,Zegama,160
2023-03-30,Arrasate,218
2023-03-30,Berastegi,174
2023-03-30,Bidania,211
2023-03-30,Miramon,174
2023-03-30,Zegama,137
2023-03-31,Arrasate,317
2023-03-31,Berastegi,338
2023-03-31,Bidania,299
2023-03-31,Miramon,289
2023-03-31,Zegama,31
2023-04-01,Arrasate,314
2023-04-01,Berastegi,296
2023-04-01,Bidania,308
2023-04-01,Miramon,285
2023-04-01,Zegama,332
2023-04-02,Arrasate,305
2023-04-02,Berastegi,313
2023-04-02,Bidania,321
2023-04-02,Miramon,304
2023-04-02,Zegama,326
2023-04-03,Arrasate,22
2023-04-03,Berastegi,305
2023-04-03,Bidania,337
2023-04-03,Miramon,331
2023-04-03,Zegama,342
2023-04-04,Arrasate,342
2023-04-04,Berastegi,310
2023-04-04,Bidania,319
2023-04-04,Miramon,301
2023-04-04,Zegama,351
2023-04-05,Arrasate,345
2023-04-05,Berastegi,311
2023-04-05,Bidania,325
2023-04-05,Miramon,217
2023-04-05,Zegama,10
2023-04-06,Arrasate,331
2023-04-06,Berastegi,311
2023-04-06,Bidania,331
2023-04-06,Miramon,266
2023-04-06,Zegama,359
2023-04-07,Arrasate,309
2023-04-07,Berastegi,307
2023-04-07,Bidania,321
2023-04-07,Miramon,235
2023-04-07,Zegama,11
2023-04-08,Arrasate,323
2023-04-08,Berastegi,292
2023-04-08,Bidania,311
2023-04-08,Miramon,207
2023-04-08,Zegama,352
2023-04-09,Arrasate,317
2023-04-09,Berastegi,316
2023-04-09,Bidania,306
2023-04-09,Miramon,222
2023-04-09,Zegama,95
2023-04-10,Arrasate,357
2023-04-10,Berastegi,302
2023-04-10,Bidania,312
2023-04-10,Miramon,267
2023-04-10,Zegama,351
2023-04-11,Arrasate,357
2023-04-11,Berastegi,301
2023-04-11,Bidania,350
2023-04-11,Miramon,315
2023-04-11,Zegama,343
2023-04-12,Arrasate,319
2023-04-12,Berastegi,327
2023-04-12,Bidania,307
2023-04-12,Miramon,248
2023-04-12,Zegama,318
2023-04-13,Arrasate,319
2023-04-13,Berastegi,309
2023-04-13,Bidania,304
2023-04-13,Miramon,244
2023-04-13,Zegama,335
2023-04-14,Arrasate,313
2023-04-14,Berastegi,316
2023-04-14,Bidania,292
2023-04-14,Miramon,269
2023-04-14,Zegama,246
2023-04-15,Arrasate,317
2023-04-15,Berastegi,318
2023-04-15,Bidania,317
2023-04-15,Miramon,301
2023-04-16,Arrasate,348
2023-04-16,Berastegi,300
2023-04-16,Bidania,1
2023-04-16,Miramon,312
2023-04-16,Zegama,343
2023-04-17,Arrasate,341
2023-04-17,Berastegi,296
2023-04-17,Bidania,340
2023-04-17,Miramon,270
2023-04-17,Zegama,346
2023-04-18,Arrasate,342
2023-04-18,Berastegi,306
2023-04-18,Bidania,31
2023-04-18,Miramon,302
2023-04-18,Zegama,350
2023-04-19,Arrasate,167
2023-04-19,Berastegi,136
2023-04-19,Bidania,142
2023-04-19,Miramon,267
2023-04-19,Zegama,123
2023-04-20,Arrasate,338
2023-04-20,Berastegi,314
2023-04-20,Bidania,314
2023-04-20,Miramon,273
2023-04-20,Zegama,32
2023-04-21,Arrasate,182
2023-04-21,Berastegi,167
2023-04-21,Bidania,178
2023-04-21,Miramon,261
2023-04-21,Zegama,149
2023-04-22,Arrasate,340
2023-04-22,Berastegi,311
2023-04-22,Bidania,50
2023-04-22,Miramon,254
2023-04-22,Zegama,211
2023-04-23,Arrasate,206
2023-04-23,Berastegi,229
2023-04-23,Bidania,270
2023-04-23,Miramon,234
2023-04-23,Zegama,206
2023-04-24,Arrasate,330
2023-04-24,Berastegi,321
2023-04-24,Bidania,306
2023-04-24,Miramon,203
2023-04-24,Zegama,0
2023-04-25,Arrasate,345
2023-04-25,Berastegi,311
2023-04-25,Bidania,318
2023-04-25,Miramon,201
2023-04-25,Zegama,332
2023-04-26,Arrasate,349
2023-04-26,Berastegi,322
2023-04-26,Bidania,308
2023-04-26,Miramon,215
2023-04-26,Zegama,346
2023-04-27,Arrasate,311
2023-04-27,Berastegi,132
2023-04-27,Bidania,206
2023-04-27,Miramon,276
2023-04-27,Zegama,126
2023-04-28,Arrasate,324
2023-04-28,Berastegi,127
2023-04-28,Bidania,141
2023-04-28,Miramon,277
2023-04-28,Zegama,119
2023-04-29,Arrasate,317
2023-04-29,Berastegi,319
2023-04-29,Miramon,288
2023-04-29,Zegama,338
2023-04-30,Arrasate,349
2023-04-30,Berastegi,319
2023-04-30,Bidania,313
2023-04-30,Miramon,303
2023-04-30,Zegama,331
2023-05-01,Arrasate,20
2023-05-01,Berastegi,318
2023-05-01,Bidania,316
2023-05-01,Miramon,325
2023-05-01,Zegama,342
2023-05-02,Arrasate,25
2023-05-02,Berastegi,315
2023-05-02,Bidania,129
2023-05-02,Miramon,308
2023-05-02,Zegama,338
2023-05-03,Arrasate,158
2023-05-03,Berastegi,133
2023-05-03,Bidania,141
2023-05-03,Miramon,185
2023-05-03,Zegama,125
2023-05-04,Arrasate,215
2023-05-04,Berastegi,246
2023-05-04,Bidania,271
2023-05-04,Miramon,328
2023-05-04,Zegama,184
2023-05-05,Arrasate,42
2023-05-05,Berastegi,319
2023-05-05,Bidania,302
2023-05-05,Miramon,254
2023-05-05,Zegama,71
2023-05-06,Arrasate,331
2023-05-06,Berastegi,320
2023-05-06,Bidania,288
2023-05-06,Miramon,264
2023-05-06,Zegama,63
2023-05-07,Arrasate,359
2023-05-07,Berastegi,316
2023-05-07,Bidania,315
2023-05-07,Miramon,285
2023-05-07,Zegama,12
2023-05-08,Arrasate,332
2023-05-08,Berastegi,302
2023-05-08,Bidania,308
2023-05-08,Miramon,193
2023-05-08,Zegama,359
2023-05-09,Arrasate,312
2023-05-09,Berastegi,323
2023-05-09,Miramon,258
2023-05-10,Arrasate,309
2023-05-10,Berastegi,322
2023-05-10,Bidania,313
2023-05-10,Miramon,291
2023-05-10,Zegama,323
2023-05-11,Arrasate,307
2023-05-11,Berastegi,310
2023-05-11,Bidania,314
2023-05-11,Miramon,259
2023-05-11,Zegama,329
2023-05-12,Arrasate,330
2023-05-12,Berastegi,323
2023-05-12,Bidania,320
2023-05-12,Miramon,283
2023-05-12,Zegama,315
2023-05-13,Arrasate,309
2023-05-13,Berastegi,321
2023-05-13,Bidania,317
2023-05-13,Miramon,295
2023-05-14,Arrasate,309
2023-05-14,Berastegi,316
2023-05-14,Bidania,319
2023-05-14,Miramon,305
2023-05-14,Zegama,320
2023-05-15,Arrasate,311
2023-05-15,Berastegi,319
2023-05-15,Bidania,316
2023-05-15,Miramon,299
2023-05-15,Zegama,328
2023-05-16,Arrasate,327
2023-05-16,Berastegi,318
2023-05-16,Bidania,326
2023-05-16,Miramon,330
2023-05-16,Zegama,329
2023-05-17,Arrasate,345
2023-05-17,Berastegi,299
2023-05-17,Bidania,325
2023-05-17,Miramon,343
2023-05-17,Zegama,333
2023-05-18,Arrasate,337
2023-05-18,Berastegi,308
2023-05-18,Bidania,322
2023-05-18,Miramon,331
2023-05-18,Zegama,332
2023-05-19,Arrasate,337
2023-05-19,Berastegi,317
2023-05-19,Bidania,326
2023-05-19,Miramon,325
2023-05-19,Zegama,348
2023-05-20,Arrasate,337
2023-05-20,Berastegi,325
2023-05-20,Miramon,286
2023-05-21,Arrasate,338
2023-05-21,Berastegi,331
2023-05-21,Bidania,325
2023-05-21,Miramon,284
2023-05-21,Zegama,0
2023-05-22,Arrasate,4
2023-05-22,Berastegi,312
2023-05-22,Miramon,290
2023-05-23,Arrasate,329
2023-05-23,Berastegi,314
2023-05-23,Miramon,288
2023-05-24,Arrasate,323
2023-05-24,Berastegi,318
2023-05-24,Bidania,316
2023-05-24,Miramon,291
2023-05-24,Zegama,324
2023-05-25,Arrasate,326
2023-05-25,Berastegi,318
2023-05-25,Bidania,318
2023-05-25,Miramon,294
2023-05-25,Zegama,333
2023-05-26,Arrasate,132
2023-05-26,Berastegi,135
2023-05-26,Bidania,137
2023-05-26,Miramon,197
2023-05-26,Zegama,130
2023-05-27,Arrasate,58
2023-05-27,Berastegi,136
2023-05-27,Bidania,126
2023-05-27,Miramon,159
2023-05-27,Zegama,108
2023-05-28,Arrasate,333
2023-05-28,Berastegi,306
2023-05-28,Bidania,330
2023-05-28,Miramon,268
2023-05-28,Zegama,92
2023-05-29,Arrasate,346
2023-05-29,Berastegi,312
2023-05-29,Bidania,336
2023-05-29,Miramon,329
2023-05-29,Zegama,6
2023-05-30,Arrasate,335
2023-05-30,Berastegi,308
2023-05-30,Bidania,335
2023-05-30,Miramon,291
2023-05-30,Zegama,343
2023-05-31,Arrasate,334
2023-05-31,Berastegi,315
2023-05-31,Bidania,314
2023-05-31,Miramon,268
2023-05-31,Zegama,356
2023-06-01,Arrasate,124
2023-06-01,Berastegi,104
2023-06-01,Bidania,132
2023-06-01,Miramon,181
2023-06-01,Zegama,125
2023-06-02,Arrasate,346
2023-06-02,Berastegi,123
2023-06-02,Bidania,120
2023-06-02,Miramon,325
2023-06-02,Zegama,122
2023-06-03,Arrasate,335
2023-06-03,Berastegi,294
2023-06-03,Bidania,119
2023-06-03,Miramon,282
2023-06-03,Zegama,144
2023-06-04,Arrasate,338
2023-06-04,Berastegi,325
2023-06-04,Bidania,9
2023-06-04,Miramon,288
2023-06-04,Zegama,42
2023-06-05,Arrasate,358
2023-06-05,Berastegi,317
2023-06-05,Bidania,335
2023-06-05,Miramon,300
2023-06-05,Zegama,287
2023-06-06,Arrasate,359
2023-06-06,Berastegi,60
2023-06-06,Bidania,140
2023-06-06,Miramon,236
2023-06-06,Zegama,128
2023-06-07,Arrasate,142
2023-06-07,Berastegi,146
2023-06-07,Bidania,146
2023-06-07,Miramon,162
2023-06-07,Zegama,128
2023-06-08,Arrasate,154
2023-06-08,Berastegi,142
2023-06-08,Bidania,147
2023-06-08,Miramon,166
2023-06-08,Zegama,127
2023-06-09,Arrasate,216
2023-06-09,Berastegi,169
2023-06-09,Bidania,185
2023-06-09,Miramon,199
2023-06-09,Zegama,149
2023-06-10,Arrasate,330
2023-06-10,Berastegi,319
2023-06-10,Bidania,319
2023-06-10,Miramon,322
2023-06-10,Zegama,351
2023-06-11,Arrasate,5
2023-06-11,Berastegi,317
2023-06-11,Miramon,316
2023-06-12,Arrasate,354
2023-06-12,Berastegi,305
2023-06-12,Bidania,328
2023-06-12,Miramon,244
2023-06-12,Zegama,165
2023-06-13,Arrasate,317
2023-06-13,Berastegi,317
2023-06-13,Bidania,318
2023-06-13,Miramon,266
2023-06-13,Zegama,325
2023-06-14,Arrasate,314
2023-06-14,Berastegi,316
2023-06-14,Bidania,319
2023-06-14,Miramon,294
2023-06-14,Zegama,323
2023-06-15,Arrasate,331
2023-06-15,Berastegi,296
2023-06-15,Bidania,319
2023-06-15,Miramon,326
2023-06-15,Zegama,339
2023-06-16,Arrasate,32
2023-06-16,Berastegi,302
2023-06-16,Bidania,129
2023-06-16,Miramon,222
2023-06-16,Zegama,349
2023-06-17,Arrasate,350
2023-06-17,Berastegi,314
2023-06-17,Bidania,329
2023-06-17,Miramon,282
2023-06-17,Zegama,301
2023-06-18,Arrasate,107
2023-06-18,Berastegi,137
2023-06-18,Miramon,318
2023-06-18,Zegama,127
2023-06-19,Arrasate,160
2023-06-19,Berastegi,142
2023-06-19,Bidania,147
2023-06-19,Miramon,174
2023-06-19,Zegama,139
2023-06-20,Arrasate,0
2023-06-20,Berastegi,320
2023-06-20,Bidania,314
2023-06-20,Miramon,310
2023-06-20,Zegama,353
2023-06-21,Arrasate,351
2023-06-21,Berastegi,320
2023-06-21,Miramon,292
2023-06-21,Zegama,349
2023-06-22,Arrasate,355
2023-06-22,Berastegi,320
2023-06-22,Bidania,316
2023-06-22,Miramon,285
2023-06-22,Zegama,341
2023-06-23,Arrasate,18
2023-06-23,Berastegi,304
2023-06-23,Bidania,4
2023-06-23,Miramon,298
2023-06-23,Zegama,321
2023-06-24,Arrasate,32
2023-06-24,Berastegi,304
2023-06-24,Bidania,160
2023-06-24,Miramon,227
2023-06-24,Zegama,16
2023-06-25,Arrasate,341
2023-06-25,Berastegi,335
2023-06-25,Bidania,312
2023-06-25,Miramon,276
2023-06-25,Zegama,2
2023-06-26,Arrasate,356
2023-06-26,Berastegi,313
2023-06-26,Miramon,349
2023-06-26,Zegama,332
2023-06-27,Arrasate,19
2023-06-27,Berastegi,315
2023-06-27,Miramon,326
2023-06-28,Arrasate,17
2023-06-28,Berastegi,309
2023-06-28,Bidania,327
2023-06-28,Miramon,269
2023-06-28,Zegama,328
2023-06-29,Arrasate,322
2023-06-29,Berastegi,314
2023-06-29,Bidania,317
2023-06-29,Miramon,282
2023-06-29,Zegama,328
2023-06-30,Arrasate,316
2023-06-30,Berastegi,319
2023-06-30,Bidania,315
2023-06-30,Miramon,289
2023-06-30,Zegama,323
2023-07-01,Arrasate,345
2023-07-01,Berastegi,316
2023-07-01,Bidania,319
2023-07-01,Miramon,251
2023-07-01,Zegama,328
2023-07-02,Arrasate,359
2023-07-02,Berastegi,311
2023-07-02,Miramon,291
2023-07-02,Zegama,357
2023-07-03,Arrasate,343
2023-07-03,Berastegi,314
2023-07-03,Bidania,337
2023-07-03,Miramon,337
2023-07-03,Zegama,350
2023-07-04,Arrasate,353
2023-07-04,Berastegi,308
2023-07-04,Bidania,317
2023-07-04,Miramon,267
2023-07-04,Zegama,341
2023-07-05,Arrasate,355
2023-07-05,Berastegi,334
2023-07-05,Bidania,330
2023-07-05,Miramon,285
2023-07-05,Zegama,355
2023-07-06,Arrasate,341
2023-07-06,Berastegi,315
2023-07-06,Bidania,336
2023-07-06,Miramon,296
2023-07-06,Zegama,159
2023-07-07,Arrasate,150
2023-07-07,Berastegi,137
2023-07-07,Bidania,139
2023-07-07,Miramon,172
2023-07-07,Zegama,136
2023-07-08,Arrasate,320
2023-07-08,Berastegi,36
2023-07-08,Bidania,161
2023-07-08,Miramon,319
2023-07-08,Zegama,134
2023-07-09,Arrasate,345
2023-07-09,Berastegi,327
2023-07-09,Bidania,319
2023-07-09,Miramon,325
2023-07-09,Zegama,349
2023-07-10,Arrasate,11
2023-07-10,Berastegi,313
2023-07-10,Bidania,342
2023-07-10,Miramon,301
2023-07-10,Zegama,332
2023-07-11,Arrasate,347
2023-07-11,Berastegi,313
2023-07-11,Miramon,261
2023-07-12,Arrasate,3
2023-07-12,Berastegi,316
2023-07-12,Bidania,321
2023-07-12,Miramon,267
2023-07-12,Zegama,348
2023-07-13,Arrasate,348
2023-07-13,Berastegi,320
2023-07-13,Bidania,336
2023-07-13,Miramon,338
2023-07-13,Zegama,321
2023-07-14,Arrasate,25
2023-07-14,Berastegi,145
2023-07-14,Bidania,152
2023-07-14,Miramon,192
2023-07-14,Zegama,118
2023-07-15,Arrasate,348
2023-07-15,Berastegi,306
2023-07-15,Bidania,319
2023-07-15,Miramon,227
2023-07-16,Arrasate,357
2023-07-16,Berastegi,328
2023-07-16,Bidania,338
2023-07-16,Miramon,277
2023-07-16,Zegama,354
2023-07-17,Arrasate,2
2023-07-17,Berastegi,315
2023-07-17,Bidania,316
2023-07-17,Miramon,333
2023-07-17,Zegama,331
2023-07-18,Arrasate,343
2023-07-18,Berastegi,323
2023-07-18,Bidania,325
2023-07-18,Miramon,270
2023-07-18,Zegama,348
2023-07-19,Arrasate,354
2023-07-19,Berastegi,320
2023-07-19,Miramon,349
2023-07-20,Arrasate,335
2023-07-20,Berastegi,309
2023-07-20,Bidania,319
2023-07-20,Miramon,333
2023-07-20,Zegama,331
2023-07-21,Arrasate,352
2023-07-21,Berastegi,319
2023-07-21,Bidania,325
2023-07-21,Miramon,300
2023-07-22,Arrasate,333
2023-07-22,Berastegi,310
2023-07-22,Bidania,318
2023-07-22,Miramon,286
2023-07-22,Zegama,351
2023-07-23,Arrasate,9
2023-07-23,Berastegi,309
2023-07-23,Bidania,317
2023-07-23,Miramon,291
2023-07-23,Zegama,3
2023-07-24,Arrasate,327
2023-07-24,Berastegi,308
2023-07-24,Miramon,224
2023-07-24,Zegama,338
2023-07-25,Arrasate,342
2023-07-25,Berastegi,313
2023-07-25,Miramon,248
2023-07-25,Zegama,331
2023-07-26,Arrasate,8
2023-07-26,Berastegi,338
2023-07-26,Bidania,319
2023-07-26,Miramon,229
2023-07-26,Zegama,343
2023-07-27,Arrasate,342
2023-07-27,Berastegi,6
2023-07-27,Bidania,270
2023-07-27,Miramon,226
2023-07-27,Zegama,103
2023-07-28,Arrasate,322
2023-07-28,Berastegi,295
2023-07-28,Bidania,164
2023-07-28,Miramon,201
2023-07-28,Zegama,116
2023-07-29,Arrasate,338
2023-07-29,Berastegi,315
2023-07-29,Bidania,319
2023-07-29,Miramon,271
2023-07-29,Zegama,349
2023-07-30,Arrasate,359
2023-07-30,Berastegi,330
2023-07-30,Bidania,335
2023-07-30,Miramon,336
2023-07-31,Arrasate,342
2023-07-31,Berastegi,311
2023-07-31,Bidania,318
2023-07-31,Miramon,220
2023-07-31,Zegama,353
2023-08-01,Arrasate,335
2023-08-01,Berastegi,314
2023-08-01,Bidania,319
2023-08-01,Miramon,206
2023-08-01,Zegama,342
2023-08-02,Arrasate,318
2023-08-02,Berastegi,325
2023-08-02,Bidania,310
2023-08-02,Miramon,216
2023-08-02,Zegama,325
2023-08-03,Arrasate,320
2023-08-03,Berastegi,308
2023-08-03,Bidania,308
2023-08-03,Miramon,261
2023-08-03,Zegama,331
2023-08-04,Arrasate,309
2023-08-04,Berastegi,321
2023-08-04,Bidania,315
2023-08-04,Miramon,292
2023-08-04,Zegama,323
2023-08-05,Arrasate,345
2023-08-05,Berastegi,325
2023-08-05,Bidania,320
2023-08-05,Miramon,254
2023-08-05,Zegama,338
2023-08-06,Arrasate,347
2023-08-06,Berastegi,320
2023-08-06,Bidania,322
2023-08-06,Miramon,306
2023-08-06,Zegama,340
2023-08-07,Arrasate,13
2023-08-07,Berastegi,291
2023-08-07,Bidania,10
2023-08-07,Miramon,28
2023-08-07,Zegama,326
2023-08-08,Arrasate,324
2023-08-08,Berastegi,316
2023-08-08,Bidania,332
2023-08-08,Miramon,207
2023-08-08,Zegama,315
2023-08-09,Arrasate,58
2023-08-09,Berastegi,133
2023-08-09,Bidania,138
2023-08-09,Miramon,192
2023-08-09,Zegama,138
2023-08-10,Arrasate,352
2023-08-10,Berastegi,314
2023-08-10,Bidania,317
2023-08-10,Miramon,297
2023-08-10,Zegama,340
2023-08-11,Arrasate,347
2023-08-11,Berastegi,302
2023-08-11,Bidania,325
2023-08-11,Miramon,229
2023-08-11,Zegama,357
2023-08-12,Arrasate,342
2023-08-12,Berastegi,320
2023-08-12,Bidania,320
2023-08-12,Miramon,275
2023-08-12,Zegama,360
2023-08-13,Arrasate,359
2023-08-13,Berastegi,320
2023-08-13,Miramon,12
2023-08-14,Arrasate,351
2023-08-14,Berastegi,327
2023-08-14,Miramon,274
2023-08-14,Zegama,0
2023-08-15,Arrasate,1
2023-08-15,Berastegi,317
2023-08-15,Bidania,321
2023-08-15,Miramon,347
2023-08-15,Zegama,3
2023-08-16,Arrasate,10
2023-08-16,Berastegi,328
2023-08-16,Miramon,294
2023-08-16,Zegama,344
2023-08-17,Arrasate,91
2023-08-17,Berastegi,324
2023-08-17,Bidania,325
2023-08-17,Miramon,291
2023-08-17,Zegama,333
2023-08-18,Arrasate,205
2023-08-18,Berastegi,169
2023-08-18,Bidania,146
2023-08-18,Miramon,7
2023-08-18,Zegama,132
2023-08-19,Arrasate,0
2023-08-19,Berastegi,325
2023-08-19,Bidania,322
2023-08-19,Miramon,318
2023-08-19,Zegama,327
2023-08-20,Arrasate,346
2023-08-20,Berastegi,320
2023-08-20,Bidania,316
2023-08-20,Miramon,270
2023-08-20,Zegama,347
2023-08-21,Arrasate,3
2023-08-21,Berastegi,319
2023-08-21,Bidania,330
2023-08-21,Miramon,283
2023-08-21,Zegama,321
2023-08-22,Arrasate,315
2023-08-22,Berastegi,321
2023-08-22,Bidania,332
2023-08-22,Miramon,296
2023-08-22,Zegama,322
2023-08-23,Arrasate,108
2023-08-23,Berastegi,126
2023-08-23,Bidania,131
2023-08-23,Miramon,151
2023-08-23,Zegama,134
2023-08-24,Arrasate,347
2023-08-24,Berastegi,75
2023-08-24,Bidania,160
2023-08-24,Miramon,267
2023-08-24,Zegama,112
2023-08-25,Arrasate,345
2023-08-25,Berastegi,323
2023-08-25,Bidania,320
2023-08-25,Miramon,303
2023-08-25,Zegama,343
2023-08-26,Arrasate,351
2023-08-26,Berastegi,325
2023-08-26,Miramon,286
2023-08-26,Zegama,333
2023-08-27,Arrasate,309
2023-08-27,Berastegi,318
2023-08-27,Bidania,318
2023-08-27,Miramon,306
2023-08-28,Arrasate,311
2023-08-28,Berastegi,315
2023-08-28,Miramon,297
2023-08-29,Arrasate,340
2023-08-29,Berastegi,322
2023-08-29,Miramon,267
2023-08-29,Zegama,334
2023-08-30,Arrasate,316
2023-08-30,Berastegi,316
2023-08-30,Miramon,254
2023-08-30,Zegama,320
2023-08-31,Arrasate,343
2023-08-31,Berastegi,286
2023-08-31,Bidania,343
2023-08-31,Miramon,181
2023-08-31,Zegama,194
2023-09-01,Arrasate,10
2023-09-01,Berastegi,327
2023-09-01,Bidania,324
2023-09-01,Miramon,246
2023-09-01,Zegama,48
2023-09-02,Arrasate,22
2023-09-02,Berastegi,136
2023-09-02,Miramon,167
2023-09-03,Arrasate,76
2023-09-03,Berastegi,149
2023-09-03,Bidania,135
2023-09-03,Miramon,174
2023-09-03,Zegama,138
2023-09-04,Arrasate,150
2023-09-04,Berastegi,163
2023-09-04,Bidania,154
2023-09-04,Miramon,190
2023-09-04,Zegama,142
2023-09-05,Arrasate,162
2023-09-05,Berastegi,140
2023-09-05,Bidania,151
2023-09-05,Miramon,160
2023-09-05,Zegama,130
2023-09-06,Arrasate,158
2023-09-06,Berastegi,144
2023-09-06,Bidania,144
2023-09-06,Miramon,174
2023-09-06,Zegama,133
2023-09-07,Arrasate,191
2023-09-07,Berastegi,134
2023-09-07,Bidania,141
2023-09-07,Miramon,172
2023-09-07,Zegama,133
2023-09-08,Arrasate,124
2023-09-08,Berastegi,125
2023-09-08,Bidania,141
2023-09-08,Miramon,209
2023-09-08,Zegama,137
2023-09-09,Arrasate,159
2023-09-09,Berastegi,124
2023-09-09,Bidania,146
2023-09-09,Miramon,165
2023-09-09,Zegama,141
2023-09-10,Arrasate,67
2023-09-10,Berastegi,123
2023-09-10,Bidania,139
2023-09-10,Miramon,267
2023-09-10,Zegama,137
2023-09-11,Arrasate,12
2023-09-11,Berastegi,47
2023-09-11,Bidania,119
2023-09-11,Miramon,213
2023-09-11,Zegama,139
2023-09-12,Arrasate,350
2023-09-12,Berastegi,316
2023-09-12,Bidania,318
2023-09-12,Miramon,264
2023-09-12,Zegama,339
2023-09-13,Arrasate,1
2023-09-13,Berastegi,318
2023-09-13,Bidania,328
2023-09-13,Miramon,275
2023-09-13,Zegama,343
2023-09-14,Arrasate,349
2023-09-14,Berastegi,294
2023-09-14,Bidania,99
2023-09-14,Miramon,359
2023-09-14,Zegama,334
2023-09-15,Arrasate,161
2023-09-15,Berastegi,136
2023-09-15,Bidania,152
2023-09-15,Miramon,172
2023-09-15,Zegama,128
2023-09-16,Arrasate,152
2023-09-16,Berastegi,130
2023-09-16,Bidania,156
2023-09-16,Miramon,172
2023-09-16,Zegama,134
2023-09-17,Arrasate,177
2023-09-17,Berastegi,148
2023-09-17,Bidania,156
2023-09-17,Miramon,176
2023-09-17,Zegama,146
2023-09-18,Arrasate,250
2023-09-18,Berastegi,178
2023-09-18,Bidania,211
2023-09-18,Miramon,240
2023-09-18,Zegama,162
2023-09-19,Arrasate,355
2023-09-19,Berastegi,285
2023-09-19,Bidania,165
2023-09-19,Miramon,169
2023-09-19,Zegama,326
2023-09-20,Arrasate,213
2023-09-20,Berastegi,157
2023-09-20,Bidania,165
2023-09-20,Miramon,195
2023-09-20,Zegama,146
2023-09-21,Arrasate,221
2023-09-21,Berastegi,154
2023-09-21,Miramon,220
2023-09-22,Arrasate,322
2023-09-22,Berastegi,265
2023-09-22,Bidania,299
2023-09-22,Miramon,212
2023-09-22,Zegama,346
2023-09-23,Arrasate,339
2023-09-23,Berastegi,292
2023-09-23,Bidania,324
2023-09-23,Miramon,191
2023-09-23,Zegama,189
2023-09-24,Arrasate,191
2023-09-24,Berastegi,142
2023-09-24,Bidania,154
2023-09-24,Miramon,174
2023-09-24,Zegama,135
2023-09-25,Arrasate,0
2023-09-25,Berastegi,302
2023-09-25,Bidania,150
2023-09-25,Miramon,183
2023-09-25,Zegama,134
2023-09-26,Arrasate,347
2023-09-26,Berastegi,304
2023-09-26,Bidania,110
2023-09-26,Miramon,308
2023-09-26,Zegama,109
2023-09-27,Arrasate,205
2023-09-27,Berastegi,151
2023-09-27,Bidania,147
2023-09-27,Miramon,188
2023-09-27,Zegama,124
2023-09-28,Arrasate,258
2023-09-28,Berastegi,148
2023-09-28,Bidania,161
2023-09-28,Miramon,186
2023-09-28,Zegama,140
2023-09-29,Arrasate,5
2023-09-29,Berastegi,306
2023-09-29,Bidania,333
2023-09-29,Miramon,264
2023-09-29,Zegama,282
2023-09-30,Arrasate,162
2023-09-30,Berastegi,258
2023-09-30,Bidania,151
2023-09-30,Miramon,171
2023-09-30,Zegama,141
2023-10-01,Arrasate,298
2023-10-01,Berastegi,237
2023-10-01,Bidania,148
2023-10-01,Miramon,176
2023-10-01,Zegama,136
2023-10-02,Arrasate,190
2023-10-02,Berastegi,131
2023-10-02,Bidania,145
2023-10-02,Miramon,199
2023-10-02,Zegama,132
2023-10-03,Arrasate,341
2023-10-03,Berastegi,322
2023-10-03,Bidania,324
2023-10-03,Miramon,293
2023-10-03,Zegama,336
2023-10-04,Arrasate,11
2023-10-04,Berastegi,318
2023-10-04,Bidania,331
2023-10-04,Miramon,285
2023-10-04,Zegama,319
2023-10-05,Arrasate,162
2023-10-05,Berastegi,326
2023-10-05,Bidania,154
2023-10-05,Miramon,214
2023-10-05,Zegama,206
2023-10-06,Arrasate,316
2023-10-06,Berastegi,321
2023-10-06,Bidania,47
2023-10-06,Miramon,209
2023-10-06,Zegama,142
2023-10-07,Arrasate,135
2023-10-07,Berastegi,281
2023-10-07,Bidania,149
2023-10-07,Miramon,167
2023-10-07,Zegama,134
2023-10-08,Arrasate,319
2023-10-08,Berastegi,259
2023-10-08,Bidania,131
2023-10-08,Miramon,176
2023-10-08,Zegama,144
2023-10-09,Arrasate,347
2023-10-09,Berastegi,282
2023-10-09,Bidania,100
2023-10-09,Miramon,173
2023-10-09,Zegama,140
2023-10-10,Arrasate,332
2023-10-10,Berastegi,276
2023-10-10,Bidania,19
2023-10-10,Miramon,177
2023-10-10,Zegama,144
2023-10-11,Arrasate,224
2023-10-11,Berastegi,135
2023-10-11,Bidania,145
2023-10-11,Miramon,178
2023-10-11,Zegama,143
2023-10-12,Arrasate,208
2023-10-12,Berastegi,128
2023-10-12,Bidania,142
2023-10-12,Miramon,179
2023-10-12,Zegama,141
2023-10-13,Arrasate,212
2023-10-13,Berastegi,134
2023-10-13,Bidania,168
2023-10-13,Miramon,188
2023-10-13,Zegama,136
2023-10-14,Arrasate,352
2023-10-14,Berastegi,310
2023-10-14,Bidania,314
2023-10-14,Miramon,246
2023-10-14,Zegama,326
2023-10-15,Arrasate,21
2023-10-15,Berastegi,215
2023-10-15,Bidania,124
2023-10-15,Miramon,87
2023-10-15,Zegama,42
2023-10-16,Arrasate,175
2023-10-16,Berastegi,135
2023-10-16,Bidania,157
2023-10-16,Miramon,177
2023-10-16,Zegama,168
2023-10-17,Arrasate,149
2023-10-17,Berastegi,145
2023-10-17,Bidania,157
2023-10-17,Miramon,163
2023-10-17,Zegama,129
2023-10-18,Arrasate,200
2023-10-18,Berastegi,152
2023-10-18,Bidania,182
2023-10-18,Miramon,192
2023-10-18,Zegama,139
2023-10-19,Arrasate,206
2023-10-19,Berastegi,148
2023-10-19,Bidania,171
2023-10-19,Miramon,189
2023-10-20,Arrasate,237
2023-10-20,Berastegi,220
2023-10-20,Bidania,262
2023-10-20,Miramon,233
2023-10-21,Arrasate,216
2023-10-21,Berastegi,199
2023-10-21,Bidania,175
2023-10-21,Miramon,198
2023-10-21,Zegama,220
2023-10-22,Arrasate,160
2023-10-22,Berastegi,144
2023-10-22,Bidania,139
2023-10-22,Miramon,167
2023-10-22,Zegama,140
2023-10-23,Arrasate,251
2023-10-23,Berastegi,188
2023-10-23,Bidania,142
2023-10-23,Miramon,243
2023-10-23,Zegama,168
2023-10-24,Arrasate,193
2023-10-24,Berastegi,167
2023-10-24,Bidania,181
2023-10-24,Miramon,181
2023-10-24,Zegama,175
2023-10-25,Arrasate,194
2023-10-25,Berastegi,149
2023-10-25,Bidania,225
2023-10-25,Miramon,200
2023-10-25,Zegama,158
2023-10-26,Arrasate,170
2023-10-26,Berastegi,332
2023-10-26,Miramon,208
2023-10-27,Arrasate,215
2023-10-27,Berastegi,167
2023-10-27,Bidania,216
2023-10-27,Miramon,204
2023-10-27,Zegama,146
2023-10-28,Arrasate,213
2023-10-28,Berastegi,146
2023-10-28,Bidania,170
2023-10-28,Miramon,185
2023-10-28,Zegama,144
2023-10-29,Arrasate,215
2023-10-29,Berastegi,133
2023-10-29,Bidania,161
2023-10-29,Miramon,179
2023-10-29,Zegama,138
2023-10-30,Arrasate,205
2023-10-30,Berastegi,163
2023-10-30,Bidania,211
2023-10-30,Miramon,217
2023-10-30,Zegama,126
2023-10-31,Arrasate,200
2023-10-31,Berastegi,145
2023-10-31,Bidania,165
2023-10-31,Miramon,194
2023-10-31,Zegama,184
2023-11-01,Arrasate,221
2023-11-01,Berastegi,153
2023-11-01,Bidania,184
2023-11-01,Miramon,191
2023-11-01,Zegama,136
2023-11-02,Arrasate,260
2023-11-02,Berastegi,246
2023-11-02,Bidania,277
2023-11-02,Miramon,247
2023-11-03,Arrasate,242
2023-11-03,Berastegi,313
2023-11-03,Bidania,268
2023-11-03,Miramon,239
2023-11-03,Zegama,316
2023-11-04,Arrasate,230
2023-11-04,Berastegi,148
2023-11-04,Bidania,211
2023-11-04,Miramon,204
2023-11-04,Zegama,130
2023-11-05,Arrasate,207
2023-11-05,Berastegi,176
2023-11-05,Bidania,233
2023-11-05,Miramon,233
2023-11-05,Zegama,171
2023-11-06,Arrasate,234
2023-11-06,Berastegi,206
2023-11-06,Bidania,261
2023-11-06,Miramon,219
2023-11-06,Zegama,227
2023-11-07,Arrasate,228
2023-11-07,Berastegi,187
2023-11-07,Bidania,211
2023-11-07,Miramon,192
2023-11-07,Zegama,235
2023-11-08,Arrasate,208
2023-11-08,Berastegi,140
2023-11-08,Bidania,163
2023-11-08,Miramon,178
2023-11-08,Zegama,236
2023-11-09,Arrasate,334
2023-11-09,Berastegi,304
2023-11-09,Bidania,295
2023-11-09,Miramon,219
2023-11-09,Zegama,164
2023-11-10,Arrasate,336
2023-11-10,Berastegi,335
2023-11-10,Bidania,294
2023-11-10,Miramon,198
2023-11-10,Zegama,115
2023-11-11,Arrasate,228
2023-11-11,Berastegi,142
2023-11-11,Miramon,188
2023-11-12,Arrasate,221
2023-11-12,Berastegi,198
2023-11-12,Bidania,208
2023-11-12,Miramon,185
2023-11-12,Zegama,238
2023-11-13,Arrasate,196
2023-11-13,Berastegi,145
2023-11-13,Bidania,173
2023-11-13,Miramon,183
2023-11-13,Zegama,249
2023-11-14,Arrasate,211
2023-11-14,Berastegi,184
2023-11-14,Bidania,266
2023-11-14,Miramon,207
2023-11-14,Zegama,253
2023-11-15,Arrasate,155
2023-11-15,Berastegi,149
2023-11-15,Bidania,151
2023-11-15,Miramon,161
2023-11-15,Zegama,256
2023-11-16,Arrasate,285
2023-11-16,Berastegi,292
2023-11-16,Miramon,260
2023-11-17,Arrasate,336
2023-11-17,Berastegi,248
2023-11-17,Bidania,320
2023-11-17,Miramon,181
2023-11-17,Zegama,154
2023-11-18,Arrasate,253
2023-11-18,Berastegi,301
2023-11-18,Bidania,140
2023-11-18,Miramon,179
2023-11-18,Zegama,162
2023-11-19,Arrasate,197
2023-11-19,Berastegi,274
2023-11-19,Bidania,340
2023-11-19,Miramon,184
2023-11-19,Zegama,170
2023-11-20,Arrasate,305
2023-11-20,Berastegi,318
2023-11-20,Miramon,236
2023-11-21,Arrasate,304
2023-11-21,Berastegi,306
2023-11-21,Miramon,307
2023-11-22,Arrasate,345
2023-11-22,Berastegi,285
2023-11-22,Bidania,323
2023-11-22,Miramon,38
2023-11-23,Arrasate,354
2023-11-23,Berastegi,313
2023-11-23,Bidania,321
2023-11-23,Miramon,284
2023-11-23,Zegama,355
2023-11-24,Arrasate,68
2023-11-24,Berastegi,322
2023-11-24,Bidania,323
2023-11-24,Miramon,184
2023-11-24,Zegama,348
2023-11-25,Arrasate,33
2023-11-25,Berastegi,313
2023-11-25,Miramon,11
2023-11-26,Arrasate,141
2023-11-26,Berastegi,140
2023-11-26,Bidania,158
2023-11-26,Miramon,175
2023-11-26,Zegama,160
2023-11-27,Arrasate,195
2023-11-27,Berastegi,310
2023-11-27,Miramon,224
2023-11-28,Arrasate,297
2023-11-28,Berastegi,315
2023-11-28,Miramon,288
2023-11-29,Arrasate,194
2023-11-29,Berastegi,156
2023-11-29,Bidania,176
2023-11-29,Miramon,196
2023-11-29,Zegama,173
2023-11-30,Arrasate,310
2023-11-30,Berastegi,308
2023-11-30,Miramon,245
2023-12-01,Arrasate,271
2023-12-01,Berastegi,299
2023-12-01,Miramon,227
2023-12-02,Arrasate,319
2023-12-02,Berastegi,301
2023-12-02,Bidania,320
2023-12-02,Miramon,189
2023-12-02,Zegama,358
2023-12-03,Arrasate,191
2023-12-03,Berastegi,136
2023-12-03,Bidania,163
2023-12-03,Miramon,180
2023-12-03,Zegama,171
2023-12-04,Arrasate,216
2023-12-04,Berastegi,143
2023-12-04,Bidania,203
2023-12-04,Miramon,223
2023-12-04,Zegama,162
2023-12-05,Arrasate,308
2023-12-05,Berastegi,220
2023-12-05,Bidania,324
2023-12-05,Miramon,191
2023-12-05,Zegama,31
2023-12-06,Arrasate,279
2023-12-06,Berastegi,142
2023-12-06,Bidania,146
2023-12-06,Miramon,174
2023-12-06,Zegama,170
2023-12-07,Arrasate,242
2023-12-07,Berastegi,119
2023-12-07,Bidania,163
2023-12-07,Miramon,179
2023-12-07,Zegama,233
2023-12-08,Arrasate,284
2023-12-08,Berastegi,279
2023-12-08,Bidania,300
2023-12-08,Miramon,217
2023-12-08,Zegama,338
2023-12-09,Arrasate,222
2023-12-09,Berastegi,129
2023-12-09,Bidania,170
2023-12-09,Miramon,196
2023-12-09,Zegama,252
2023-12-10,Arrasate,218
2023-12-10,Berastegi,161
2023-12-10,Bidania,158
2023-12-10,Miramon,180
2023-12-10,Zegama,252
2023-12-11,Arrasate,192
2023-12-11,Berastegi,156
2023-12-11,Bidania,186
2023-12-11,Miramon,185
2023-12-11,Zegama,250
2023-12-12,Arrasate,194
2023-12-12,Berastegi,161
2023-12-12,Bidania,264
2023-12-12,Miramon,200
2023-12-12,Zegama,222
2023-12-13,Arrasate,301
2023-12-13,Berastegi,291
2023-12-13,Bidania,299
2023-12-13,Miramon,273
2023-12-13,Zegama,352
2023-12-14,Arrasate,311
2023-12-14,Berastegi,324
2023-12-14,Bidania,320
2023-12-14,Miramon,310
2023-12-15,Arrasate,337
2023-12-15,Berastegi,318
2023-12-15,Miramon,302
2023-12-16,Arrasate,23
2023-12-16,Berastegi,201
2023-12-16,Bidania,322
2023-12-16,Miramon,109
2023-12-16,Zegama,350
2023-12-17,Arrasate,160
2023-12-17,Berastegi,133
2023-12-17,Bidania,142
2023-12-17,Miramon,173
2023-12-17,Zegama,169
2023-12-18,Arrasate,279
2023-12-18,Berastegi,218
2023-12-18,Bidania,164
2023-12-18,Miramon,185
2023-12-18,Zegama,162
2023-12-19,Arrasate,195
2023-12-19,Berastegi,31
2023-12-19,Miramon,185
2023-12-20,Arrasate,318
2023-12-20,Berastegi,319
2023-12-20,Miramon,317
2023-12-21,Arrasate,310
2023-12-21,Berastegi,321
2023-12-21,Miramon,276
2023-12-22,Arrasate,311
2023-12-22,Berastegi,322
2023-12-22,Miramon,285
2023-12-23,Arrasate,354
2023-12-23,Berastegi,318
2023-12-23,Miramon,261
2023-12-24,Arrasate,142
2023-12-24,Berastegi,311
2023-12-24,Miramon,179
2023-12-24,Zegama,156
2023-12-25,Arrasate,283
2023-12-25,Berastegi,150
2023-12-25,Bidania,139
2023-12-25,Miramon,181
2023-12-25,Zegama,162
2023-12-26,Arrasate,189
2023-12-26,Berastegi,151
2023-12-26,Bidania,141
2023-12-26,Miramon,181
2023-12-26,Zegama,164
2023-12-27,Arrasate,255
2023-12-27,Berastegi,130
2023-12-27,Bidania,161
2023-12-27,Miramon,192
2023-12-27,Zegama,189
2023-12-28,Arrasate,236
2023-12-28,Berastegi,125
2023-12-28,Bidania,162
2023-12-28,Miramon,188
2023-12-28,Zegama,251
2023-12-29,Arrasate,296
2023-12-29,Berastegi,262
2023-12-29,Bidania,140
2023-12-29,Miramon,187
2023-12-29,Zegama,282
2023-12-30,Arrasate,206
2023-12-30,Berastegi,150
2023-12-30,Bidania,174
2023-12-30,Miramon,185
2023-12-30,Zegama,189
2023-12-31,Arrasate,250
2023-12-31,Berastegi,202
2023-12-31,Bidania,282
2023-12-31,Miramon,246
2023-12-31,Zegama,156
2024-01-01,Arrasate,209
2024-01-01,Berastegi,143
2024-01-01,Bidania,159
2024-01-01,Miramon,186
2024-01-01,Zegama,241
2024-01-02,Arrasate,204
2024-01-02,Berastegi,144
2024-01-02,Bidania,181
2024-01-02,Miramon,193
2024-01-02,Zegama,198
2024-01-03,Arrasate,251
2024-01-03,Berastegi,130
2024-01-03,Bidania,271
2024-01-03,Miramon,231
2024-01-04,Arrasate,215
2024-01-04,Berastegi,132
2024-01-04,Bidania,153
2024-01-04,Miramon,193
2024-01-04,Zegama,224
2024-01-05,Arrasate,308
2024-01-05,Berastegi,297
2024-01-05,Bidania,310
2024-01-05,Miramon,261
2024-01-05,Zegama,2
2024-01-06,Arrasate,306
2024-01-06,Berastegi,327
2024-01-06,Bidania,322
2024-01-06,Miramon,311
2024-01-07,Arrasate,320
2024-01-07,Berastegi,342
2024-01-07,Bidania,341
2024-01-07,Miramon,238
2024-01-08,Arrasate,29
2024-01-08,Berastegi,274
2024-01-08,Bidania,329
2024-01-08,Miramon,150
2024-01-08,Zegama,4
2024-01-09,Arrasate,89
2024-01-09,Berastegi,315
2024-01-09,Bidania,146
2024-01-09,Miramon,162
2024-01-10,Arrasate,319
2024-01-10,Berastegi,107
2024-01-10,Bidania,186
2024-01-10,Miramon,222
2024-01-11,Arrasate,7
2024-01-11,Berastegi,311
2024-01-11,Miramon,170
2024-01-12,Arrasate,148
2024-01-12,Berastegi,301
2024-01-12,Bidania,138
2024-01-12,Miramon,168
2024-01-13,Arrasate,265
2024-01-13,Berastegi,138
2024-01-13,Bidania,158
2024-01-13,Miramon,184
2024-01-13,Zegama,161
2024-01-14,Arrasate,263
2024-01-14,Berastegi,172
2024-01-14,Bidania,205
2024-01-14,Miramon,199
2024-01-14,Zegama,233
2024-01-15,Arrasate,279
2024-01-15,Berastegi,176
2024-01-15,Miramon,192
2024-01-16,Arrasate,188
2024-01-16,Berastegi,126
2024-01-16,Bidania,159
2024-01-16,Miramon,181
2024-01-16,Zegama,171
2024-01-17,Arrasate,214
2024-01-17,Berastegi,160
2024-01-17,Bidania,189
2024-01-17,Miramon,195
2024-01-17,Zegama,157
2024-01-18,Arrasate,254
2024-01-18,Berastegi,221
2024-01-18,Bidania,236
2024-01-18,Miramon,241
2024-01-18,Zegama,143
2024-01-19,Arrasate,15
2024-01-19,Berastegi,300
2024-01-19,Bidania,30
2024-01-19,Miramon,57
2024-01-19,Zegama,347
2024-01-20,Arrasate,272
2024-01-20,Berastegi,154
2024-01-20,Bidania,148
2024-01-20,Miramon,173
2024-01-20,Zegama,147
2024-01-21,Arrasate,271
2024-01-21,Berastegi,125
2024-01-21,Bidania,148
2024-01-21,Miramon,184
2024-01-21,Zegama,227
2024-01-22,Arrasate,243
2024-01-22,Berastegi,118
2024-01-22,Bidania,151
2024-01-22,Miramon,194
2024-01-22,Zegama,265
2024-01-23,Arrasate,223
2024-01-23,Berastegi,222
2024-01-23,Bidania,139
2024-01-23,Miramon,172
2024-01-23,Zegama,169
2024-01-24,Arrasate,158
2024-01-24,Berastegi,264
2024-01-24,Bidania,146
2024-01-24,Miramon,178
2024-01-24,Zegama,160
2024-01-25,Arrasate,258
2024-01-25,Berastegi,272
2024-01-25,Bidania,146
2024-01-25,Miramon,203
2024-01-25,Zegama,132
2024-01-26,Arrasate,190
2024-01-26,Berastegi,286
2024-01-26,Bidania,345
2024-01-26,Miramon,184
2024-01-26,Zegama,136
2024-01-27,Arrasate,213
2024-01-27,Berastegi,140
2024-01-27,Bidania,141
2024-01-27,Miramon,168
2024-01-27,Zegama,156
2024-01-28,Arrasate,242
2024-01-28,Berastegi,137
2024-01-28,Bidania,160
2024-01-28,Miramon,178
2024-01-28,Zegama,147
2024-01-29,Arrasate,264
2024-01-29,Berastegi,134
2024-01-29,Bidania,149
2024-01-29,Miramon,188
2024-01-29,Zegama,143
2024-01-30,Arrasate,271
2024-01-30,Berastegi,150
2024-01-30,Bidania,149
2024-01-30,Miramon,189
2024-01-30,Zegama,156
2024-01-31,Arrasate,181
2024-01-31,Berastegi,256
2024-01-31,Bidania,155
2024-01-31,Miramon,178
2024-01-31,Zegama,160
2024-02-01,Arrasate,335
2024-02-01,Berastegi,324
2024-02-01,Miramon,230
2024-02-02,Arrasate,12
2024-02-02,Berastegi,307
2024-02-02,Miramon,3
2024-02-03,Arrasate,151
2024-02-03,Berastegi,311
2024-02-03,Bidania,127
2024-02-03,Miramon,175
2024-02-03,Zegama,154
2024-02-04,Arrasate,156
2024-02-04,Berastegi,225
2024-02-04,Miramon,177
2024-02-05,Arrasate,359
2024-02-05,Berastegi,312
2024-02-05,Bidania,331
2024-02-05,Miramon,259
2024-02-05,Zegama,337
2024-02-06,Arrasate,326
2024-02-06,Berastegi,257
2024-02-06,Bidania,219
2024-02-06,Miramon,155
2024-02-06,Zegama,180
2024-02-07,Arrasate,213
2024-02-07,Berastegi,176
2024-02-07,Bidania,166
2024-02-07,Miramon,186
2024-02-07,Zegama,239
2024-02-08,Arrasate,196
2024-02-08,Berastegi,136
2024-02-08,Bidania,166
2024-02-08,Miramon,178
2024-02-08,Zegama,173
2024-02-09,Arrasate,162
2024-02-09,Berastegi,145
2024-02-09,Bidania,160
2024-02-09,Miramon,167
2024-02-09,Zegama,157
2024-02-10,Arrasate,306
2024-02-10,Berastegi,300
2024-02-10,Bidania,302
2024-02-10,Miramon,278
2024-02-10,Zegama,352
2024-02-11,Arrasate,201
2024-02-11,Berastegi,308
2024-02-11,Bidania,242
2024-02-11,Miramon,251
2024-02-11,Zegama,203
2024-02-12,Arrasate,277
2024-02-12,Berastegi,334
2024-02-12,Bidania,263
2024-02-12,Miramon,247
2024-02-12,Zegama,256
2024-02-13,Arrasate,198
2024-02-13,Berastegi,203
2024-02-13,Bidania,157
2024-02-13,Miramon,179
2024-02-13,Zegama,258
2024-02-14,Arrasate,218
2024-02-14,Berastegi,144
2024-02-14,Bidania,150
2024-02-14,Miramon,171
2024-02-14,Zegama,190
2024-02-15,Arrasate,156
2024-02-15,Berastegi,151
2024-02-15,Bidania,160
2024-02-15,Miramon,172
2024-02-15,Zegama,155
2024-02-16,Arrasate,314
2024-02-16,Berastegi,310
2024-02-16,Bidania,322
2024-02-16,Miramon,277
2024-02-16,Zegama,356
2024-02-17,Arrasate,319
2024-02-17,Berastegi,288
2024-02-17,Bidania,352
2024-02-17,Miramon,190
2024-02-17,Zegama,42
2024-02-18,Arrasate,317
2024-02-18,Berastegi,312
2024-02-18,Bidania,318
2024-02-18,Miramon,190
2024-02-18,Zegama,22
2024-02-19,Arrasate,356
2024-02-19,Berastegi,317
2024-02-19,Miramon,310
2024-02-19,Zegama,1
2024-02-20,Arrasate,222
2024-02-20,Berastegi,302
2024-02-20,Bidania,175
2024-02-20,Miramon,121
2024-02-20,Zegama,162
2024-02-21,Arrasate,229
2024-02-21,Berastegi,149
2024-02-21,Bidania,152
2024-02-21,Miramon,179
2024-02-21,Zegama,236
2024-02-22,Arrasate,241
2024-02-22,Berastegi,180
2024-02-22,Bidania,200
2024-02-22,Miramon,228
2024-02-22,Zegama,229
2024-02-23,Arrasate,238
2024-02-23,Berastegi,312
2024-02-23,Bidania,265
2024-02-23,Miramon,256
2024-02-23,Zegama,157
2024-02-24,Arrasate,225
2024-02-24,Berastegi,246
2024-02-24,Bidania,278
2024-02-24,Miramon,222
2024-02-24,Zegama,163
2024-02-25,Arrasate,217
2024-02-25,Berastegi,149
2024-02-25,Bidania,200
2024-02-25,Miramon,203
2024-02-25,Zegama,173
2024-02-26,Arrasate,294
2024-02-26,Berastegi,311
2024-02-26,Bidania,308
2024-02-26,Miramon,290
2024-02-26,Zegama,14
2024-02-27,Arrasate,311
2024-02-27,Berastegi,321
2024-02-27,Miramon,320
2024-02-27,Zegama,354
2024-02-28,Arrasate,332
2024-02-28,Berastegi,310
2024-02-28,Bidania,334
2024-02-28,Miramon,335
2024-02-28,Zegama,355
2024-02-29,Arrasate,302
2024-02-29,Berastegi,295
2024-02-29,Bidania,300
2024-02-29,Miramon,252
2024-02-29,Zegama,13
2024-03-01,Arrasate,235
2024-03-01,Berastegi,217
2024-03-01,Bidania,236
2024-03-01,Miramon,214
2024-03-01,Zegama,233
2024-03-02,Arrasate,229
2024-03-02,Berastegi,156
2024-03-02,Bidania,188
2024-03-02,Miramon,207
2024-03-02,Zegama,158
2024-03-03,Arrasate,310
2024-03-03,Berastegi,275
2024-03-03,Bidania,302
2024-03-03,Miramon,267
2024-03-03,Zegama,352
2024-03-04,Arrasate,275
2024-03-04,Berastegi,149
2024-03-04,Bidania,185
2024-03-04,Miramon,200
2024-03-04,Zegama,218
2024-03-05,Arrasate,333
2024-03-05,Berastegi,314
2024-03-05,Bidania,312
2024-03-05,Miramon,248
2024-03-05,Zegama,45
2024-03-06,Arrasate,230
2024-03-06,Berastegi,123
2024-03-06,Bidania,149
2024-03-06,Miramon,167
2024-03-06,Zegama,165
2024-03-07,Arrasate,156
2024-03-07,Berastegi,144
2024-03-07,Bidania,156
2024-03-07,Miramon,158
2024-03-07,Zegama,152
2024-03-08,Arrasate,174
2024-03-08,Berastegi,142
2024-03-08,Bidania,168
2024-03-08,Miramon,175
2024-03-08,Zegama,169
2024-03-09,Arrasate,199
2024-03-09,Berastegi,144
2024-03-09,Bidania,169
2024-03-09,Miramon,172
2024-03-09,Zegama,174
2024-03-10,Arrasate,224
2024-03-10,Berastegi,144
2024-03-10,Bidania,235
2024-03-10,Miramon,230
2024-03-10,Zegama,217
2024-03-11,Arrasate,299
2024-03-11,Berastegi,299
2024-03-11,Miramon,262
2024-03-11,Zegama,342
2024-03-12,Arrasate,314
2024-03-12,Berastegi,313
2024-03-12,Bidania,295
2024-03-12,Miramon,182
2024-03-12,Zegama,118
2024-03-13,Arrasate,201
2024-03-13,Berastegi,133
2024-03-13,Bidania,149
2024-03-13,Miramon,176
2024-03-13,Zegama,160
2024-03-14,Arrasate,213
2024-03-14,Berastegi,154
2024-03-14,Bidania,206
2024-03-14,Miramon,199
2024-03-14,Zegama,187
2024-03-15,Arrasate,315
2024-03-15,Berastegi,322
2024-03-15,Bidania,327
2024-03-15,Miramon,262
2024-03-15,Zegama,308
2024-03-16,Arrasate,213
2024-03-16,Berastegi,144
2024-03-16,Bidania,166
2024-03-16,Miramon,169
2024-03-16,Zegama,185
2024-03-17,Arrasate,218
2024-03-17,Berastegi,336
2024-03-17,Bidania,200
2024-03-17,Miramon,282
2024-03-17,Zegama,235
2024-03-18,Arrasate,123
2024-03-18,Berastegi,303
2024-03-18,Bidania,152
2024-03-18,Miramon,348
2024-03-18,Zegama,6
2024-03-19,Arrasate,319
2024-03-19,Berastegi,322
2024-03-19,Bidania,142
2024-03-19,Miramon,298
2024-03-19,Zegama,34
2024-03-20,Arrasate,347
2024-03-20,Berastegi,113
2024-03-20,Bidania,158
2024-03-20,Miramon,324
2024-03-20,Zegama,148
2024-03-21,Arrasate,317
2024-03-21,Berastegi,330
2024-03-21,Bidania,353
2024-03-21,Miramon,324
2024-03-21,Zegama,12
2024-03-22,Arrasate,328
2024-03-22,Berastegi,319
2024-03-22,Bidania,321
2024-03-22,Miramon,302
2024-03-22,Zegama,11
2024-03-23,Arrasate,354
2024-03-23,Berastegi,321
2024-03-23,Bidania,324
2024-03-23,Miramon,330
2024-03-23,Zegama,9
2024-03-24,Arrasate,356
2024-03-24,Berastegi,304
2024-03-24,Bidania,347
2024-03-24,Miramon,339
2024-03-24,Zegama,7
2024-03-25,Arrasate,217
2024-03-25,Berastegi,143
2024-03-25,Bidania,164
2024-03-25,Miramon,225
2024-03-25,Zegama,149
2024-03-26,Arrasate,309
2024-03-26,Berastegi,261
2024-03-26,Bidania,299
2024-03-26,Miramon,223
2024-03-26,Zegama,43
2024-03-27,Arrasate,219
2024-03-27,Berastegi,162
2024-03-27,Bidania,205
2024-03-27,Miramon,204
2024-03-27,Zegama,180
2024-03-28,Arrasate,215
2024-03-28,Berastegi,156
2024-03-28,Bidania,191
2024-03-28,Miramon,190
2024-03-28,Zegama,154
2024-03-29,Arrasate,212
2024-03-29,Berastegi,137
2024-03-29,Bidania,192
2024-03-29,Miramon,182
2024-03-29,Zegama,195
2024-03-30,Arrasate,155
2024-03-30,Berastegi,141
2024-03-30,Bidania,153
2024-03-30,Miramon,156
2024-03-30,Zegama,155
2024-03-31,Arrasate,203
2024-03-31,Berastegi,147
2024-03-31,Bidania,172
2024-03-31,Miramon,191
2024-03-31,Zegama,171
2024-04-01,Arrasate,221
2024-04-01,Berastegi,192
2024-04-01,Bidania,215
2024-04-01,Miramon,210
2024-04-01,Zegama,167
2024-04-02,Arrasate,193
2024-04-02,Berastegi,139
2024-04-02,Bidania,168
2024-04-02,Miramon,175
2024-04-02,Zegama,177
2024-04-03,Arrasate,205
2024-04-03,Berastegi,185
2024-04-03,Bidania,218
2024-04-03,Miramon,208
2024-04-03,Zegama,199
2024-04-04,Arrasate,198
2024-04-04,Berastegi,133
2024-04-04,Bidania,168
2024-04-04,Miramon,183
2024-04-04,Zegama,204
2024-04-05,Arrasate,163
2024-04-05,Berastegi,141
2024-04-05,Bidania,162
2024-04-05,Miramon,165
2024-04-05,Zegama,158
2024-04-06,Arrasate,179
2024-04-06,Berastegi,129
2024-04-06,Bidania,167
2024-04-06,Miramon,174
2024-04-06,Zegama,160
2024-04-07,Arrasate,332
2024-04-07,Berastegi,134
2024-04-07,Bidania,152
2024-04-07,Miramon,199
2024-04-07,Zegama,160
2024-04-08,Arrasate,264
2024-04-08,Berastegi,182
2024-04-08,Bidania,226
2024-04-08,Miramon,243
2024-04-08,Zegama,190
2024-04-09,Arrasate,312
2024-04-09,Berastegi,303
2024-04-09,Bidania,310
2024-04-09,Miramon,270
2024-04-09,Zegama,355
2024-04-10,Arrasate,342
2024-04-10,Berastegi,301
2024-04-10,Bidania,323
2024-04-10,Miramon,228
2024-04-10,Zegama,36
2024-04-11,Arrasate,342
2024-04-11,Berastegi,317
2024-04-11,Bidania,89
2024-04-11,Miramon,239
2024-04-11,Zegama,32
2024-04-12,Arrasate,305
2024-04-12,Berastegi,310
2024-04-12,Bidania,158
2024-04-12,Miramon,185
2024-04-12,Zegama,125
2024-04-13,Arrasate,339
2024-04-13,Berastegi,298
2024-04-13,Bidania,330
2024-04-13,Miramon,186
2024-04-13,Zegama,144
2024-04-14,Arrasate,11
2024-04-14,Berastegi,315
2024-04-14,Bidania,336
2024-04-14,Miramon,249
2024-04-14,Zegama,18
2024-04-15,Arrasate,346
2024-04-15,Berastegi,322
2024-04-15,Miramon,290
2024-04-15,Zegama,358
2024-04-16,Arrasate,313
2024-04-16,Berastegi,321
2024-04-16,Bidania,319
2024-04-16,Miramon,292
2024-04-16,Zegama,356
2024-04-17,Arrasate,343
2024-04-17,Berastegi,317
2024-04-17,Bidania,320
2024-04-17,Miramon,309
2024-04-17,Zegama,349
2024-04-18,Arrasate,344
2024-04-18,Berastegi,308
2024-04-18,Bidania,325
2024-04-18,Miramon,321
2024-04-18,Zegama,8
2024-04-19,Arrasate,19
2024-04-19,Berastegi,96
2024-04-19,Bidania,134
2024-04-19,Miramon,235
2024-04-19,Zegama,107
2024-04-20,Arrasate,347
2024-04-20,Berastegi,299
2024-04-20,Bidania,343
2024-04-20,Miramon,298
2024-04-20,Zegama,11
2024-04-21,Arrasate,340
2024-04-21,Berastegi,302
2024-04-21,Bidania,329
2024-04-21,Miramon,349
2024-04-21,Zegama,18
2024-04-22,Arrasate,352
2024-04-22,Berastegi,301
2024-04-22,Bidania,326
2024-04-22,Miramon,354
2024-04-22,Zegama,360
2024-04-23,Arrasate,319
2024-04-23,Berastegi,316
2024-04-23,Bidania,321
2024-04-23,Miramon,333
2024-04-23,Zegama,349
2024-04-24,Arrasate,327
2024-04-24,Berastegi,325
2024-04-24,Bidania,321
2024-04-24,Miramon,275
2024-04-24,Zegama,352
2024-04-25,Arrasate,339
2024-04-25,Berastegi,312
2024-04-25,Bidania,318
2024-04-25,Miramon,232
2024-04-25,Zegama,32
2024-04-26,Arrasate,349
2024-04-26,Berastegi,137
2024-04-26,Bidania,140
2024-04-26,Miramon,194
2024-04-26,Zegama,176
2024-04-27,Arrasate,213
2024-04-27,Berastegi,159
2024-04-27,Bidania,186
2024-04-27,Miramon,222
2024-04-27,Zegama,167
2024-04-28,Arrasate,340
2024-04-28,Berastegi,325
2024-04-28,Bidania,324
2024-04-28,Miramon,245
2024-04-28,Zegama,32
2024-04-29,Arrasate,10
2024-04-29,Berastegi,312
2024-04-29,Miramon,270
2024-04-29,Zegama,18
2024-04-30,Arrasate,216
2024-04-30,Berastegi,285
2024-04-30,Bidania,238
2024-04-30,Miramon,230
2024-04-30,Zegama,143
2024-05-01,Arrasate,291
2024-05-01,Berastegi,310
2024-05-01,Miramon,265
2024-05-01,Zegama,29
2024-05-02,Arrasate,263
2024-05-02,Berastegi,286
2024-05-02,Bidania,307
2024-05-02,Miramon,241
2024-05-02,Zegama,59
2024-05-03,Arrasate,200
2024-05-03,Berastegi,196
2024-05-03,Bidania,198
2024-05-03,Miramon,206
2024-05-03,Zegama,200
2024-05-04,Arrasate,192
2024-05-04,Berastegi,168
2024-05-04,Bidania,193
2024-05-04,Miramon,193
2024-05-04,Zegama,208
2024-05-05,Arrasate,208
2024-05-05,Berastegi,176
2024-05-05,Bidania,174
2024-05-05,Miramon,232
2024-05-05,Zegama,179
2024-05-06,Arrasate,330
2024-05-06,Berastegi,319
2024-05-06,Bidania,310
2024-05-06,Miramon,272
2024-05-06,Zegama,358
2024-05-07,Arrasate,309
2024-05-07,Berastegi,324
2024-05-07,Bidania,317
2024-05-07,Miramon,287
2024-05-07,Zegama,349
2024-05-08,Arrasate,15
2024-05-08,Berastegi,308
2024-05-08,Bidania,51
2024-05-08,Miramon,321
2024-05-08,Zegama,358
2024-05-09,Arrasate,344
2024-05-09,Berastegi,311
2024-05-09,Bidania,166
2024-05-09,Miramon,277
2024-05-09,Zegama,45
2024-05-10,Arrasate,236
2024-05-10,Berastegi,126
2024-05-10,Bidania,136
2024-05-10,Miramon,181
2024-05-10,Zegama,143
2024-05-11,Arrasate,318
2024-05-11,Berastegi,161
2024-05-11,Bidania,144
2024-05-11,Miramon,289
2024-05-11,Zegama,148
2024-05-12,Arrasate,3
2024-05-12,Berastegi,329
2024-05-12,Miramon,279
2024-05-12,Zegama,3
2024-05-13,Arrasate,219
2024-05-13,Berastegi,126
2024-05-13,Bidania,167
2024-05-13,Miramon,221
2024-05-13,Zegama,149
2024-05-14,Arrasate,359
2024-05-14,Berastegi,302
2024-05-14,Bidania,320
2024-05-14,Miramon,221
2024-05-14,Zegama,45
2024-05-15,Arrasate,42
2024-05-15,Berastegi,285
2024-05-15,Bidania,158
2024-05-15,Miramon,190
2024-05-15,Zegama,146
2024-05-16,Arrasate,216
2024-05-16,Berastegi,280
2024-05-16,Bidania,262
2024-05-16,Miramon,201
2024-05-16,Zegama,231
2024-05-17,Arrasate,342
2024-05-17,Berastegi,304
2024-05-17,Bidania,330
2024-05-17,Miramon,244
2024-05-17,Zegama,50
2024-05-18,Arrasate,349
2024-05-18,Berastegi,324
2024-05-18,Bidania,83
2024-05-18,Miramon,217
2024-05-18,Zegama,120
2024-05-19,Arrasate,338
2024-05-19,Berastegi,322
2024-05-19,Bidania,318
2024-05-19,Miramon,275
2024-05-19,Zegama,11
2024-05-20,Arrasate,319
2024-05-20,Berastegi,306
2024-05-20,Bidania,315
2024-05-20,Miramon,269
2024-05-20,Zegama,18
2024-05-21,Arrasate,329
2024-05-21,Berastegi,315
2024-05-21,Bidania,312
2024-05-21,Miramon,253
2024-05-21,Zegama,27
2024-05-22,Arrasate,314
2024-05-22,Berastegi,317
2024-05-22,Bidania,293
2024-05-22,Miramon,191
2024-05-22,Zegama,147
2024-05-23,Arrasate,338
2024-05-23,Berastegi,314
2024-05-23,Bidania,316
2024-05-23,Miramon,271
2024-05-23,Zegama,26
2024-05-24,Arrasate,357
2024-05-24,Berastegi,317
2024-05-24,Bidania,327
2024-05-24,Miramon,268
2024-05-24,Zegama,20
2024-05-25,Arrasate,332
2024-05-25,Berastegi,124
2024-05-25,Bidania,220
2024-05-25,Miramon,247
2024-05-25,Zegama,145
2024-05-26,Arrasate,0
2024-05-26,Berastegi,318
2024-05-26,Miramon,278
2024-05-26,Zegama,25
2024-05-27,Arrasate,355
2024-05-27,Berastegi,317
2024-05-27,Miramon,316
2024-05-27,Zegama,348
2024-05-28,Arrasate,324
2024-05-28,Berastegi,316
2024-05-28,Bidania,324
2024-05-28,Miramon,235
2024-05-28,Zegama,23
2024-05-29,Arrasate,345
2024-05-29,Berastegi,301
2024-05-29,Bidania,316
2024-05-29,Miramon,292
2024-05-29,Zegama,25
2024-05-30,Arrasate,323
2024-05-30,Berastegi,319
2024-05-30,Miramon,298
2024-05-30,Zegama,354
2024-05-31,Arrasate,330
2024-05-31,Berastegi,321
2024-05-31,Bidania,321
2024-05-31,Miramon,313
2024-05-31,Zegama,5
2024-06-01,Arrasate,347
2024-06-01,Berastegi,325
2024-06-01,Bidania,324
2024-06-01,Miramon,316
2024-06-01,Zegama,11
2024-06-02,Arrasate,347
2024-06-02,Berastegi,325
2024-06-02,Bidania,329
2024-06-02,Miramon,325
2024-06-02,Zegama,22
2024-06-03,Arrasate,4
2024-06-03,Berastegi,312
2024-06-03,Bidania,341
2024-06-03,Miramon,323
2024-06-03,Zegama,355
2024-06-04,Arrasate,341
2024-06-04,Berastegi,307
2024-06-04,Bidania,312
2024-06-04,Miramon,309
2024-06-04,Zegama,14
2024-06-05,Arrasate,352
2024-06-05,Berastegi,312
2024-06-05,Bidania,334
2024-06-05,Miramon,277
2024-06-05,Zegama,5
2024-06-06,Arrasate,6
2024-06-06,Berastegi,296
2024-06-06,Bidania,321
2024-06-06,Miramon,303
2024-06-06,Zegama,13
2024-06-07,Arrasate,359
2024-06-07,Berastegi,319
2024-06-07,Bidania,330
2024-06-07,Miramon,279
2024-06-07,Zegama,3
2024-06-08,Arrasate,332
2024-06-08,Berastegi,322
2024-06-08,Miramon,272
2024-06-08,Zegama,20
2024-06-09,Arrasate,310
2024-06-09,Berastegi,322
2024-06-09,Miramon,282
2024-06-09,Zegama,355
2024-06-10,Arrasate,306
2024-06-10,Berastegi,316
2024-06-10,Bidania,317
2024-06-10,Miramon,299
2024-06-10,Zegama,357
2024-06-11,Arrasate,322
2024-06-11,Berastegi,321
2024-06-11,Bidania,316
2024-06-11,Miramon,275
2024-06-11,Zegama,356
2024-06-12,Arrasate,323
2024-06-12,Berastegi,312
2024-06-12,Bidania,331
2024-06-12,Miramon,237
2024-06-12,Zegama,343
2024-06-13,Arrasate,235
2024-06-13,Berastegi,218
2024-06-13,Bidania,169
2024-06-13,Miramon,203
2024-06-13,Zegama,157
2024-06-14,Arrasate,325
2024-06-14,Berastegi,323
2024-06-14,Bidania,308
2024-06-14,Miramon,247
2024-06-14,Zegama,50
2024-06-15,Arrasate,355
2024-06-15,Berastegi,319
2024-06-15,Bidania,326
2024-06-15,Miramon,246
2024-06-15,Zegama,40
2024-06-16,Arrasate,4
2024-06-16,Berastegi,340
2024-06-16,Bidania,153
2024-06-16,Miramon,176
2024-06-16,Zegama,134
2024-06-17,Arrasate,236
2024-06-17,Berastegi,173
2024-06-17,Bidania,158
2024-06-17,Miramon,284
2024-06-17,Zegama,161
2024-06-18,Arrasate,12
2024-06-18,Berastegi,310
2024-06-18,Bidania,321
2024-06-18,Miramon,293
2024-06-18,Zegama,20
2024-06-19,Arrasate,351
2024-06-19,Berastegi,327
2024-06-19,Bidania,325
2024-06-19,Miramon,299
2024-06-19,Zegama,10
2024-06-20,Arrasate,346
2024-06-20,Berastegi,319
2024-06-20,Miramon,253
2024-06-20,Zegama,336
2024-06-21,Arrasate,5
2024-06-21,Berastegi,319
2024-06-21,Miramon,269
2024-06-21,Zegama,355
2024-06-22,Arrasate,359
2024-06-22,Berastegi,313
2024-06-22,Bidania,311
2024-06-22,Miramon,255
2024-06-22,Zegama,0
2024-06-23,Arrasate,336
2024-06-23,Berastegi,325
2024-06-23,Miramon,272
2024-06-23,Zegama,0
2024-06-24,Arrasate,358
2024-06-24,Bidania,70
2024-06-24,Miramon,327
2024-06-24,Zegama,352
2024-06-25,Arrasate,342
2024-06-25,Berastegi,359
2024-06-25,Bidania,147
2024-06-25,Miramon,256
2024-06-25,Zegama,139
2024-06-26,Arrasate,337
2024-06-26,Berastegi,19
2024-06-26,Miramon,321
2024-06-26,Zegama,124
2024-06-27,Arrasate,353
2024-06-27,Berastegi,322
2024-06-27,Miramon,276
2024-06-27,Zegama,12
2024-06-28,Arrasate,9
2024-06-28,Berastegi,315
2024-06-28,Miramon,333
2024-06-28,Zegama,17
2024-06-29,Arrasate,17
2024-06-29,Berastegi,314
2024-06-29,Miramon,273
2024-06-29,Zegama,10
2024-06-30,Arrasate,344
2024-06-30,Berastegi,317
2024-06-30,Bidania,316
2024-06-30,Miramon,314
2024-06-30,Zegama,1
2024-07-01,Arrasate,329
2024-07-01,Berastegi,322
2024-07-01,Miramon,285
2024-07-01,Zegama,354
2024-07-02,Arrasate,353
2024-07-02,Berastegi,319
2024-07-02,Bidania,316
2024-07-02,Miramon,310
2024-07-02,Zegama,5
2024-07-03,Arrasate,336
2024-07-03,Berastegi,303
2024-07-03,Bidania,318
2024-07-03,Miramon,280
2024-07-03,Zegama,13
2024-07-04,Arrasate,347
2024-07-04,Berastegi,326
2024-07-04,Bidania,316
2024-07-04,Miramon,202
2024-07-04,Zegama,3
2024-07-05,Arrasate,1
2024-07-05,Berastegi,315
2024-07-05,Bidania,304
2024-07-05,Miramon,313
2024-07-05,Zegama,55
2024-07-06,Arrasate,360
2024-07-06,Berastegi,309
2024-07-06,Miramon,299
2024-07-06,Zegama,3
2024-07-07,Arrasate,329
2024-07-07,Berastegi,297
2024-07-07,Bidania,8
2024-07-07,Miramon,21
2024-07-07,Zegama,40
2024-07-08,Arrasate,145
2024-07-08,Berastegi,131
2024-07-08,Bidania,139
2024-07-08,Miramon,207
2024-07-08,Zegama,146
2024-07-09,Arrasate,328
2024-07-09,Berastegi,161
2024-07-09,Bidania,162
2024-07-09,Miramon,343
2024-07-09,Zegama,167
2024-07-10,Arrasate,326
2024-07-10,Berastegi,309
2024-07-10,Bidania,301
2024-07-10,Miramon,325
2024-07-10,Zegama,45
2024-07-11,Arrasate,345
2024-07-11,Berastegi,317
2024-07-11,Bidania,317
2024-07-11,Miramon,294
2024-07-11,Zegama,6
2024-07-12,Arrasate,337
2024-07-12,Berastegi,321
2024-07-12,Bidania,317
2024-07-12,Miramon,306
2024-07-12,Zegama,358
2024-07-13,Arrasate,5
2024-07-13,Berastegi,299
2024-07-13,Bidania,52
2024-07-13,Miramon,6
2024-07-13,Zegama,16
2024-07-14,Arrasate,12
2024-07-14,Berastegi,212
2024-07-14,Bidania,147
2024-07-14,Miramon,317
2024-07-14,Zegama,137
2024-07-15,Arrasate,341
2024-07-15,Berastegi,333
2024-07-15,Bidania,218
2024-07-15,Miramon,227
2024-07-15,Zegama,176
2024-07-16,Arrasate,351
2024-07-16,Berastegi,333
2024-07-16,Bidania,327
2024-07-16,Miramon,294
2024-07-16,Zegama,22
2024-07-17,Arrasate,338
2024-07-17,Berastegi,311
2024-07-17,Bidania,327
2024-07-17,Miramon,336
2024-07-17,Zegama,18
2024-07-18,Arrasate,351
2024-07-18,Berastegi,313
2024-07-18,Bidania,326
2024-07-18,Miramon,302
2024-07-18,Zegama,36
2024-07-19,Arrasate,352
2024-07-19,Berastegi,314
2024-07-19,Bidania,316
2024-07-19,Miramon,329
2024-07-19,Zegama,7
2024-07-20,Arrasate,334
2024-07-20,Berastegi,321
2024-07-20,Miramon,299
2024-07-20,Zegama,1
2024-07-21,Arrasate,314
2024-07-21,Berastegi,321
2024-07-21,Bidania,313
2024-07-21,Miramon,285
2024-07-21,Zegama,357
2024-07-22,Arrasate,324
2024-07-22,Berastegi,292
2024-07-22,Bidania,314
2024-07-22,Miramon,342
2024-07-22,Zegama,357
2024-07-23,Arrasate,334
2024-07-23,Berastegi,309
2024-07-23,Bidania,322
2024-07-23,Miramon,222
2024-07-23,Zegama,12
2024-07-24,Arrasate,359
2024-07-24,Berastegi,319
2024-07-24,Bidania,329
2024-07-24,Miramon,354
2024-07-24,Zegama,8
2024-07-25,Arrasate,358
2024-07-25,Berastegi,313
2024-07-25,Bidania,332
2024-07-25,Miramon,347
2024-07-25,Zegama,10
2024-07-26,Arrasate,3
2024-07-26,Berastegi,321
2024-07-26,Bidania,325
2024-07-26,Miramon,348
2024-07-26,Zegama,7
2024-07-27,Arrasate,20
2024-07-27,Berastegi,324
2024-07-27,Bidania,323
2024-07-27,Zegama,12
2024-07-28,Arrasate,80
2024-07-28,Berastegi,139
2024-07-28,Bidania,144
2024-07-28,Miramon,216
2024-07-28,Zegama,159
2024-07-29,Arrasate,162
2024-07-29,Berastegi,122
2024-07-29,Bidania,133
2024-07-29,Miramon,297
2024-07-29,Zegama,154
2024-07-30,Arrasate,46
2024-07-30,Berastegi,163
2024-07-30,Bidania,127
2024-07-30,Miramon,222
2024-07-30,Zegama,165
2024-07-31,Arrasate,349
2024-07-31,Berastegi,319
2024-07-31,Bidania,326
2024-07-31,Miramon,286
2024-07-31,Zegama,10
2024-08-01,Arrasate,345
2024-08-01,Berastegi,317
2024-08-01,Miramon,319
2024-08-01,Zegama,14
2024-08-02,Arrasate,353
2024-08-02,Berastegi,323
2024-08-02,Miramon,316
2024-08-02,Zegama,360
2024-08-03,Arrasate,348
2024-08-03,Berastegi,297
2024-08-03,Bidania,332
2024-08-03,Miramon,303
2024-08-03,Zegama,15
2024-08-04,Arrasate,323
2024-08-04,Berastegi,299
2024-08-04,Bidania,322
2024-08-04,Miramon,358
2024-08-04,Zegama,355
2024-08-05,Arrasate,337
2024-08-05,Berastegi,318
2024-08-05,Bidania,315
2024-08-05,Miramon,318
2024-08-05,Zegama,11
2024-08-06,Arrasate,5
2024-08-06,Berastegi,323
2024-08-06,Miramon,315
2024-08-06,Zegama,8
2024-08-07,Arrasate,348
2024-08-07,Berastegi,319
2024-08-07,Bidania,324
2024-08-07,Miramon,359
2024-08-07,Zegama,22
2024-08-08,Arrasate,360
2024-08-08,Berastegi,310
2024-08-08,Bidania,332
2024-08-08,Miramon,318
2024-08-08,Zegama,358
2024-08-09,Arrasate,2
2024-08-09,Berastegi,319
2024-08-09,Bidania,321
2024-08-09,Miramon,336
2024-08-09,Zegama,7
2024-08-10,Arrasate,337
2024-08-10,Berastegi,320
2024-08-10,Bidania,330
2024-08-10,Miramon,311
2024-08-10,Zegama,8
2024-08-11,Arrasate,136
2024-08-11,Berastegi,142
2024-08-11,Bidania,136
2024-08-11,Miramon,211
2024-08-11,Zegama,147
2024-08-12,Arrasate,357
2024-08-12,Berastegi,331
2024-08-12,Bidania,329
2024-08-12,Miramon,300
2024-08-12,Zegama,7
2024-08-13,Arrasate,342
2024-08-13,Berastegi,324
2024-08-13,Bidania,317
2024-08-13,Miramon,294
2024-08-13,Zegama,16
2024-08-14,Arrasate,314
2024-08-14,Berastegi,319
2024-08-14,Bidania,317
2024-08-14,Miramon,293
2024-08-14,Zegama,354
2024-08-15,Arrasate,18
2024-08-15,Berastegi,325
2024-08-15,Bidania,327
2024-08-15,Miramon,334
2024-08-15,Zegama,8
2024-08-16,Arrasate,17
2024-08-16,Berastegi,311
2024-08-16,Bidania,322
2024-08-16,Miramon,341
2024-08-16,Zegama,331
2024-08-17,Arrasate,342
2024-08-17,Berastegi,319
2024-08-17,Bidania,319
2024-08-17,Miramon,230
2024-08-17,Zegama,357
2024-08-18,Arrasate,11
2024-08-18,Berastegi,320
2024-08-18,Miramon,339
2024-08-18,Zegama,359
2024-08-19,Arrasate,333
2024-08-19,Berastegi,295
2024-08-19,Bidania,329
2024-08-19,Miramon,143
2024-08-19,Zegama,0
2024-08-20,Arrasate,346
2024-08-20,Berastegi,316
2024-08-20,Bidania,315
2024-08-20,Miramon,224
2024-08-20,Zegama,349
2024-08-21,Arrasate,13
2024-08-21,Berastegi,317
2024-08-21,Bidania,39
2024-08-21,Miramon,27
2024-08-21,Zegama,1
2024-08-22,Arrasate,0
2024-08-22,Berastegi,321
2024-08-22,Bidania,316
2024-08-22,Miramon,230
2024-08-22,Zegama,37
2024-08-23,Arrasate,337
2024-08-23,Berastegi,282
2024-08-23,Bidania,312
2024-08-23,Miramon,196
2024-08-23,Zegama,125
2024-08-24,Arrasate,322
2024-08-24,Berastegi,168
2024-08-24,Bidania,216
2024-08-24,Miramon,266
2024-08-24,Zegama,144
2024-08-25,Arrasate,6
2024-08-25,Berastegi,310
2024-08-25,Bidania,336
2024-08-25,Miramon,51
2024-08-25,Zegama,338
2024-08-26,Arrasate,354
2024-08-26,Berastegi,309
2024-08-26,Bidania,36
2024-08-26,Miramon,304
2024-08-26,Zegama,355
2024-08-27,Arrasate,314
2024-08-27,Berastegi,275
2024-08-27,Bidania,165
2024-08-27,Miramon,205
2024-08-27,Zegama,163
2024-08-28,Arrasate,8
2024-08-28,Berastegi,325
2024-08-28,Bidania,320
2024-08-28,Miramon,226
2024-08-28,Zegama,24
2024-08-29,Arrasate,24
2024-08-29,Berastegi,300
2024-08-29,Miramon,278
2024-08-29,Zegama,131
2024-08-30,Arrasate,3
2024-08-30,Berastegi,317
2024-08-30,Bidania,328
2024-08-30,Miramon,274
2024-08-30,Zegama,21
2024-08-31,Arrasate,143
2024-08-31,Berastegi,145
2024-08-31,Bidania,147
2024-08-31,Miramon,259
2024-08-31,Zegama,163
2024-09-01,Arrasate,358
2024-09-01,Berastegi,320
2024-09-01,Bidania,319
2024-09-01,Miramon,262
2024-09-01,Zegama,51
2024-09-02,Arrasate,347
2024-09-02,Berastegi,322
2024-09-02,Miramon,262
2024-09-02,Zegama,11
2024-09-03,Arrasate,31
2024-09-03,Berastegi,321
2024-09-03,Miramon,269
2024-09-03,Zegama,17
2024-09-04,Arrasate,320
2024-09-04,Berastegi,319
2024-09-04,Miramon,264
2024-09-04,Zegama,357
2024-09-05,Arrasate,350
2024-09-05,Berastegi,334
2024-09-05,Bidania,316
2024-09-05,Miramon,241
2024-09-05,Zegama,44
2024-09-06,Arrasate,53
2024-09-06,Berastegi,314
2024-09-06,Bidania,319
2024-09-06,Miramon,144
2024-09-06,Zegama,333
2024-09-07,Arrasate,277
2024-09-07,Berastegi,312
2024-09-07,Bidania,291
2024-09-07,Miramon,247
2024-09-07,Zegama,186
2024-09-08,Arrasate,347
2024-09-08,Berastegi,304
2024-09-08,Bidania,317
2024-09-08,Miramon,224
2024-09-08,Zegama,19
2024-09-09,Arrasate,317
2024-09-09,Berastegi,323
2024-09-09,Miramon,237
2024-09-09,Zegama,1
2024-09-10,Arrasate,339
2024-09-10,Berastegi,323
2024-09-10,Bidania,318
2024-09-10,Miramon,298
2024-09-10,Zegama,9
2024-09-11,Arrasate,306
2024-09-11,Berastegi,316
2024-09-11,Bidania,313
2024-09-11,Miramon,268
2024-09-11,Zegama,0
2024-09-12,Arrasate,7
2024-09-12,Berastegi,308
2024-09-12,Miramon,266
2024-09-12,Zegama,3
2024-09-13,Arrasate,353
2024-09-13,Berastegi,301
2024-09-13,Bidania,344
2024-09-13,Miramon,37
2024-09-13,Zegama,341
2024-09-14,Arrasate,341
2024-09-14,Berastegi,303
2024-09-14,Bidania,16
2024-09-14,Miramon,128
2024-09-14,Zegama,83
2024-09-15,Arrasate,339
2024-09-15,Berastegi,306
2024-09-15,Bidania,312
2024-09-15,Miramon,207
2024-09-15,Zegama,25
2024-09-16,Arrasate,346
2024-09-16,Berastegi,301
2024-09-16,Bidania,321
2024-09-16,Miramon,220
2024-09-16,Zegama,15
2024-09-17,Arrasate,1
2024-09-17,Berastegi,303
2024-09-17,Bidania,340
2024-09-17,Miramon,304
2024-09-17,Zegama,355
2024-09-18,Arrasate,25
2024-09-18,Berastegi,145
2024-09-18,Bidania,145
2024-09-18,Miramon,181
2024-09-18,Zegama,138
2024-09-19,Arrasate,157
2024-09-19,Berastegi,133
2024-09-19,Bidania,147
2024-09-19,Miramon,213
2024-09-19,Zegama,160
2024-09-20,Arrasate,167
2024-09-20,Berastegi,144
2024-09-20,Bidania,156
2024-09-20,Miramon,176
2024-09-20,Zegama,154
2024-09-21,Arrasate,152
2024-09-21,Berastegi,140
2024-09-21,Bidania,148
2024-09-21,Miramon,221
2024-09-21,Zegama,160
2024-09-22,Arrasate,337
2024-09-22,Berastegi,305
2024-09-22,Bidania,320
2024-09-22,Miramon,229
2024-09-22,Zegama,18
2024-09-23,Arrasate,340
2024-09-23,Berastegi,329
2024-09-23,Bidania,311
2024-09-23,Miramon,221
2024-09-23,Zegama,125
2024-09-24,Arrasate,226
2024-09-24,Berastegi,289
2024-09-24,Bidania,150
2024-09-24,Miramon,189
2024-09-24,Zegama,173
2024-09-25,Arrasate,215
2024-09-25,Berastegi,132
2024-09-25,Bidania,162
2024-09-25,Miramon,184
2024-09-25,Zegama,191
2024-09-26,Arrasate,246
2024-09-26,Berastegi,157
2024-09-26,Bidania,255
2024-09-26,Miramon,257
2024-09-26,Zegama,152
2024-09-27,Arrasate,320
2024-09-27,Berastegi,259
2024-09-27,Bidania,302
2024-09-27,Miramon,256
2024-09-27,Zegama,286
2024-09-28,Arrasate,20
2024-09-28,Berastegi,314
2024-09-28,Bidania,314
2024-09-28,Miramon,202
2024-09-28,Zegama,347
2024-09-29,Arrasate,230
2024-09-29,Berastegi,128
2024-09-29,Bidania,152
2024-09-29,Miramon,181
2024-09-29,Zegama,189
2024-09-30,Arrasate,333
2024-09-30,Berastegi,292
2024-09-30,Bidania,136
2024-09-30,Miramon,184
2024-09-30,Zegama,160
2024-10-01,Arrasate,281
2024-10-01,Berastegi,181
2024-10-01,Bidania,213
2024-10-01,Miramon,245
2024-10-01,Zegama,171
2024-10-02,Arrasate,9
2024-10-02,Berastegi,320
2024-10-02,Miramon,49
2024-10-02,Zegama,357
2024-10-03,Arrasate,349
2024-10-03,Berastegi,321
2024-10-03,Miramon,260
2024-10-03,Zegama,356
2024-10-04,Arrasate,248
2024-10-04,Berastegi,278
2024-10-04,Bidania,316
2024-10-04,Miramon,148
2024-10-04,Zegama,98
2024-10-05,Arrasate,210
2024-10-05,Berastegi,119
2024-10-05,Bidania,155
2024-10-05,Miramon,173
2024-10-05,Zegama,206
2024-10-06,Arrasate,205
2024-10-06,Berastegi,141
2024-10-06,Bidania,166
2024-10-06,Miramon,194
2024-10-06,Zegama,200
2024-10-07,Arrasate,210
2024-10-07,Berastegi,142
2024-10-07,Bidania,169
2024-10-07,Miramon,203
2024-10-07,Zegama,167
2024-10-08,Arrasate,203
2024-10-08,Berastegi,149
2024-10-08,Bidania,196
2024-10-08,Miramon,197
2024-10-08,Zegama,184
2024-10-09,Arrasate,217
2024-10-09,Berastegi,142
2024-10-09,Bidania,178
2024-10-09,Miramon,200
2024-10-09,Zegama,146
2024-10-10,Arrasate,346
2024-10-10,Berastegi,290
2024-10-10,Bidania,308
2024-10-10,Miramon,236
2024-10-10,Zegama,31
2024-10-11,Arrasate,158
2024-10-11,Berastegi,142
2024-10-11,Bidania,152
2024-10-11,Miramon,161
2024-10-11,Zegama,153
2024-10-12,Arrasate,163
2024-10-12,Berastegi,143
2024-10-12,Bidania,157
2024-10-12,Miramon,171
2024-10-12,Zegama,156
2024-10-13,Arrasate,231
2024-10-13,Berastegi,139
2024-10-13,Bidania,149
2024-10-13,Miramon,180
2024-10-13,Zegama,160
2024-10-14,Arrasate,173
2024-10-14,Berastegi,147
2024-10-14,Bidania,143
2024-10-14,Miramon,202
2024-10-14,Zegama,159
2024-10-15,Arrasate,152
2024-10-15,Berastegi,146
2024-10-15,Bidania,155
2024-10-15,Miramon,159
2024-10-15,Zegama,154
2024-10-16,Arrasate,156
2024-10-16,Berastegi,148
2024-10-16,Bidania,158
2024-10-16,Miramon,181
2024-10-16,Zegama,158
2024-10-17,Arrasate,308
2024-10-17,Berastegi,311
2024-10-17,Miramon,277
2024-10-17,Zegama,355
2024-10-18,Arrasate,316
2024-10-18,Berastegi,313
2024-10-18,Bidania,310
2024-10-18,Miramon,255
2024-10-18,Zegama,351
2024-10-19,Arrasate,208
2024-10-19,Berastegi,288
2024-10-19,Bidania,145
2024-10-19,Miramon,183
2024-10-19,Zegama,257
2024-10-20,Arrasate,238
2024-10-20,Berastegi,172
2024-10-20,Bidania,145
2024-10-20,Miramon,185
2024-10-20,Zegama,216
2024-10-21,Arrasate,236
2024-10-21,Berastegi,158
2024-10-21,Bidania,172
2024-10-21,Miramon,226
2024-10-21,Zegama,134
2024-10-22,Arrasate,11
2024-10-22,Berastegi,315
2024-10-22,Bidania,341
2024-10-22,Miramon,19
2024-10-22,Zegama,11
2024-10-23,Arrasate,221
2024-10-23,Berastegi,136
2024-10-23,Bidania,148
2024-10-23,Miramon,179
2024-10-23,Zegama,151
2024-10-24,Arrasate,161
2024-10-24,Berastegi,142
2024-10-24,Bidania,158
2024-10-24,Miramon,168
2024-10-24,Zegama,152
2024-10-25,Arrasate,13
2024-10-25,Berastegi,189
2024-10-25,Miramon,222
2024-10-25,Zegama,170
2024-10-26,Arrasate,183
2024-10-26,Berastegi,327
2024-10-26,Miramon,233
2024-10-26,Zegama,118
2024-10-27,Arrasate,0
2024-10-27,Berastegi,203
2024-10-27,Miramon,178
2024-10-27,Zegama,169
2024-10-28,Arrasate,354
2024-10-28,Berastegi,304
2024-10-28,Bidania,37
2024-10-28,Miramon,192
2024-10-28,Zegama,128
2024-10-29,Arrasate,190
2024-10-29,Berastegi,339
2024-10-29,Bidania,339
2024-10-29,Miramon,208
2024-10-29,Zegama,320
2024-10-30,Arrasate,254
2024-10-30,Berastegi,122
2024-10-30,Bidania,136
2024-10-30,Miramon,161
2024-10-30,Zegama,181
2024-10-31,Arrasate,163
2024-10-31,Berastegi,154
2024-10-31,Bidania,136
2024-10-31,Miramon,155
2024-10-31,Zegama,161
2024-11-01,Arrasate,172
2024-11-01,Berastegi,140
2024-11-01,Bidania,149
2024-11-01,Miramon,172
2024-11-01,Zegama,147
2024-11-02,Arrasate,266
2024-11-02,Berastegi,306
2024-11-02,Bidania,79
2024-11-02,Miramon,184
2024-11-02,Zegama,168
2024-11-03,Arrasate,167
2024-11-03,Berastegi,146
2024-11-03,Bidania,155
2024-11-03,Miramon,158
2024-11-03,Zegama,148
2024-11-04,Arrasate,158
2024-11-04,Berastegi,142
2024-11-04,Bidania,158
2024-11-04,Miramon,165
2024-11-04,Zegama,156
2024-11-05,Arrasate,241
2024-11-05,Berastegi,138
2024-11-05,Bidania,153
2024-11-05,Miramon,184
2024-11-05,Zegama,183
2024-11-06,Arrasate,293
2024-11-06,Berastegi,293
2024-11-06,Bidania,163
2024-11-06,Miramon,181
2024-11-06,Zegama,163
2024-11-07,Arrasate,192
2024-11-07,Berastegi,141
2024-11-07,Bidania,150
2024-11-07,Miramon,180
2024-11-07,Zegama,155
2024-11-08,Arrasate,256
2024-11-08,Berastegi,137
2024-11-08,Bidania,154
2024-11-08,Miramon,177
2024-11-08,Zegama,154
2024-11-09,Arrasate,330
2024-11-09,Berastegi,301
2024-11-09,Bidania,313
2024-11-09,Miramon,263
2024-11-09,Zegama,353
2024-11-10,Arrasate,30
2024-11-10,Berastegi,297
2024-11-10,Bidania,323
2024-11-10,Miramon,197
2024-11-10,Zegama,290
2024-11-11,Arrasate,354
2024-11-11,Berastegi,314
2024-11-11,Bidania,335
2024-11-11,Miramon,33
2024-11-11,Zegama,1
2024-11-12,Arrasate,359
2024-11-12,Berastegi,301
2024-11-12,Bidania,343
2024-11-12,Miramon,24
2024-11-12,Zegama,349
2024-11-13,Arrasate,21
2024-11-13,Berastegi,311
2024-11-13,Bidania,354
2024-11-13,Miramon,110
2024-11-13,Zegama,346
2024-11-14,Arrasate,313
2024-11-14,Berastegi,301
2024-11-14,Bidania,352
2024-11-14,Miramon,182
2024-11-14,Zegama,188
2024-11-15,Arrasate,217
2024-11-15,Berastegi,151
2024-11-15,Bidania,139
2024-11-15,Miramon,154
2024-11-15,Zegama,150
2024-11-16,Arrasate,237
2024-11-16,Berastegi,146
2024-11-16,Bidania,146
2024-11-16,Miramon,187
2024-11-16,Zegama,157
2024-11-17,Arrasate,84
2024-11-17,Berastegi,332
2024-11-17,Miramon,182
2024-11-17,Zegama,124
2024-11-18,Arrasate,8
2024-11-18,Berastegi,311
2024-11-18,Miramon,146
2024-11-18,Zegama,41
2024-11-19,Arrasate,307
2024-11-19,Berastegi,299
2024-11-19,Bidania,320
2024-11-19,Miramon,220
2024-11-19,Zegama,156
2024-11-20,Arrasate,301
2024-11-20,Berastegi,295
2024-11-20,Bidania,303
2024-11-20,Miramon,276
2024-11-20,Zegama,337
2024-11-21,Arrasate,268
2024-11-21,Berastegi,356
2024-11-21,Bidania,265
2024-11-21,Miramon,252
2024-11-21,Zegama,179
2024-11-22,Arrasate,306
2024-11-22,Berastegi,283
2024-11-22,Bidania,295
2024-11-22,Miramon,253
2024-11-22,Zegama,344
2024-11-23,Arrasate,167
2024-11-23,Berastegi,141
2024-11-23,Bidania,158
2024-11-23,Miramon,169
2024-11-23,Zegama,177
2024-11-24,Arrasate,147
2024-11-24,Berastegi,148
2024-11-24,Bidania,154
2024-11-24,Miramon,159
2024-11-24,Zegama,154
2024-11-25,Arrasate,151
2024-11-25,Berastegi,144
2024-11-25,Miramon,191
2024-11-25,Zegama,155
2024-11-26,Arrasate,256
2024-11-26,Berastegi,158
2024-11-26,Bidania,139
2024-11-26,Miramon,182
2024-11-26,Zegama,152
2024-11-27,Arrasate,255
2024-11-27,Berastegi,195
2024-11-27,Bidania,144
2024-11-27,Miramon,184
2024-11-27,Zegama,160
2024-11-28,Arrasate,223
2024-11-28,Berastegi,146
2024-11-28,Bidania,137
2024-11-28,Miramon,183
2024-11-28,Zegama,161
2024-11-29,Arrasate,286
2024-11-29,Berastegi,136
2024-11-29,Bidania,166
2024-11-29,Miramon,192
2024-11-29,Zegama,246
2024-11-30,Arrasate,231
2024-11-30,Berastegi,188
2024-11-30,Bidania,145
2024-11-30,Miramon,183
2024-11-30,Zegama,257
2024-12-01,Arrasate,307
2024-12-01,Berastegi,197
2024-12-01,Bidania,150
2024-12-01,Miramon,182
2024-12-01,Zegama,205
2024-12-02,Arrasate,330
2024-12-02,Berastegi,306
2024-12-02,Bidania,313
2024-12-02,Miramon,219
2024-12-02,Zegama,77
2024-12-03,Arrasate,39
2024-12-03,Berastegi,271
2024-12-03,Miramon,190
2024-12-03,Zegama,360
2024-12-04,Arrasate,118
2024-12-04,Berastegi,238
2024-12-04,Bidania,27
2024-12-04,Miramon,128
2024-12-04,Zegama,31
2024-12-05,Arrasate,275
2024-12-05,Berastegi,215
2024-12-05,Bidania,41
2024-12-05,Miramon,186
2024-12-05,Zegama,152
2024-12-06,Arrasate,312
2024-12-06,Berastegi,329
2024-12-06,Miramon,275
2024-12-07,Arrasate,309
2024-12-07,Berastegi,296
2024-12-07,Bidania,308
2024-12-07,Miramon,287
2024-12-08,Arrasate,303
2024-12-08,Berastegi,309
2024-12-08,Bidania,319
2024-12-08,Miramon,314
2024-12-09,Arrasate,321
2024-12-09,Berastegi,316
2024-12-09,Bidania,333
2024-12-09,Miramon,343
2024-12-10,Arrasate,350
2024-12-10,Berastegi,295
2024-12-10,Bidania,2
2024-12-10,Miramon,159
2024-12-11,Arrasate,21
2024-12-11,Berastegi,119
2024-12-11,Bidania,134
2024-12-11,Miramon,158
2024-12-12,Arrasate,4
2024-12-12,Berastegi,115
2024-12-12,Bidania,134
2024-12-12,Miramon,149
2024-12-13,Arrasate,236
2024-12-13,Berastegi,144
2024-12-13,Bidania,158
2024-12-13,Miramon,191
2024-12-14,Arrasate,245
2024-12-14,Berastegi,308
2024-12-14,Bidania,311
2024-12-14,Miramon,233
2024-12-15,Arrasate,346
2024-12-15,Berastegi,310
2024-12-15,Bidania,333
2024-12-15,Miramon,334
2024-12-16,Arrasate,243
2024-12-16,Berastegi,131
2024-12-16,Bidania,146
2024-12-16,Miramon,177
2024-12-17,Arrasate,254
2024-12-17,Berastegi,134
2024-12-17,Bidania,147
2024-12-17,Miramon,189
2024-12-18,Arrasate,219
2024-12-18,Berastegi,145
2024-12-18,Bidania,177
2024-12-18,Miramon,195
2024-12-19,Arrasate,257
2024-12-19,Berastegi,284
2024-12-19,Miramon,284
2024-12-20,Arrasate,335
2024-12-20,Berastegi,320
2024-12-20,Bidania,325
2024-12-20,Miramon,278
2024-12-21,Arrasate,296
2024-12-21,Berastegi,142
2024-12-21,Bidania,318
2024-12-21,Miramon,214
2024-12-22,Arrasate,301
2024-12-22,Berastegi,303
2024-12-22,Miramon,288
2024-12-23,Arrasate,342
2024-12-23,Berastegi,318
2024-12-23,Bidania,327
2024-12-23,Miramon,332
2024-12-24,Arrasate,318
2024-12-24,Berastegi,332
2024-12-24,Miramon,287
2024-12-25,Arrasate,18
2024-12-25,Berastegi,326
2024-12-25,Miramon,4
2024-12-26,Arrasate,218
2024-12-26,Berastegi,149
2024-12-26,Bidania,145
2024-12-26,Miramon,158
2024-12-27,Arrasate,199
2024-12-27,Berastegi,167
2024-12-27,Bidania,139
2024-12-27,Miramon,123
2024-12-28,Arrasate,250
2024-12-28,Berastegi,153
2024-12-28,Bidania,129
2024-12-28,Miramon,184
2024-12-29,Arrasate,172
2024-12-29,Berastegi,221
2024-12-29,Bidania,152
2024-12-29,Miramon,178
2024-12-30,Arrasate,178
2024-12-30,Berastegi,286
2024-12-30,Bidania,153
2024-12-30,Miramon,179
2024-12-31,Arrasate,169
2024-12-31,Berastegi,312
2024-12-31,Bidania,156
2024-12-31,Miramon,176
2025-01-01,Arrasate,243
2025-01-01,Berastegi,116
2025-01-01,Bidania,154
2025-01-01,Miramon,198
2025-01-02,Arrasate,254
2025-01-02,Berastegi,119
2025-01-02,Bidania,149
2025-01-02,Miramon,196
2025-01-03,Arrasate,242
2025-01-03,Berastegi,125
2025-01-03,Bidania,144
2025-01-03,Miramon,191
2025-01-04,Arrasate,212
2025-01-04,Berastegi,136
2025-01-04,Bidania,159
2025-01-04,Miramon,183
2025-01-05,Arrasate,187
2025-01-05,Berastegi,137
2025-01-05,Bidania,164
2025-01-05,Miramon,174
2025-01-06,Arrasate,245
2025-01-06,Berastegi,174
2025-01-06,Bidania,249
2025-01-06,Miramon,237
2025-01-07,Arrasate,213
2025-01-07,Berastegi,183
2025-01-07,Bidania,188
2025-01-07,Miramon,194
2025-01-08,Arrasate,208
2025-01-08,Berastegi,155
2025-01-08,Bidania,181
2025-01-08,Miramon,188
2025-01-09,Arrasate,226
2025-01-09,Berastegi,266
2025-01-09,Miramon,223
2025-01-10,Arrasate,229
2025-01-10,Berastegi,166
2025-01-10,Bidania,227
2025-01-10,Miramon,208
2025-01-11,Arrasate,315
2025-01-11,Berastegi,324
2025-01-11,Miramon,312
2025-01-12,Arrasate,359
2025-01-12,Berastegi,314
2025-01-12,Bidania,334
2025-01-12,Miramon,33
2025-01-13,Arrasate,10
2025-01-13,Berastegi,301
2025-01-13,Bidania,320
2025-01-13,Miramon,197
2025-01-14,Arrasate,266
2025-01-14,Berastegi,294
2025-01-14,Bidania,339
2025-01-14,Miramon,194
2025-01-15,Arrasate,255
2025-01-15,Berastegi,311
2025-01-15,Bidania,322
2025-01-15,Miramon,220
2025-01-16,Arrasate,355
2025-01-16,Berastegi,322
2025-01-16,Miramon,131
2025-01-17,Arrasate,177
2025-01-17,Berastegi,202
2025-01-17,Bidania,153
2025-01-17,Miramon,166
2025-01-18,Arrasate,216
2025-01-18,Berastegi,289
2025-01-18,Bidania,332
2025-01-18,Miramon,178
2025-01-19,Arrasate,211
2025-01-19,Berastegi,121
2025-01-19,Bidania,164
2025-01-19,Miramon,178
2025-01-20,Arrasate,224
2025-01-20,Berastegi,129
2025-01-20,Bidania,158
2025-01-20,Miramon,173
2025-01-21,Arrasate,207
2025-01-21,Berastegi,135
2025-01-21,Bidania,156
2025-01-21,Miramon,178
2025-01-22,Arrasate,223
2025-01-22,Berastegi,137
2025-01-22,Bidania,162
2025-01-22,Miramon,183
2025-01-23,Arrasate,278
2025-01-23,Berastegi,215
2025-01-23,Bidania,225
2025-01-23,Miramon,220
2025-01-24,Arrasate,200
2025-01-24,Berastegi,135
2025-01-24,Bidania,162
2025-01-24,Miramon,169
2025-01-25,Arrasate,215
2025-01-25,Berastegi,143
2025-01-25,Bidania,179
2025-01-25,Miramon,195
2025-01-26,Arrasate,187
2025-01-26,Berastegi,139
2025-01-26,Bidania,167
2025-01-26,Miramon,173
2025-01-27,Arrasate,218
2025-01-27,Berastegi,173
2025-01-27,Bidania,208
2025-01-27,Miramon,237
2025-01-28,Arrasate,229
2025-01-28,Berastegi,238
2025-01-28,Bidania,254
2025-01-28,Miramon,241
2025-01-29,Arrasate,205
2025-01-29,Berastegi,141
2025-01-29,Bidania,171
2025-01-29,Miramon,179
2025-01-30,Arrasate,297
2025-01-30,Berastegi,306
2025-01-30,Miramon,306
2025-01-31,Arrasate,330
2025-01-31,Berastegi,309
2025-01-31,Bidania,320
2025-01-31,Miramon,185
2025-02-01,Arrasate,319
2025-02-01,Berastegi,323
2025-02-01,Bidania,320
2025-02-01,Miramon,292
2025-02-02,Arrasate,295
2025-02-02,Berastegi,315
2025-02-02,Bidania,316
2025-02-02,Miramon,216
2025-02-03,Arrasate,356
2025-02-03,Berastegi,307
2025-02-03,Bidania,342
2025-02-03,Miramon,191
2025-02-04,Arrasate,257
2025-02-04,Berastegi,297
2025-02-04,Bidania,211
2025-02-04,Miramon,192
2025-02-05,Arrasate,351
2025-02-05,Berastegi,294
2025-02-05,Bidania,340
2025-02-05,Miramon,203
2025-02-06,Arrasate,233
2025-02-06,Berastegi,326
2025-02-06,Bidania,332
2025-02-06,Miramon,187
2025-02-07,Arrasate,235
2025-02-07,Berastegi,147
2025-02-07,Bidania,170
2025-02-07,Miramon,186
2025-02-08,Arrasate,9
2025-02-08,Berastegi,302
2025-02-08,Bidania,316
2025-02-08,Miramon,198
2025-02-09,Arrasate,256
2025-02-09,Berastegi,134
2025-02-09,Bidania,145
2025-02-09,Miramon,185
2025-02-10,Arrasate,218
2025-02-10,Berastegi,133
2025-02-10,Bidania,154
2025-02-10,Miramon,180
2025-02-11,Arrasate,158
2025-02-11,Berastegi,138
2025-02-11,Bidania,167
2025-02-11,Miramon,167
2025-02-12,Arrasate,303
2025-02-12,Berastegi,113
2025-02-12,Miramon,245
2025-02-13,Arrasate,225
2025-02-13,Berastegi,301
2025-02-13,Bidania,346
2025-02-13,Miramon,188
2025-02-14,Arrasate,121
2025-02-14,Berastegi,359
2025-02-14,Bidania,146
2025-02-14,Miramon,167
2025-02-15,Arrasate,190
2025-02-15,Berastegi,136
2025-02-15,Bidania,158
2025-02-15,Miramon,182
2025-02-16,Arrasate,266
2025-02-16,Berastegi,150
2025-02-16,Bidania,194
2025-02-16,Miramon,247
2025-02-17,Arrasate,101
2025-02-17,Berastegi,297
2025-02-17,Bidania,151
2025-02-17,Miramon,176
2025-02-18,Arrasate,157
2025-02-18,Berastegi,140
2025-02-18,Bidania,164
2025-02-18,Miramon,164
2025-02-19,Arrasate,231
2025-02-19,Berastegi,140
2025-02-19,Bidania,174
2025-02-19,Miramon,207
2025-02-20,Arrasate,213
2025-02-20,Berastegi,120
2025-02-20,Bidania,169
2025-02-20,Miramon,180
2025-02-21,Arrasate,156
2025-02-21,Berastegi,149
2025-02-21,Bidania,166
2025-02-21,Miramon,172
2025-02-22,Arrasate,338
2025-02-22,Berastegi,336
2025-02-22,Bidania,321
2025-02-22,Miramon,208
2025-02-23,Arrasate,225
2025-02-23,Berastegi,43
2025-02-23,Bidania,166
2025-02-23,Miramon,171
2025-02-24,Arrasate,205
2025-02-24,Berastegi,127
2025-02-24,Bidania,170
2025-02-24,Miramon,189
2025-02-25,Arrasate,301
2025-02-25,Berastegi,311
2025-02-25,Bidania,308
2025-02-25,Miramon,279
2025-02-26,Arrasate,323
2025-02-26,Berastegi,317
2025-02-26,Bidania,328
2025-02-26,Miramon,222
2025-02-27,Arrasate,360
2025-02-27,Berastegi,312
2025-02-27,Bidania,309
2025-02-27,Miramon,176
2025-02-28,Arrasate,14
2025-02-28,Berastegi,316
2025-02-28,Bidania,336
2025-02-28,Miramon,210
2025-03-01,Arrasate,355
2025-03-01,Berastegi,310
2025-03-01,Bidania,327
2025-03-01,Miramon,234
2025-03-02,Arrasate,98
2025-03-02,Berastegi,162
2025-03-02,Bidania,123
2025-03-02,Miramon,121
2025-03-03,Arrasate,130
2025-03-03,Berastegi,145
2025-03-03,Bidania,126
2025-03-03,Miramon,143
2025-03-04,Arrasate,100
2025-03-04,Berastegi,150
2025-03-04,Bidania,126
2025-03-04,Miramon,60
2025-03-05,Arrasate,160
2025-03-05,Berastegi,145
2025-03-05,Bidania,160
2025-03-05,Miramon,149
2025-03-06,Arrasate,152
2025-03-06,Berastegi,146
2025-03-06,Bidania,160
2025-03-06,Miramon,165
2025-03-07,Arrasate,144
2025-03-07,Berastegi,151
2025-03-07,Bidania,162
2025-03-07,Miramon,156
2025-03-08,Arrasate,144
2025-03-08,Berastegi,161
2025-03-08,Bidania,152
2025-03-08,Miramon,148
2025-03-09,Arrasate,204
2025-03-09,Berastegi,143
2025-03-09,Bidania,164
2025-03-09,Miramon,173
2025-03-10,Arrasate,164
2025-03-10,Berastegi,148
2025-03-10,Bidania,152
2025-03-10,Miramon,167
2025-03-11,Arrasate,204
2025-03-11,Berastegi,145
2025-03-11,Bidania,162
2025-03-11,Miramon,232
2025-03-12,Arrasate,316
2025-03-12,Berastegi,296
2025-03-12,Bidania,311
2025-03-12,Miramon,267
2025-03-13,Arrasate,356
2025-03-13,Berastegi,321
2025-03-13,Miramon,312
2025-03-14,Arrasate,332
2025-03-14,Berastegi,307
2025-03-14,Bidania,346
2025-03-14,Miramon,340
2025-03-15,Arrasate,339
2025-03-15,Berastegi,305
2025-03-15,Miramon,200
2025-03-16,Arrasate,309
2025-03-16,Berastegi,318
2025-03-16,Bidania,323
2025-03-16,Miramon,208
2025-03-17,Arrasate,140
2025-03-17,Berastegi,148
2025-03-17,Bidania,149
2025-03-17,Miramon,155
2025-03-18,Arrasate,142
2025-03-18,Berastegi,152
2025-03-18,Bidania,151
2025-03-18,Miramon,151
2025-03-19,Arrasate,146
2025-03-19,Berastegi,147
2025-03-19,Bidania,164
2025-03-19,Miramon,163
2025-03-20,Arrasate,139
2025-03-20,Berastegi,159
2025-03-20,Bidania,156
2025-03-20,Miramon,158
2025-03-20,Zegama,156
2025-03-21,Arrasate,185
2025-03-21,Berastegi,149
2025-03-21,Bidania,163
2025-03-21,Miramon,164
2025-03-21,Zegama,157
2025-03-22,Arrasate,225
2025-03-22,Berastegi,156
2025-03-22,Bidania,205
2025-03-22,Miramon,210
2025-03-22,Zegama,193
2025-03-23,Arrasate,337
2025-03-23,Berastegi,318
2025-03-23,Bidania,310
2025-03-23,Miramon,266
2025-03-23,Zegama,16
2025-03-24,Arrasate,295
2025-03-24,Berastegi,313
2025-03-24,Miramon,277
2025-03-24,Zegama,360
2025-03-25,Arrasate,329
2025-03-25,Berastegi,330
2025-03-25,Miramon,318
2025-03-25,Zegama,0
2025-03-26,Arrasate,342
2025-03-26,Berastegi,320
2025-03-26,Miramon,338
2025-03-26,Zegama,4
2025-03-27,Arrasate,339
2025-03-27,Berastegi,318
2025-03-27,Miramon,306
2025-03-27,Zegama,357
2025-03-28,Arrasate,312
2025-03-28,Berastegi,320
2025-03-28,Bidania,322
2025-03-28,Miramon,304
2025-03-28,Zegama,356
2025-03-29,Arrasate,344
2025-03-29,Berastegi,318
2025-03-29,Bidania,337
2025-03-29,Miramon,334
2025-03-29,Zegama,1
2025-03-30,Arrasate,7
2025-03-30,Berastegi,304
2025-03-30,Bidania,332
2025-03-30,Miramon,332
2025-03-30,Zegama,357
2025-03-31,Arrasate,352
2025-03-31,Berastegi,301
2025-03-31,Bidania,86
2025-03-31,Miramon,327
2025-03-31,Zegama,12
2025-04-01,Arrasate,342
2025-04-01,Berastegi,302
2025-04-01,Bidania,306
2025-04-01,Miramon,212
2025-04-01,Zegama,112
2025-04-02,Arrasate,155
2025-04-02,Berastegi,145
2025-04-02,Bidania,167
2025-04-02,Miramon,197
2025-04-02,Zegama,154
2025-04-03,Arrasate,144
2025-04-03,Berastegi,150
2025-04-03,Bidania,153
2025-04-03,Miramon,155
2025-04-03,Zegama,159
2025-04-04,Arrasate,149
2025-04-04,Berastegi,146
2025-04-04,Bidania,151
2025-04-04,Miramon,158
2025-04-04,Zegama,162
2025-04-05,Arrasate,195
2025-04-05,Berastegi,140
2025-04-05,Bidania,185
2025-04-05,Miramon,229
2025-04-05,Zegama,195
2025-04-06,Arrasate,346
2025-04-06,Berastegi,304
2025-04-06,Bidania,337
2025-04-06,Miramon,320
2025-04-06,Zegama,10
2025-04-07,Arrasate,331
2025-04-07,Berastegi,303
2025-04-07,Bidania,329
2025-04-07,Miramon,318
2025-04-07,Zegama,358
2025-04-08,Arrasate,314
2025-04-08,Berastegi,313
2025-04-08,Bidania,119
2025-04-08,Miramon,278
2025-04-08,Zegama,82
2025-04-09,Arrasate,336
2025-04-09,Berastegi,331
2025-04-09,Bidania,316
2025-04-09,Miramon,307
2025-04-09,Zegama,28
2025-04-10,Arrasate,141
2025-04-10,Berastegi,145
2025-04-10,Bidania,147
2025-04-10,Miramon,203
2025-04-10,Zegama,157
2025-04-11,Arrasate,150
2025-04-11,Berastegi,133
2025-04-11,Bidania,158
2025-04-11,Miramon,150
2025-04-11,Zegama,152
2025-04-12,Arrasate,234
2025-04-12,Berastegi,130
2025-04-12,Bidania,173
2025-04-12,Miramon,212
2025-04-12,Zegama,165
2025-04-13,Arrasate,17
2025-04-13,Berastegi,313
2025-04-13,Miramon,303
2025-04-13,Zegama,16
2025-04-14,Arrasate,205
2025-04-14,Berastegi,133
2025-04-14,Bidania,160
2025-04-14,Miramon,166
2025-04-14,Zegama,156
2025-04-15,Arrasate,328
2025-04-15,Berastegi,316
2025-04-15,Bidania,311
2025-04-15,Miramon,274
2025-04-15,Zegama,44
2025-04-16,Arrasate,274
2025-04-16,Berastegi,255
2025-04-16,Bidania,287
2025-04-16,Miramon,232
2025-04-16,Zegama,135
2025-04-17,Arrasate,2
2025-04-17,Berastegi,317
2025-04-17,Bidania,308
2025-04-17,Miramon,235
2025-04-17,Zegama,344
2025-04-18,Arrasate,186
2025-04-18,Berastegi,139
2025-04-18,Bidania,161
2025-04-18,Miramon,182
2025-04-18,Zegama,173
2025-04-19,Arrasate,237
2025-04-19,Berastegi,138
2025-04-19,Bidania,210
2025-04-19,Miramon,217
2025-04-19,Zegama,173
2025-04-20,Arrasate,295
2025-04-20,Berastegi,153
2025-04-20,Bidania,252
2025-04-20,Miramon,222
2025-04-20,Zegama,203
2025-04-21,Arrasate,341
2025-04-21,Berastegi,322
2025-04-21,Bidania,314
2025-04-21,Miramon,254
2025-04-21,Zegama,24
2025-04-22,Arrasate,27
2025-04-22,Berastegi,320
2025-04-22,Miramon,254
2025-04-22,Zegama,36
2025-04-23,Arrasate,329
2025-04-23,Berastegi,328
2025-04-23,Bidania,311
2025-04-23,Miramon,233
2025-04-23,Zegama,10
2025-04-24,Arrasate,38
2025-04-24,Berastegi,304
2025-04-24,Bidania,317
2025-04-24,Miramon,312
2025-04-24,Zegama,3
2025-04-25,Arrasate,326
2025-04-25,Berastegi,319
2025-04-25,Bidania,311
2025-04-25,Miramon,279
2025-04-25,Zegama,354
2025-04-26,Arrasate,311
2025-04-26,Berastegi,310
2025-04-26,Miramon,288
2025-04-26,Zegama,353
2025-04-27,Arrasate,340
2025-04-27,Berastegi,320
2025-04-27,Bidania,319
2025-04-27,Miramon,300
2025-04-27,Zegama,2
2025-04-28,Arrasate,159
2025-04-28,Berastegi,133
2025-04-28,Bidania,143
2025-04-28,Miramon,115
2025-04-28,Zegama,154
2025-04-29,Arrasate,147
2025-04-29,Berastegi,148
2025-04-29,Bidania,140
2025-04-29,Miramon,165
2025-04-29,Zegama,157
2025-04-30,Arrasate,147
2025-04-30,Berastegi,149
2025-04-30,Bidania,148
2025-04-30,Miramon,163
2025-04-30,Zegama,160
2025-05-01,Arrasate,157
2025-05-01,Berastegi,132
2025-05-01,Bidania,154
2025-05-01,Miramon,212
2025-05-01,Zegama,162
2025-05-02,Arrasate,188
2025-05-02,Berastegi,143
2025-05-02,Bidania,152
2025-05-02,Miramon,170
2025-05-02,Zegama,168
2025-05-03,Arrasate,237
2025-05-03,Berastegi,125
2025-05-03,Bidania,169
2025-05-03,Miramon,244
2025-05-03,Zegama,166
2025-05-04,Arrasate,325
2025-05-04,Berastegi,323
2025-05-04,Bidania,317
2025-05-04,Miramon,284
2025-05-04,Zegama,359
2025-05-05,Arrasate,326
2025-05-05,Berastegi,320
2025-05-05,Bidania,317
2025-05-05,Miramon,312
2025-05-05,Zegama,4
2025-05-06,Arrasate,320
2025-05-06,Berastegi,323
2025-05-06,Miramon,253
2025-05-06,Zegama,356
2025-05-07,Arrasate,2
2025-05-07,Berastegi,321
2025-05-07,Bidania,12
2025-05-07,Miramon,221
2025-05-07,Zegama,32
2025-05-08,Arrasate,10
2025-05-08,Berastegi,318
2025-05-08,Bidania,34
2025-05-08,Miramon,247
2025-05-08,Zegama,24
2025-05-09,Arrasate,9
2025-05-09,Berastegi,7
2025-05-09,Miramon,199
2025-05-09,Zegama,36
2025-05-10,Arrasate,176
2025-05-10,Berastegi,147
2025-05-10,Bidania,146
2025-05-10,Miramon,172
2025-05-10,Zegama,169
2025-05-11,Arrasate,239
2025-05-11,Berastegi,292
2025-05-11,Bidania,284
2025-05-11,Miramon,275
2025-05-11,Zegama,142
2025-05-12,Arrasate,212
2025-05-12,Berastegi,222
2025-05-12,Bidania,207
2025-05-12,Miramon,222
2025-05-12,Zegama,165
2025-05-13,Arrasate,9
2025-05-13,Berastegi,146
2025-05-13,Bidania,130
2025-05-13,Miramon,154
2025-05-13,Zegama,41
2025-05-14,Arrasate,337
2025-05-14,Berastegi,326
2025-05-14,Bidania,319
2025-05-14,Miramon,278
2025-05-14,Zegama,14
2025-05-15,Arrasate,319
2025-05-15,Berastegi,327
2025-05-15,Miramon,284
2025-05-15,Zegama,352
2025-05-16,Arrasate,334
2025-05-16,Berastegi,311
2025-05-16,Bidania,320
2025-05-16,Miramon,282
2025-05-16,Zegama,5
2025-05-17,Arrasate,348
2025-05-17,Berastegi,328
2025-05-17,Bidania,333
2025-05-17,Miramon,265
2025-05-17,Zegama,26
2025-05-18,Arrasate,198
2025-05-18,Berastegi,122
2025-05-18,Bidania,142
2025-05-18,Miramon,160
2025-05-18,Zegama,154
2025-05-19,Arrasate,332
2025-05-19,Berastegi,316
2025-05-19,Miramon,283
2025-05-19,Zegama,9
2025-05-20,Arrasate,328
2025-05-20,Berastegi,317
2025-05-20,Bidania,316
2025-05-20,Miramon,281
2025-05-20,Zegama,348
2025-05-21,Arrasate,325
2025-05-21,Berastegi,326
2025-05-21,Bidania,313
2025-05-21,Miramon,270
2025-05-21,Zegama,2
2025-05-22,Arrasate,329
2025-05-22,Berastegi,319
2025-05-22,Miramon,310
2025-05-22,Zegama,3
2025-05-23,Arrasate,1
2025-05-23,Berastegi,316
2025-05-23,Bidania,318
2025-05-23,Miramon,283
2025-05-23,Zegama,36
2025-05-24,Arrasate,341
2025-05-24,Berastegi,296
2025-05-24,Bidania,322
2025-05-24,Miramon,230
2025-05-24,Zegama,32
2025-05-25,Arrasate,343
2025-05-25,Berastegi,313
2025-05-25,Bidania,312
2025-05-25,Miramon,277
2025-05-25,Zegama,28
2025-05-26,Arrasate,2
2025-05-26,Berastegi,324
2025-05-26,Bidania,342
2025-05-26,Miramon,342
2025-05-26,Zegama,353
2025-05-27,Arrasate,340
2025-05-27,Berastegi,296
2025-05-27,Bidania,324
2025-05-27,Miramon,334
2025-05-27,Zegama,29
2025-05-28,Arrasate,340
2025-05-28,Berastegi,301
2025-05-28,Bidania,321
2025-05-28,Miramon,297
2025-05-28,Zegama,16
2025-05-29,Arrasate,62
2025-05-29,Berastegi,329
2025-05-29,Bidania,154
2025-05-29,Miramon,217
2025-05-29,Zegama,8
2025-05-30,Arrasate,264
2025-05-30,Berastegi,296
2025-05-30,Bidania,130
2025-05-30,Miramon,193
2025-05-30,Zegama,183
2025-05-31,Arrasate,358
2025-05-31,Berastegi,322
2025-05-31,Bidania,326
2025-05-31,Miramon,316
2025-05-31,Zegama,9
2025-06-01,Arrasate,2
2025-06-01,Berastegi,311
2025-06-01,Miramon,292
2025-06-01,Zegama,16
2025-06-02,Arrasate,10
2025-06-02,Berastegi,319
2025-06-02,Miramon,332
2025-06-02,Zegama,340
2025-06-03,Arrasate,22
2025-06-03,Berastegi,319
2025-06-03,Miramon,274
2025-06-03,Zegama,12
2025-06-04,Arrasate,346
2025-06-04,Berastegi,329
2025-06-04,Bidania,325
2025-06-04,Miramon,220
2025-06-04,Zegama,34
2025-06-05,Arrasate,26
2025-06-05,Berastegi,297
2025-06-05,Bidania,158
2025-06-05,Miramon,208
2025-06-05,Zegama,259
2025-06-06,Arrasate,358
2025-06-06,Berastegi,327
2025-06-06,Bidania,326
2025-06-06,Miramon,349
2025-06-06,Zegama,26
2025-06-07,Arrasate,341
2025-06-07,Berastegi,326
2025-06-07,Bidania,324
2025-06-07,Miramon,283
2025-06-07,Zegama,18
2025-06-08,Arrasate,342
2025-06-08,Berastegi,319
2025-06-08,Bidania,355
2025-06-08,Miramon,302
2025-06-08,Zegama,13
2025-06-09,Arrasate,356
2025-06-09,Berastegi,318
2025-06-09,Bidania,319
2025-06-09,Miramon,270
2025-06-09,Zegama,13
2025-06-10,Arrasate,344
2025-06-10,Berastegi,322
2025-06-10,Bidania,130
2025-06-10,Miramon,310
2025-06-10,Zegama,152
2025-06-11,Arrasate,212
2025-06-11,Berastegi,123
2025-06-11,Bidania,156
2025-06-11,Miramon,173
2025-06-11,Zegama,193
2025-06-12,Arrasate,246
2025-06-12,Berastegi,308
2025-06-12,Bidania,142
2025-06-12,Miramon,327
2025-06-12,Zegama,167
2025-06-13,Arrasate,109
2025-06-13,Berastegi,181
2025-06-13,Bidania,155
2025-06-13,Miramon,292
2025-06-13,Zegama,140
2025-06-14,Arrasate,351
2025-06-14,Berastegi,319
2025-06-14,Miramon,278
2025-06-14,Zegama,15
2025-06-15,Arrasate,351
2025-06-15,Berastegi,311
2025-06-15,Miramon,344
2025-06-15,Zegama,359
2025-06-16,Arrasate,21
2025-06-16,Berastegi,338
2025-06-16,Bidania,55
2025-06-16,Miramon,308
2025-06-16,Zegama,2
2025-06-17,Arrasate,359
2025-06-17,Berastegi,296
2025-06-17,Bidania,322
2025-06-17,Miramon,253
2025-06-17,Zegama,20
2025-06-18,Arrasate,107
2025-06-18,Berastegi,309
2025-06-18,Bidania,150
2025-06-18,Miramon,199
2025-06-18,Zegama,45
2025-06-19,Arrasate,308
2025-06-19,Berastegi,307
2025-06-19,Bidania,170
2025-06-19,Miramon,180
2025-06-19,Zegama,160
2025-06-20,Arrasate,141
2025-06-20,Berastegi,208
2025-06-20,Bidania,140
2025-06-20,Miramon,179
2025-06-20,Zegama,174
2025-06-21,Arrasate,356
2025-06-21,Berastegi,310
2025-06-21,Bidania,320
2025-06-21,Miramon,283
2025-06-21,Zegama,47
2025-06-22,Arrasate,3
2025-06-22,Berastegi,316
2025-06-22,Miramon,298
2025-06-22,Zegama,13
2025-06-23,Arrasate,352
2025-06-23,Berastegi,323
2025-06-23,Miramon,357
2025-06-23,Zegama,11
2025-06-24,Arrasate,358
2025-06-24,Berastegi,297
2025-06-24,Bidania,138
2025-06-24,Miramon,281
2025-06-24,Zegama,284
2025-06-25,Arrasate,324
2025-06-25,Berastegi,319
2025-06-25,Bidania,247
2025-06-25,Miramon,250
2025-06-25,Zegama,37
2025-06-26,Arrasate,343
2025-06-26,Berastegi,329
2025-06-26,Bidania,12
2025-06-26,Miramon,254
2025-06-26,Zegama,7
2025-06-27,Arrasate,343
2025-06-27,Berastegi,321
2025-06-27,Bidania,339
2025-06-27,Miramon,288
2025-06-27,Zegama,358
2025-06-28,Arrasate,357
2025-06-28,Berastegi,304
2025-06-28,Bidania,350
2025-06-28,Miramon,252
2025-06-28,Zegama,21
2025-06-29,Arrasate,57
2025-06-29,Berastegi,299
2025-06-29,Bidania,146
2025-06-29,Miramon,220
2025-06-29,Zegama,55
2025-06-30,Arrasate,336
2025-06-30,Berastegi,314
2025-06-30,Bidania,338
2025-06-30,Miramon,249
2025-06-30,Zegama,1
2025-07-01,Arrasate,347
2025-07-01,Berastegi,324
2025-07-01,Bidania,278
2025-07-01,Miramon,313
2025-07-01,Zegama,11
2025-07-02,Arrasate,351
2025-07-02,Berastegi,310
2025-07-02,Miramon,296
2025-07-02,Zegama,10
2025-07-03,Arrasate,355
2025-07-03,Berastegi,318
2025-07-03,Miramon,249
2025-07-03,Zegama,13
2025-07-04,Arrasate,359
2025-07-04,Berastegi,317
2025-07-04,Bidania,339
2025-07-04,Miramon,280
2025-07-04,Zegama,7
2025-07-05,Arrasate,341
2025-07-05,Berastegi,308
2025-07-05,Bidania,319
2025-07-05,Miramon,265
2025-07-05,Zegama,32
2025-07-06,Arrasate,341
2025-07-06,Berastegi,307
2025-07-06,Bidania,315
2025-07-06,Miramon,273
2025-07-06,Zegama,6
2025-07-07,Arrasate,323
2025-07-07,Berastegi,326
2025-07-07,Bidania,317
2025-07-07,Miramon,299
2025-07-07,Zegama,350
2025-07-08,Arrasate,2
2025-07-08,Berastegi,304
2025-07-08,Bidania,328
2025-07-08,Miramon,316
2025-07-08,Zegama,14
2025-07-09,Arrasate,355
2025-07-09,Berastegi,316
2025-07-09,Bidania,58
2025-07-09,Miramon,290
2025-07-09,Zegama,16
2025-07-10,Arrasate,358
2025-07-10,Berastegi,315
2025-07-10,Bidania,132
2025-07-10,Miramon,216
2025-07-10,Zegama,36
2025-07-11,Arrasate,345
2025-07-11,Berastegi,340
2025-07-11,Bidania,98
2025-07-11,Miramon,236
2025-07-11,Zegama,112
2025-07-12,Arrasate,1
2025-07-12,Berastegi,310
2025-07-12,Bidania,357
2025-07-12,Miramon,234
2025-07-12,Zegama,94
2025-07-13,Arrasate,356
2025-07-13,Berastegi,328
2025-07-13,Bidania,320
2025-07-13,Miramon,303
2025-07-13,Zegama,3
2025-07-14,Arrasate,360
2025-07-14,Berastegi,315
2025-07-14,Miramon,286
2025-07-14,Zegama,13
2025-07-15,Arrasate,359
2025-07-15,Berastegi,318
2025-07-15,Miramon,235
2025-07-15,Zegama,358
2025-07-16,Arrasate,340
2025-07-16,Berastegi,321
2025-07-16,Bidania,330
2025-07-16,Miramon,193
2025-07-16,Zegama,351
2025-07-17,Arrasate,345
2025-07-17,Berastegi,315
2025-07-17,Bidania,320
2025-07-17,Miramon,277
2025-07-17,Zegama,19
2025-07-18,Arrasate,351
2025-07-18,Berastegi,312
2025-07-18,Bidania,314
2025-07-18,Miramon,291
2025-07-18,Zegama,20
2025-07-19,Arrasate,7
2025-07-19,Berastegi,334
2025-07-19,Bidania,327
2025-07-19,Miramon,281
2025-07-19,Zegama,5
2025-07-20,Arrasate,349
2025-07-20,Berastegi,337
2025-07-20,Bidania,312
2025-07-20,Miramon,277
2025-07-20,Zegama,140
2025-07-21,Arrasate,344
2025-07-21,Berastegi,323
2025-07-21,Bidania,319
2025-07-21,Miramon,269
2025-07-21,Zegama,25
2025-07-22,Arrasate,346
2025-07-22,Berastegi,326
2025-07-22,Bidania,312
2025-07-22,Miramon,9
2025-07-22,Zegama,13
2025-07-23,Arrasate,331
2025-07-23,Berastegi,324
2025-07-23,Miramon,262
2025-07-23,Zegama,4
2025-07-24,Arrasate,334
2025-07-24,Berastegi,330
2025-07-24,Bidania,319
2025-07-24,Miramon,299
2025-07-24,Zegama,351
2025-07-25,Arrasate,338
2025-07-25,Berastegi,321
2025-07-25,Bidania,315
2025-07-25,Miramon,268
2025-07-25,Zegama,359
2025-07-26,Arrasate,5
2025-07-26,Berastegi,321
2025-07-26,Miramon,269
2025-07-26,Zegama,7
2025-07-27,Arrasate,346
2025-07-27,Berastegi,315
2025-07-27,Bidania,317
2025-07-27,Miramon,283
2025-07-27,Zegama,359
2025-07-28,Arrasate,332
2025-07-28,Berastegi,327
2025-07-28,Bidania,323
2025-07-28,Miramon,326
2025-07-28,Zegama,3
2025-07-29,Arrasate,339
2025-07-29,Berastegi,326
2025-07-29,Bidania,322
2025-07-29,Miramon,322
2025-07-29,Zegama,360
2025-07-30,Arrasate,355
2025-07-30,Berastegi,316
2025-07-30,Miramon,273
2025-07-30,Zegama,358
2025-07-31,Arrasate,10
2025-07-31,Berastegi,329
2025-07-31,Bidania,319
2025-07-31,Miramon,311
2025-07-31,Zegama,14
2025-08-01,Arrasate,349
2025-08-01,Berastegi,312
2025-08-01,Bidania,319
2025-08-01,Miramon,301
2025-08-01,Zegama,15
2025-08-02,Arrasate,358
2025-08-02,Berastegi,321
2025-08-02,Bidania,323
2025-08-02,Miramon,321
2025-08-02,Zegama,11
2025-08-03,Arrasate,356
2025-08-03,Berastegi,307
2025-08-03,Bidania,87
2025-08-03,Miramon,274
2025-08-03,Zegama,8
2025-08-04,Arrasate,330
2025-08-04,Berastegi,290
2025-08-04,Bidania,131
2025-08-04,Miramon,203
2025-08-04,Zegama,295
2025-08-05,Arrasate,358
2025-08-05,Berastegi,316
2025-08-05,Bidania,320
2025-08-05,Miramon,267
2025-08-05,Zegama,30
2025-08-06,Arrasate,355
2025-08-06,Berastegi,319
2025-08-06,Bidania,327
2025-08-06,Miramon,308
2025-08-06,Zegama,0
2025-08-07,Arrasate,352
2025-08-07,Berastegi,320
2025-08-07,Bidania,335
2025-08-07,Miramon,244
2025-08-07,Zegama,358
2025-08-08,Arrasate,353
2025-08-08,Berastegi,308
2025-08-08,Bidania,330
2025-08-08,Miramon,251
2025-08-08,Zegama,5
2025-08-09,Arrasate,350
2025-08-09,Berastegi,303
2025-08-09,Bidania,321
2025-08-09,Miramon,268
2025-08-09,Zegama,11
2025-08-10,Arrasate,65
2025-08-10,Berastegi,313
2025-08-10,Bidania,132
2025-08-10,Miramon,194
2025-08-10,Zegama,141
2025-08-11,Arrasate,278
2025-08-11,Berastegi,288
2025-08-11,Bidania,129
2025-08-11,Miramon,236
2025-08-11,Zegama,117
2025-08-12,Arrasate,212
2025-08-12,Berastegi,154
2025-08-12,Bidania,151
2025-08-12,Miramon,206
2025-08-12,Zegama,183
2025-08-13,Arrasate,354
2025-08-13,Berastegi,325
2025-08-13,Bidania,83
2025-08-13,Miramon,228
2025-08-13,Zegama,94
2025-08-14,Arrasate,10
2025-08-14,Berastegi,328
2025-08-14,Bidania,344
2025-08-14,Miramon,320
2025-08-14,Zegama,3
2025-08-15,Arrasate,39
2025-08-15,Berastegi,137
2025-08-15,Bidania,123
2025-08-15,Miramon,138
2025-08-15,Zegama,152
2025-08-16,Arrasate,358
2025-08-16,Berastegi,321
2025-08-16,Bidania,339
2025-08-16,Miramon,302
2025-08-16,Zegama,17
2025-08-17,Arrasate,352
2025-08-17,Berastegi,323
2025-08-17,Bidania,314
2025-08-17,Miramon,292
2025-08-17,Zegama,21
2025-08-18,Arrasate,358
2025-08-18,Berastegi,306
2025-08-18,Miramon,240
2025-08-18,Zegama,18
2025-08-19,Arrasate,296
2025-08-19,Berastegi,312
2025-08-19,Miramon,194
2025-08-19,Zegama,355
2025-08-20,Arrasate,318
2025-08-20,Berastegi,311
2025-08-20,Bidania,313
2025-08-20,Miramon,235
2025-08-20,Zegama,6
2025-08-21,Arrasate,324
2025-08-21,Berastegi,315
2025-08-21,Miramon,299
2025-08-21,Zegama,356
2025-08-22,Arrasate,346
2025-08-22,Berastegi,307
2025-08-22,Bidania,320
2025-08-22,Miramon,263
2025-08-22,Zegama,7
2025-08-23,Arrasate,4
2025-08-23,Berastegi,315
2025-08-23,Bidania,286
2025-08-23,Miramon,249
2025-08-23,Zegama,7
2025-08-24,Arrasate,339
2025-08-24,Berastegi,309
2025-08-24,Bidania,141
2025-08-24,Miramon,205
2025-08-24,Zegama,34
2025-08-25,Arrasate,356
2025-08-25,Berastegi,5
2025-08-25,Bidania,41
2025-08-25,Miramon,279
2025-08-25,Zegama,128
2025-08-26,Arrasate,0
2025-08-26,Berastegi,328
2025-08-26,Miramon,258
2025-08-26,Zegama,20
2025-08-27,Arrasate,348
2025-08-27,Berastegi,327
2025-08-27,Miramon,241
2025-08-27,Zegama,13
2025-08-28,Arrasate,339
2025-08-28,Berastegi,315
2025-08-28,Bidania,316
2025-08-28,Miramon,245
2025-08-28,Zegama,5
2025-08-29,Arrasate,312
2025-08-29,Berastegi,317
2025-08-29,Bidania,292
2025-08-29,Miramon,251
2025-08-29,Zegama,326
2025-08-30,Arrasate,20
2025-08-30,Berastegi,295
2025-08-30,Bidania,304
2025-08-30,Miramon,315
2025-08-30,Zegama,16
2025-08-31,Arrasate,20
2025-08-31,Berastegi,298
2025-08-31,Miramon,204
2025-08-31,Zegama,28
2025-09-01,Arrasate,333
2025-09-01,Berastegi,324
2025-09-01,Bidania,312
2025-09-01,Miramon,242
2025-09-01,Zegama,354
2025-09-02,Arrasate,215
2025-09-02,Berastegi,231
2025-09-02,Bidania,157
2025-09-02,Miramon,196
2025-09-02,Zegama,233
2025-09-03,Arrasate,225
2025-09-03,Berastegi,135
2025-09-03,Bidania,172
2025-09-03,Miramon,211
2025-09-03,Zegama,210
2025-09-04,Arrasate,345
2025-09-04,Berastegi,321
2025-09-04,Bidania,319
2025-09-04,Miramon,266
2025-09-04,Zegama,17
2025-09-05,Arrasate,346
2025-09-05,Berastegi,298
2025-09-05,Bidania,131
2025-09-05,Miramon,140
2025-09-05,Zegama,124
2025-09-06,Arrasate,147
2025-09-06,Berastegi,157
2025-09-06,Bidania,155
2025-09-06,Miramon,167
2025-09-06,Zegama,155
2025-09-07,Arrasate,112
2025-09-07,Berastegi,145
2025-09-07,Bidania,172
2025-09-07,Miramon,220
2025-09-07,Zegama,157
2025-09-08,Arrasate,349
2025-09-08,Berastegi,318
2025-09-08,Miramon,271
2025-09-08,Zegama,7
2025-09-09,Arrasate,2
2025-09-09,Berastegi,316
2025-09-09,Bidania,321
2025-09-09,Miramon,223
2025-09-09,Zegama,56
2025-09-10,Arrasate,309
2025-09-10,Berastegi,324
2025-09-10,Miramon,212
2025-09-10,Zegama,257
2025-09-11,Arrasate,343
2025-09-11,Berastegi,317
2025-09-11,Bidania,312
2025-09-11,Miramon,235
2025-09-11,Zegama,28
2025-09-12,Arrasate,346
2025-09-12,Berastegi,312
2025-09-12,Bidania,324
2025-09-12,Miramon,214
2025-09-12,Zegama,1
2025-09-13,Arrasate,342
2025-09-13,Berastegi,313
2025-09-13,Bidania,335
2025-09-13,Miramon,230
2025-09-13,Zegama,2
2025-09-14,Arrasate,11
2025-09-14,Berastegi,325
2025-09-14,Bidania,12
2025-09-14,Miramon,187
2025-09-14,Zegama,46
2025-09-15,Arrasate,351
2025-09-15,Berastegi,328
2025-09-15,Bidania,319
2025-09-15,Miramon,293
2025-09-15,Zegama,27
2025-09-16,Arrasate,19
2025-09-16,Berastegi,290
2025-09-16,Bidania,321
2025-09-16,Miramon,110
2025-09-16,Zegama,355
2025-09-17,Arrasate,354
2025-09-17,Berastegi,321
2025-09-17,Bidania,125
2025-09-17,Miramon,211
2025-09-17,Zegama,190
2025-09-18,Arrasate,123
2025-09-18,Berastegi,133
2025-09-18,Bidania,148
2025-09-18,Miramon,194
2025-09-18,Zegama,165
2025-09-19,Arrasate,194
2025-09-19,Berastegi,141
2025-09-19,Bidania,153
2025-09-19,Miramon,171
2025-09-19,Zegama,166
2025-09-20,Arrasate,349
2025-09-20,Berastegi,138
2025-09-20,Bidania,187
2025-09-20,Miramon,236
2025-09-20,Zegama,142
2025-09-21,Arrasate,332
2025-09-21,Berastegi,313
2025-09-21,Bidania,314
2025-09-21,Miramon,249
2025-09-21,Zegama,359
2025-09-22,Arrasate,303
2025-09-22,Berastegi,305
2025-09-22,Bidania,309
2025-09-22,Miramon,244
2025-09-22,Zegama,331
2025-09-23,Arrasate,4
2025-09-23,Berastegi,296
2025-09-23,Bidania,344
2025-09-23,Miramon,129
2025-09-23,Zegama,17
2025-09-24,Arrasate,342
2025-09-24,Berastegi,306
2025-09-24,Miramon,178
2025-09-24,Zegama,81
2025-09-25,Arrasate,345
2025-09-25,Berastegi,317
2025-09-25,Bidania,322
2025-09-25,Miramon,173
2025-09-25,Zegama,76
2025-09-26,Arrasate,325
2025-09-26,Berastegi,314
2025-09-26,Bidania,176
2025-09-26,Miramon,181
2025-09-26,Zegama,155
2025-09-27,Arrasate,207
2025-09-27,Berastegi,137
2025-09-27,Bidania,150
2025-09-27,Miramon,172
2025-09-27,Zegama,164
2025-09-28,Arrasate,338
2025-09-28,Berastegi,318
2025-09-28,Bidania,319
2025-09-28,Miramon,267
2025-09-28,Zegama,5
2025-09-29,Arrasate,7
2025-09-29,Berastegi,319
2025-09-29,Bidania,320
2025-09-29,Miramon,285
2025-09-29,Zegama,17
2025-09-30,Arrasate,343
2025-09-30,Berastegi,327
2025-09-30,Bidania,334
2025-09-30,Miramon,191
2025-09-30,Zegama,24
2025-10-01,Arrasate,349
2025-10-01,Berastegi,315
2025-10-01,Bidania,341
2025-10-01,Miramon,187
2025-10-01,Zegama,61
2025-10-02,Arrasate,281
2025-10-02,Berastegi,297
2025-10-02,Bidania,162
2025-10-02,Miramon,184
2025-10-02,Zegama,151
2025-10-03,Arrasate,332
2025-10-03,Berastegi,308
2025-10-03,Bidania,331
2025-10-03,Miramon,204
2025-10-03,Zegama,116
2025-10-04,Arrasate,343
2025-10-04,Berastegi,325
2025-10-04,Bidania,316
2025-10-04,Miramon,239
2025-10-04,Zegama,13
2025-10-05,Arrasate,336
2025-10-05,Berastegi,312
2025-10-05,Bidania,325
2025-10-05,Miramon,233
2025-10-05,Zegama,348
2025-10-06,Arrasate,159
2025-10-06,Berastegi,310
2025-10-06,Bidania,147
2025-10-06,Miramon,152
2025-10-06,Zegama,152
2025-10-07,Arrasate,324
2025-10-07,Berastegi,292
2025-10-07,Bidania,142
2025-10-07,Miramon,180
2025-10-07,Zegama,169
2025-10-08,Arrasate,338
2025-10-08,Berastegi,318
2025-10-08,Bidania,318
2025-10-08,Miramon,242
2025-10-08,Zegama,7
2025-10-09,Arrasate,350
2025-10-09,Berastegi,315
2025-10-09,Bidania,320
2025-10-09,Miramon,275
2025-10-09,Zegama,8
2025-10-10,Arrasate,351
2025-10-10,Berastegi,319
2025-10-10,Bidania,317
2025-10-10,Miramon,285
2025-10-10,Zegama,16
2025-10-11,Arrasate,321
2025-10-11,Berastegi,321
2025-10-11,Bidania,144
2025-10-11,Miramon,192
2025-10-11,Zegama,173
2025-10-12,Arrasate,150
2025-10-12,Berastegi,134
2025-10-12,Bidania,147
2025-10-12,Miramon,166
2025-10-12,Zegama,159
2025-10-13,Arrasate,76
2025-10-13,Berastegi,150
2025-10-13,Bidania,136
2025-10-13,Miramon,200
2025-10-13,Zegama,154
2025-10-14,Arrasate,343
2025-10-14,Berastegi,307
2025-10-14,Bidania,319
2025-10-14,Miramon,233
2025-10-14,Zegama,26
2025-10-15,Arrasate,351
2025-10-15,Berastegi,303
2025-10-15,Bidania,312
2025-10-15,Miramon,334
2025-10-15,Zegama,320
2025-10-16,Arrasate,120
2025-10-16,Berastegi,171
2025-10-16,Bidania,140
2025-10-16,Miramon,237
2025-10-16,Zegama,165
2025-10-17,Arrasate,174
2025-10-17,Berastegi,150
2025-10-17,Bidania,150
2025-10-17,Miramon,182
2025-10-17,Zegama,154
2025-10-18,Arrasate,228
2025-10-18,Berastegi,124
2025-10-18,Bidania,142
2025-10-18,Miramon,181
2025-10-18,Zegama,163
2025-10-19,Arrasate,175
2025-10-19,Berastegi,139
2025-10-19,Bidania,159
2025-10-19,Miramon,171
2025-10-19,Zegama,171
2025-10-20,Arrasate,232
2025-10-20,Berastegi,158
2025-10-20,Bidania,185
2025-10-20,Miramon,220
2025-10-20,Zegama,231
2025-10-21,Arrasate,215
2025-10-21,Berastegi,215
2025-10-21,Bidania,219
2025-10-21,Miramon,220
2025-10-21,Zegama,187
2025-10-22,Arrasate,215
2025-10-22,Berastegi,177
2025-10-22,Bidania,222
2025-10-22,Miramon,199
2025-10-22,Zegama,167
2025-10-23,Arrasate,314
2025-10-23,Berastegi,296
2025-10-23,Bidania,301
2025-10-23,Miramon,274
2025-10-23,Zegama,357
2025-10-24,Arrasate,247
2025-10-24,Berastegi,283
2025-10-24,Bidania,197
2025-10-24,Miramon,196
2025-10-24,Zegama,167
2025-10-25,Arrasate,300
2025-10-25,Berastegi,283
2025-10-25,Bidania,302
2025-10-25,Miramon,210
2025-10-25,Zegama,262
2025-10-26,Arrasate,312
2025-10-26,Berastegi,317
2025-10-26,Bidania,319
2025-10-26,Miramon,228
2025-10-26,Zegama,343
2025-10-27,Arrasate,16
2025-10-27,Berastegi,353
2025-10-27,Bidania,330
2025-10-27,Miramon,193
2025-10-27,Zegama,130
2025-10-28,Arrasate,215
2025-10-28,Berastegi,143
2025-10-28,Bidania,148
2025-10-28,Miramon,171
2025-10-28,Zegama,155
2025-10-29,Arrasate,176
2025-10-29,Berastegi,146
2025-10-29,Bidania,163
2025-10-29,Miramon,184
2025-10-29,Zegama,152
2025-10-30,Arrasate,216
2025-10-30,Berastegi,147
2025-10-30,Bidania,166
2025-10-30,Miramon,190
2025-10-30,Zegama,214
2025-10-31,Arrasate,200
2025-10-31,Berastegi,136
2025-10-31,Bidania,158
2025-10-31,Miramon,161
2025-10-31,Zegama,174
2025-11-01,Arrasate,294
2025-11-01,Berastegi,140
2025-11-01,Miramon,226
2025-11-01,Zegama,158
2025-11-02,Arrasate,259
2025-11-02,Berastegi,317
2025-11-02,Bidania,311
2025-11-02,Miramon,215
2025-11-02,Zegama,129
2025-11-03,Arrasate,218
2025-11-03,Berastegi,131
2025-11-03,Bidania,142
2025-11-03,Miramon,174
2025-11-03,Zegama,149
2025-11-04,Arrasate,158
2025-11-04,Berastegi,155
2025-11-04,Bidania,157
2025-11-04,Miramon,173
2025-11-04,Zegama,151
2025-11-05,Arrasate,172
2025-11-05,Berastegi,150
2025-11-05,Bidania,158
2025-11-05,Miramon,169
2025-11-05,Zegama,165
2025-11-06,Arrasate,217
2025-11-06,Berastegi,205
2025-11-06,Bidania,247
2025-11-06,Miramon,202
2025-11-06,Zegama,231
2025-11-07,Arrasate,249
2025-11-07,Berastegi,125
2025-11-07,Bidania,142
2025-11-07,Miramon,190
2025-11-07,Zegama,274
2025-11-08,Arrasate,301
2025-11-08,Berastegi,320
2025-11-08,Miramon,265
2025-11-08,Zegama,355
2025-11-09,Arrasate,244
2025-11-09,Berastegi,236
2025-11-09,Bidania,150
2025-11-09,Miramon,180
2025-11-09,Zegama,222
2025-11-10,Arrasate,219
2025-11-10,Berastegi,232
2025-11-10,Bidania,159
2025-11-10,Miramon,189
2025-11-10,Zegama,256
2025-11-11,Arrasate,168
2025-11-11,Berastegi,141
2025-11-11,Bidania,164
2025-11-11,Miramon,176
2025-11-11,Zegama,159
2025-11-12,Arrasate,145
2025-11-12,Berastegi,145
2025-11-12,Bidania,163
2025-11-12,Miramon,167
2025-11-12,Zegama,152
2025-11-13,Arrasate,148
2025-11-13,Berastegi,142
2025-11-13,Bidania,161
2025-11-13,Miramon,163
2025-11-13,Zegama,156
2025-11-14,Arrasate,169
2025-11-14,Berastegi,142
2025-11-14,Bidania,160
2025-11-14,Miramon,166
2025-11-14,Zegama,153
2025-11-15,Arrasate,177
2025-11-15,Berastegi,142
2025-11-15,Bidania,161
2025-11-15,Miramon,170
2025-11-15,Zegama,157
2025-11-16,Arrasate,209
2025-11-16,Berastegi,181
2025-11-16,Bidania,200
2025-11-16,Miramon,199
2025-11-16,Zegama,201
2025-11-17,Arrasate,356
2025-11-17,Berastegi,315
2025-11-17,Miramon,150
2025-11-17,Zegama,356
2025-11-18,Arrasate,28
2025-11-18,Berastegi,296
2025-11-18,Bidania,5
2025-11-18,Miramon,113
2025-11-18,Zegama,6
2025-11-19,Arrasate,292
2025-11-19,Berastegi,321
2025-11-19,Bidania,321
2025-11-19,Miramon,225
2025-11-19,Zegama,354
2025-11-20,Arrasate,286
2025-11-20,Berastegi,93
2025-11-20,Miramon,191
2025-11-20,Zegama,355
2025-11-21,Arrasate,310
2025-11-21,Berastegi,296
2025-11-21,Miramon,164
2025-11-22,Arrasate,254
2025-11-22,Berastegi,189
2025-11-22,Bidania,75
2025-11-22,Miramon,177
2025-11-22,Zegama,305
2025-11-23,Arrasate,237
2025-11-23,Berastegi,187
2025-11-23,Bidania,206
2025-11-23,Miramon,203
2025-11-23,Zegama,250
2025-11-24,Arrasate,250
2025-11-24,Berastegi,272
2025-11-24,Miramon,254
2025-11-24,Zegama,149
2025-11-25,Arrasate,307
2025-11-25,Berastegi,315
2025-11-25,Bidania,320
2025-11-25,Miramon,313
2025-11-25,Zegama,343
2025-11-26,Arrasate,344
2025-11-26,Berastegi,317
2025-11-26,Miramon,177
2025-11-26,Zegama,344
2025-11-27,Arrasate,326
2025-11-27,Berastegi,300
2025-11-27,Bidania,315
2025-11-27,Miramon,168
2025-11-27,Zegama,358
2025-11-28,Arrasate,253
2025-11-28,Berastegi,306
2025-11-28,Bidania,339
2025-11-28,Miramon,177
2025-11-28,Zegama,163
2025-11-29,Arrasate,248
2025-11-29,Berastegi,124
2025-11-29,Bidania,150
2025-11-29,Miramon,191
2025-11-29,Zegama,186
2025-11-30,Arrasate,334
2025-11-30,Berastegi,315
2025-11-30,Bidania,330
2025-11-30,Miramon,186
2025-11-30,Zegama,349
2025-12-01,Arrasate,222
2025-12-01,Berastegi,119
2025-12-01,Bidania,157
2025-12-01,Miramon,175
2025-12-01,Zegama,208
2025-12-02,Arrasate,238
2025-12-02,Berastegi,190
2025-12-02,Bidania,166
2025-12-02,Miramon,187
2025-12-02,Zegama,237
2025-12-03,Arrasate,250
2025-12-03,Berastegi,301
2025-12-03,Bidania,295
2025-12-03,Miramon,197
2025-12-03,Zegama,219
2025-12-04,Arrasate,231
2025-12-04,Berastegi,247
2025-12-04,Bidania,276
2025-12-04,Miramon,224
2025-12-04,Zegama,245
2025-12-05,Arrasate,236
2025-12-05,Berastegi,123
2025-12-05,Bidania,173
2025-12-05,Miramon,192
2025-12-05,Zegama,241
2025-12-06,Arrasate,210
2025-12-06,Berastegi,50
2025-12-06,Bidania,251
2025-12-06,Miramon,223
2025-12-06,Zegama,165
2025-12-07,Arrasate,207
2025-12-07,Berastegi,162
2025-12-07,Bidania,175
2025-12-07,Miramon,189
2025-12-07,Zegama,259
2025-12-08,Arrasate,197
2025-12-08,Berastegi,127
2025-12-08,Bidania,166
2025-12-08,Miramon,181
2025-12-08,Zegama,191
2025-12-09,Arrasate,202
2025-12-09,Berastegi,126
2025-12-09,Bidania,162
2025-12-09,Miramon,168
2025-12-09,Zegama,178
2025-12-10,Arrasate,238
2025-12-10,Berastegi,115
2025-12-10,Miramon,213
2025-12-10,Zegama,157
2025-12-11,Arrasate,183
2025-12-11,Berastegi,131
2025-12-11,Bidania,158
2025-12-11,Miramon,171
2025-12-11,Zegama,163
2025-12-12,Arrasate,187
2025-12-12,Berastegi,138
2025-12-12,Bidania,160
2025-12-12,Miramon,171
2025-12-12,Zegama,159
2025-12-13,Arrasate,186
2025-12-13,Berastegi,117
2025-12-13,Bidania,148
2025-12-13,Miramon,186
2025-12-13,Zegama,153
2025-12-14,Arrasate,173
2025-12-14,Berastegi,140
2025-12-14,Bidania,150
2025-12-14,Miramon,165
2025-12-14,Zegama,151
2025-12-15,Arrasate,169
2025-12-15,Berastegi,148
2025-12-15,Bidania,164
2025-12-15,Miramon,165
2025-12-15,Zegama,155
2025-12-16,Arrasate,185
2025-12-16,Berastegi,91
2025-12-16,Bidania,176
2025-12-16,Miramon,225
2025-12-16,Zegama,150
2025-12-17,Arrasate,193
2025-12-17,Berastegi,141
2025-12-17,Miramon,181
2025-12-17,Zegama,168
2025-12-18,Arrasate,163
2025-12-18,Berastegi,145
2025-12-18,Bidania,168
2025-12-18,Miramon,159
2025-12-18,Zegama,163
2025-12-19,Arrasate,171
2025-12-19,Berastegi,140
2025-12-19,Miramon,216
2025-12-19,Zegama,146
2025-12-20,Arrasate,191
2025-12-20,Berastegi,138
2025-12-20,Bidania,161
2025-12-20,Miramon,187
2025-12-20,Zegama,183
2025-12-21,Arrasate,195
2025-12-21,Berastegi,153
2025-12-21,Bidania,170
2025-12-21,Miramon,182
2025-12-21,Zegama,173
2025-12-22,Arrasate,235
2025-12-22,Berastegi,138
2025-12-22,Bidania,237
2025-12-22,Miramon,190
2025-12-22,Zegama,234
2025-12-23,Arrasate,317
2025-12-23,Berastegi,326
2025-12-23,Miramon,175
2025-12-23,Zegama,7
2025-12-24,Arrasate,354
2025-12-24,Berastegi,308
2025-12-24,Miramon,2
2025-12-24,Zegama,6
2025-12-25,Arrasate,3
2025-12-25,Berastegi,130
2025-12-25,Bidania,141
2025-12-25,Miramon,121
2025-12-25,Zegama,164
2025-12-26,Arrasate,272
2025-12-26,Berastegi,325
2025-12-26,Miramon,181
2025-12-26,Zegama,150
2025-12-27,Arrasate,221
2025-12-27,Berastegi,155
2025-12-27,Bidania,141
2025-12-27,Miramon,173
2025-12-27,Zegama,173
2025-12-28,Arrasate,151
2025-12-28,Berastegi,156
2025-12-28,Bidania,141
2025-12-28,Miramon,148
2025-12-28,Zegama,172
2025-12-29,Arrasate,229
2025-12-29,Berastegi,268
2025-12-29,Bidania,135
2025-12-29,Miramon,184
2025-12-29,Zegama,161
2025-12-30,Arrasate,353
2025-12-30,Berastegi,323
2025-12-30,Miramon,35
2025-12-31,Arrasate,356
2025-12-31,Berastegi,317
2025-12-31,Bidania,318
2025-12-31,Miramon,247
2025-12-31,Zegama,0
