{"type":"FeatureCollection","features":[{"type":"Feature","properties":{"cod":"001","nombre":"Abaltzisketa","comarca":"Tolosaldea","reparto":{"Ordizia":100}},"geometry":{"type":"MultiPolygon","coordinates":[[[[-2.09997,43.01327],[-2.09047,43.01951],[-2.08843,43.02273],[-2.09116,43.0275],[-2.09323,43.03823],[-2.09556,43.0419],[-2.09318,43.04972],[-2.0949,43.0569],[-2.09886,43.0653],[-2.10038,43.06511],[-2.10314,43.06582],[-2.11085,43.06508],[-2.11657,43.06521],[-2.11803,43.06491],[-2.11794,43.06327],[-2.11928,43.06207],[-2.11914,43.06066],[-2.11722,43.05898],[-2.11607,43.05458],[-2.11403,43.0522],[-2.11418,43.05048],[-2.11632,43.04803],[-2.11863,43.04691],[-2.1196,43.04501],[-2.11977,43.04182],[-2.12181,43.04046],[-2.11368,43.03248],[-2.11535,43.03108],[-2.11866,43.03023],[-2.11931,43.02205],[-2.11601,43.01552],[-2.11028,43.00989],[-2.09997,43.01327]]]]}},{"type":"Feature","properties":{"cod":"002","nombre":"Aduna","comarca":"Tolosaldea","reparto":{"Zizurkil":100}},"geometry":{"type":"MultiPolygon","coordinates":[[[[-2.03897,43.20246],[-2.03804,43.20458],[-2.0355,43.20468],[-2.03566,43.20671],[-2.04072,43.20668],[-2.03944,43.20844],[-2.04344,43.20945],[-2.05099,43.22073],[-2.0474,43.22199],[-2.04625,43.22566],[-2.03828,43.22691],[-2.04054,43.22796],[-2.04527,43.22867],[-2.04589,43.23128],[-2.0492,43.22917],[-2.05127,43.22866],[-2.05515,43.22976],[-2.05563,43.23047],[-2.05861,43.22695],[-2.05833,43.22294],[-2.05894,43.22252],[-2.05851,43.21983],[-2.0591,43.21977],[-2.06782,43.22611],[-2.07033,43.22427],[-2.07366,43.22398],[-2.07527,43.22209],[-2.07737,43.22127],[-2.07845,43.22006],[-2.07818,43.21601],[-2.07291,43.21392],[-2.07127,43.21108],[-2.06907,43.21133],[-2.06888,43.21041],[-2.06802,43.21033],[-2.06735,43.20798],[-2.06635,43.20743],[-2.06677,43.20634],[-2.06589,43.20586],[-2.06645,43.2048],[-2.06596,43.20312],[-2.06432,43.20262],[-2.06483,43.20159],[-2.06332,43.2014],[-2.06084,43.20003],[-2.06075,43.19929],[-2.0579,43.19834],[-2.057,43.19562],[-2.05483,43.19577],[-2.05158,43.19811],[-2.04849,43.19658],[-2.04219,43.19695],[-2.04125,43.19783],[-2.04095,43.20028],[-2.03897,43.20246]]]]}},{"type":"Feature","properties":{"cod":"003","nombre":"Aizarnazabal","comarca":"Urola Kosta","reparto":{"Zarautz":100}},"geometry":{"type":"MultiPolygon","coordinates":[[[[-2.23269,43.25528],[-2.23085,43.25467],[-2.22447,43.25592],[-2.21583,43.26011],[-2.20858,43.26584],[-2.20667,43.26934],[-2.20572,43.27281],[-2.20713,43.27293],[-2.20985,43.2719],[-2.21226,43.27263],[-2.21544,43.27176],[-2.2162,43.27229],[-2.2207,43.27201],[-2.22548,43.27023],[-2.22743,43.27054],[-2.22901,43.27158],[-2.22892,43.27261],[-2.2318,43.27416],[-2.23196,43.27532],[-2.23316,43.27582],[-2.23762,43.27518],[-2.24184,43.27374],[-2.2467,43.27001],[-2.24998,43.26993],[-2.25044,43.27094],[-2.2525,43.27],[-2.25481,43.26541],[-2.25498,43.26391],[-2.25331,43.26333],[-2.25196,43.26126],[-2.25292,43.2551],[-2.25199,43.25271],[-2.2466,43.25442],[-2.23963,43.25268],[-2.23697,43.25275],[-2.23429,43.25356],[-2.23269,43.25528]]]]}},{"type":"Feature","properties":{"cod":"004","nombre":"Albiztur","comarca":"Tolosaldea","reparto":{"Bidania":100}},"geometry":{"type":"MultiPolygon","coordinates":[[[[-2.17236,43.0978],[-2.16875,43.09834],[-2.1651,43.10534],[-2.16351,43.10655],[-2.16071,43.10666],[-2.1613,43.10888],[-2.15845,43.11203],[-2.15426,43.11227],[-2.14126,43.11758],[-2.13333,43.11746],[-2.12767,43.11587],[-2.12605,43.11901],[-2.12638,43.12056],[-2.12098,43.12482],[-2.11771,43.12417],[-2.11735,43.1258],[-2.11516,43.12544],[-2.1129,43.12516],[-2.11267,43.12604],[-2.11385,43.12806],[-2.11521,43.13444],[-2.1118,43.13869],[-2.1227,43.14831],[-2.12359,43.15055],[-2.12343,43.15642],[-2.13235,43.15746],[-2.13582,43.15953],[-2.14064,43.16372],[-2.14754,43.17351],[-2.15302,43.17026],[-2.14482,43.16627],[-2.14039,43.16163],[-2.139,43.15994],[-2.13724,43.15136],[-2.13915,43.1494],[-2.14142,43.14472],[-2.14223,43.14215],[-2.14162,43.14029],[-2.14957,43.13492],[-2.15269,43.13128],[-2.15618,43.11884],[-2.16397,43.11272],[-2.16453,43.1109],[-2.16735,43.11022],[-2.16962,43.111],[-2.17202,43.11274],[-2.17487,43.11252],[-2.17814,43.11344],[-2.1797,43.11318],[-2.17811,43.11222],[-2.18051,43.10944],[-2.17815,43.10813],[-2.17939,43.10704],[-2.18113,43.10895],[-2.18248,43.1067],[-2.18035,43.10534],[-2.17223,43.10217],[-2.17236,43.0978]]]]}},{"type":"Feature","properties":{"cod":"005","nombre":"Alegia","comarca":"Tolosaldea","reparto":{"Bidania":82,"Ordizia":10,"Berastegi":8}},"geometry":{"type":"MultiPolygon","coordinates":[[[[-2.06783,43.0784],[-2.07048,43.08297],[-2.07111,43.08812],[-2.07517,43.09007],[-2.07754,43.09036],[-2.07974,43.08974],[-2.08183,43.09113],[-2.08311,43.08996],[-2.08754,43.09454],[-2.08834,43.09832],[-2.09184,43.10109],[-2.09532,43.10228],[-2.09412,43.10533],[-2.09559,43.1075],[-2.09624,43.11059],[-2.09553,43.11116],[-2.09278,43.11112],[-2.08951,43.11225],[-2.09436,43.1134],[-2.10116,43.11382],[-2.10649,43.11675],[-2.11249,43.11651],[-2.11587,43.11554],[-2.12537,43.11563],[-2.12337,43.1086],[-2.12194,43.10666],[-2.1202,43.10342],[-2.11831,43.10177],[-2.1175,43.09918],[-2.11468,43.09826],[-2.1131,43.09668],[-2.11448,43.0959],[-2.11302,43.09356],[-2.11021,43.09333],[-2.10823,43.09404],[-2.10551,43.09683],[-2.10386,43.09578],[-2.10516,43.09314],[-2.10631,43.0924],[-2.10417,43.09164],[-2.10162,43.0923],[-2.0992,43.08993],[-2.09432,43.08919],[-2.09383,43.08799],[-2.08941,43.08484],[-2.09036,43.08335],[-2.08915,43.08157],[-2.08366,43.08148],[-2.08093,43.08007],[-2.07433,43.08065],[-2.06961,43.07849],[-2.06783,43.0784]]]]}},{"type":"Feature","properties":{"cod":"006","nombre":"Alkiza","comarca":"Tolosaldea","reparto":{"Bidania":59,"Zizurkil":41}},"geometry":{"type":"MultiPolygon","coordinates":[[[[-2.12343,43.15642],[-2.11607,43.15616],[-2.11175,43.1585],[-2.10819,43.15816],[-2.09923,43.15925],[-2.09605,43.16088],[-2.09111,43.16095],[-2.09003,43.16156],[-2.08477,43.16916],[-2.08625,43.17216],[-2.08623,43.17486],[-2.08457,43.17767],[-2.08706,43.17829],[-2.08493,43.18196],[-2.08354,43.18233],[-2.08268,43.18402],[-2.08531,43.1839],[-2.08912,43.18635],[-2.09139,43.18337],[-2.09317,43.18292],[-2.09472,43.1815],[-2.09973,43.1816],[-2.10375,43.18083],[-2.11377,43.18277],[-2.1201,43.18291],[-2.1293,43.18179],[-2.144,43.1776],[-2.14754,43.17351],[-2.14064,43.16372],[-2.13582,43.15953],[-2.13235,43.15746],[-2.12343,43.15642]]]]}},{"type":"Feature","properties":{"cod":"007","nombre":"Altzo","comarca":"Tolosaldea","reparto":{"Berastegi":69,"Bidania":31}},"geometry":{"type":"MultiPolygon","coordinates":[[[[-2.04158,43.07447],[-2.03978,43.07579],[-2.04092,43.07798],[-2.04069,43.07999],[-2.04153,43.08149],[-2.04345,43.08253],[-2.04402,43.0843],[-2.0493,43.08823],[-2.05017,43.09145],[-2.05284,43.0955],[-2.05271,43.09754],[-2.05672,43.10691],[-2.05662,43.11074],[-2.05757,43.11235],[-2.05948,43.11283],[-2.06361,43.11195],[-2.06254,43.11017],[-2.06313,43.10891],[-2.07121,43.11142],[-2.07261,43.11229],[-2.07332,43.11416],[-2.07711,43.11294],[-2.07868,43.11333],[-2.08119,43.11142],[-2.0863,43.11357],[-2.08924,43.11315],[-2.0899,43.11184],[-2.09156,43.11147],[-2.09534,43.1112],[-2.09624,43.11059],[-2.09559,43.1075],[-2.09412,43.10533],[-2.09532,43.10228],[-2.09184,43.10109],[-2.08834,43.09832],[-2.08754,43.09454],[-2.08444,43.09082],[-2.08311,43.08996],[-2.08183,43.09113],[-2.07974,43.08974],[-2.07754,43.09036],[-2.07517,43.09007],[-2.07203,43.08833],[-2.06324,43.08597],[-2.06083,43.08331],[-2.0597,43.08328],[-2.05968,43.08155],[-2.05608,43.08019],[-2.05505,43.07821],[-2.05225,43.07612],[-2.05195,43.0746],[-2.05074,43.07396],[-2.04579,43.07293],[-2.04158,43.07447]]]]}},{"type":"Feature","properties":{"cod":"008","nombre":"Amezketa","comarca":"Tolosaldea","reparto":{"Ordizia":90,"Berastegi":10}},"geometry":{"type":"MultiPolygon","coordinates":[[[[-2.07953,43.02378],[-2.0778,43.02397],[-2.07484,43.02244],[-2.07275,43.02448],[-2.06447,43.02659],[-2.05756,43.02428],[-2.0554,43.02429],[-2.0514,43.02679],[-2.04094,43.0297],[-2.04236,43.04092],[-2.04482,43.04258],[-2.04323,43.04689],[-2.04455,43.05278],[-2.04302,43.05369],[-2.04279,43.05577],[-2.04388,43.0581],[-2.04348,43.0597],[-2.0457,43.05981],[-2.05133,43.0608],[-2.05441,43.06049],[-2.05844,43.06153],[-2.06243,43.06124],[-2.06652,43.06194],[-2.07026,43.06178],[-2.07518,43.06352],[-2.07555,43.06388],[-2.07217,43.06784],[-2.07248,43.06926],[-2.06812,43.07495],[-2.06783,43.0784],[-2.06961,43.07849],[-2.07433,43.08065],[-2.08093,43.08007],[-2.08366,43.08148],[-2.08915,43.08157],[-2.08805,43.07864],[-2.08842,43.07692],[-2.08709,43.07555],[-2.098,43.07095],[-2.0994,43.06715],[-2.0949,43.0569],[-2.09318,43.04972],[-2.09556,43.0419],[-2.09323,43.03823],[-2.09116,43.0275],[-2.08843,43.02273],[-2.07953,43.02378]]]]}},{"type":"Feature","properties":{"cod":"009","nombre":"Andoain","comarca":"Donostialdea","reparto":{"Zizurkil":97,"Miramon":3}},"geometry":{"type":"MultiPolygon","coordinates":[[[[-1.99621,43.18652],[-1.99379,43.18724],[-1.99056,43.1869],[-1.98401,43.18853],[-1.98295,43.19125],[-1.98146,43.19247],[-1.97852,43.19389],[-1.9688,43.19448],[-1.96688,43.19532],[-1.96416,43.19907],[-1.97281,43.20356],[-1.97561,43.20718],[-1.97518,43.21045],[-1.97613,43.21044],[-1.9765,43.21105],[-1.97564,43.21347],[-1.99068,43.22277],[-1.99591,43.22689],[-1.99735,43.22948],[-2.00324,43.23504],[-2.00998,43.24334],[-2.01831,43.2395],[-2.02018,43.23937],[-2.02131,43.24033],[-2.0217,43.24326],[-2.02359,43.24525],[-2.02615,43.24322],[-2.02794,43.24269],[-2.02911,43.24127],[-2.03024,43.24224],[-2.03218,43.24203],[-2.03369,43.24321],[-2.03612,43.24387],[-2.03788,43.24573],[-2.03967,43.24512],[-2.04008,43.24606],[-2.04202,43.2463],[-2.04168,43.24114],[-2.047,43.24507],[-2.04868,43.245],[-2.04987,43.24385],[-2.05105,43.2438],[-2.05206,43.24213],[-2.05433,43.24136],[-2.05456,43.23986],[-2.05569,43.2399],[-2.05616,43.23911],[-2.0556,43.23712],[-2.05717,43.2358],[-2.05607,43.235],[-2.05642,43.23315],[-2.05557,43.232],[-2.05563,43.23027],[-2.0544,43.22962],[-2.0504,43.22876],[-2.04589,43.23128],[-2.04527,43.22867],[-2.03919,43.22761],[-2.03821,43.22681],[-2.04625,43.22566],[-2.0474,43.22199],[-2.05099,43.22073],[-2.04344,43.20945],[-2.03944,43.20844],[-2.04072,43.20668],[-2.03566,43.20671],[-2.0355,43.20468],[-2.03804,43.20458],[-2.03897,43.20246],[-2.03776,43.20174],[-2.03585,43.20164],[-2.03326,43.19952],[-2.03007,43.20069],[-2.02683,43.20025],[-2.02421,43.19886],[-2.02269,43.19595],[-2.01929,43.1951],[-2.01327,43.19832],[-2.01128,43.19694],[-2.0087,43.19281],[-2.0062,43.19162],[-2.0059,43.18999],[-2.00685,43.18895],[-2.00609,43.18798],[-2.00231,43.18588],[-1.99799,43.18707],[-1.99621,43.18652]]]]}},{"type":"Feature","properties":{"cod":"010","nombre":"Anoeta","comarca":"Tolosaldea","reparto":{"Zizurkil":100}},"geometry":{"type":"MultiPolygon","coordinates":[[[[-2.06636,43.15769],[-2.06628,43.15961],[-2.06808,43.16311],[-2.07043,43.16385],[-2.0714,43.1652],[-2.07114,43.1674],[-2.06951,43.16937],[-2.06675,43.1698],[-2.06258,43.17206],[-2.0575,43.17689],[-2.06431,43.17881],[-2.06751,43.17817],[-2.06931,43.17745],[-2.07044,43.17768],[-2.07365,43.18058],[-2.07473,43.1792],[-2.07616,43.17977],[-2.07846,43.17942],[-2.08457,43.17767],[-2.08623,43.17486],[-2.08625,43.17216],[-2.08477,43.16916],[-2.09003,43.16156],[-2.08802,43.16046],[-2.08222,43.16031],[-2.07948,43.15925],[-2.07975,43.1578],[-2.07214,43.15367],[-2.07174,43.1504],[-2.06636,43.15769]]]]}},{"type":"Feature","properties":{"cod":"011","nombre":"Antzuola","comarca":"Deba Garaia","reparto":{"Arrasate":100}},"geometry":{"type":"MultiPolygon","coordinates":[[[[-2.37612,43.06636],[-2.37351,43.0692],[-2.36574,43.07024],[-2.364,43.07222],[-2.35876,43.07306],[-2.3538,43.07491],[-2.35511,43.07708],[-2.34975,43.08796],[-2.34606,43.09976],[-2.34352,43.10113],[-2.34646,43.10332],[-2.3433,43.108],[-2.33732,43.11191],[-2.33865,43.11406],[-2.34061,43.11372],[-2.3422,43.11456],[-2.34146,43.11719],[-2.34348,43.11809],[-2.34198,43.11997],[-2.34496,43.12262],[-2.34771,43.12383],[-2.34766,43.12458],[-2.35006,43.12603],[-2.35001,43.12703],[-2.35207,43.12568],[-2.3562,43.12509],[-2.35808,43.12363],[-2.35936,43.12353],[-2.36142,43.12426],[-2.36445,43.12422],[-2.36869,43.12697],[-2.37736,43.12793],[-2.37817,43.12728],[-2.38246,43.12698],[-2.38831,43.12581],[-2.39307,43.11907],[-2.39715,43.11837],[-2.39822,43.11737],[-2.40284,43.11213],[-2.40041,43.10911],[-2.40086,43.10811],[-2.4036,43.10759],[-2.40363,43.1021],[-2.40456,43.10054],[-2.40291,43.09839],[-2.40822,43.08893],[-2.40715,43.08661],[-2.40767,43.08489],[-2.40659,43.08298],[-2.40775,43.08066],[-2.40704,43.07718],[-2.41041,43.07572],[-2.41251,43.07398],[-2.41003,43.07501],[-2.40556,43.07516],[-2.4019,43.07635],[-2.40057,43.07582],[-2.39855,43.07287],[-2.39516,43.07202],[-2.39308,43.06807],[-2.3914,43.06712],[-2.38833,43.06758],[-2.38541,43.06683],[-2.38225,43.0669],[-2.37839,43.06495],[-2.37612,43.06636]]]]}},{"type":"Feature","properties":{"cod":"012","nombre":"Arama","comarca":"Goierri","reparto":{"Ordizia":100}},"geometry":{"type":"MultiPolygon","coordinates":[[[[-2.16287,43.05288],[-2.16157,43.05331],[-2.16093,43.05252],[-2.15959,43.05284],[-2.15506,43.05512],[-2.15483,43.05819],[-2.15597,43.05854],[-2.15779,43.06283],[-2.16185,43.06456],[-2.1613,43.06485],[-2.16511,43.06613],[-2.16704,43.06399],[-2.17204,43.064],[-2.17299,43.06297],[-2.17023,43.06083],[-2.16954,43.0585],[-2.16987,43.05697],[-2.17113,43.05715],[-2.17007,43.05571],[-2.16671,43.05566],[-2.16287,43.05288]]]]}},{"type":"Feature","properties":{"cod":"013","nombre":"Aretxabaleta","comarca":"Deba Garaia","reparto":{"Arrasate":100}},"geometry":{"type":"MultiPolygon","coordinates":[[[[-2.48257,42.96479],[-2.47945,42.96586],[-2.4783,42.97946],[-2.47349,42.98351],[-2.47259,42.98543],[-2.47165,42.98983],[-2.47217,42.99469],[-2.47129,42.99727],[-2.46596,43.00363],[-2.46171,43.00722],[-2.45179,43.02487],[-2.452,43.03309],[-2.45781,43.04135],[-2.45821,43.04367],[-2.46267,43.04578],[-2.4679,43.04478],[-2.47058,43.04218],[-2.47402,43.04009],[-2.47855,43.03927],[-2.4878,43.03889],[-2.49069,43.04243],[-2.49194,43.04192],[-2.49255,43.04248],[-2.4936,43.04806],[-2.49575,43.04951],[-2.49875,43.04709],[-2.49996,43.04839],[-2.5094,43.04976],[-2.51722,43.05307],[-2.5286,43.05191],[-2.52153,43.03764],[-2.51451,43.03213],[-2.51556,43.02953],[-2.5097,43.02457],[-2.50927,43.01953],[-2.51066,43.01812],[-2.50852,43.01677],[-2.5057,43.01764],[-2.50097,43.02032],[-2.5011,43.02317],[-2.49796,43.02046],[-2.49833,43.01849],[-2.49981,43.01638],[-2.49724,43.01199],[-2.49929,43.01187],[-2.49814,43.00846],[-2.50166,43.00638],[-2.49614,42.99248],[-2.48335,42.96489],[-2.48257,42.96479]]]]}},{"type":"Feature","properties":{"cod":"014","nombre":"Asteasu","comarca":"Tolosaldea","reparto":{"Zizurkil":86,"Bidania":14}},"geometry":{"type":"MultiPolygon","coordinates":[[[[-2.08697,43.17799],[-2.08457,43.17767],[-2.07616,43.17977],[-2.07473,43.1792],[-2.07347,43.18078],[-2.07473,43.18494],[-2.07425,43.19061],[-2.07964,43.19143],[-2.08183,43.19029],[-2.08209,43.19124],[-2.0846,43.19225],[-2.0861,43.19582],[-2.09131,43.20124],[-2.09331,43.20473],[-2.09016,43.20745],[-2.09032,43.20942],[-2.094,43.21181],[-2.09923,43.22035],[-2.10307,43.22416],[-2.10644,43.22579],[-2.10824,43.22648],[-2.10856,43.22814],[-2.10938,43.22837],[-2.11487,43.22768],[-2.12161,43.22471],[-2.12855,43.22337],[-2.12915,43.22188],[-2.1314,43.22156],[-2.13114,43.21907],[-2.13435,43.21777],[-2.13688,43.2124],[-2.14496,43.21068],[-2.14827,43.20784],[-2.14733,43.20492],[-2.15171,43.20108],[-2.15051,43.19709],[-2.14823,43.1941],[-2.15127,43.18726],[-2.14905,43.18514],[-2.14828,43.18326],[-2.14373,43.18498],[-2.14329,43.18754],[-2.14054,43.19112],[-2.13101,43.19447],[-2.12902,43.19327],[-2.12739,43.19359],[-2.12456,43.19234],[-2.11817,43.19098],[-2.10944,43.1945],[-2.09708,43.19074],[-2.08531,43.1839],[-2.08268,43.18402],[-2.08311,43.18258],[-2.08493,43.18196],[-2.08697,43.17799]]]]}},{"type":"Feature","properties":{"cod":"015","nombre":"Ataun","comarca":"Goierri","reparto":{"Ordizia":80,"Zegama":20}},"geometry":{"type":"MultiPolygon","coordinates":[[[[-2.16965,42.93568],[-2.16609,42.93587],[-2.16106,42.93785],[-2.15952,42.93992],[-2.15861,42.94001],[-2.15727,42.94248],[-2.15645,42.9427],[-2.14795,42.94132],[-2.14589,42.94124],[-2.14383,42.94193],[-2.13603,42.93998],[-2.13558,42.94105],[-2.13021,42.94088],[-2.12782,42.93895],[-2.12646,42.94011],[-2.12229,42.94173],[-2.11713,42.94219],[-2.11564,42.94382],[-2.11184,42.94529],[-2.11179,42.94606],[-2.1088,42.94662],[-2.10642,42.94809],[-2.10333,42.94847],[-2.10353,42.95134],[-2.10465,42.95383],[-2.103,42.95638],[-2.10145,42.95694],[-2.09851,42.95996],[-2.09825,42.96506],[-2.09567,42.97221],[-2.10684,42.97072],[-2.11481,42.97093],[-2.11547,42.97282],[-2.117,42.97338],[-2.11828,42.97491],[-2.11891,42.9796],[-2.12494,42.98423],[-2.12878,42.98566],[-2.13308,42.98622],[-2.1319,42.99151],[-2.13374,42.99313],[-2.13515,42.99297],[-2.13713,42.99369],[-2.13893,42.99341],[-2.14059,42.99406],[-2.14172,42.99512],[-2.14353,42.99965],[-2.15639,43.01339],[-2.15224,43.01141],[-2.14787,43.01493],[-2.15002,43.01895],[-2.15082,43.01818],[-2.15352,43.01748],[-2.15299,43.01571],[-2.15409,43.01524],[-2.15411,43.01609],[-2.159,43.0176],[-2.16148,43.01696],[-2.15987,43.01799],[-2.16171,43.01898],[-2.16498,43.01941],[-2.16586,43.01902],[-2.16706,43.02091],[-2.16902,43.02069],[-2.16952,43.0196],[-2.17216,43.01917],[-2.17527,43.01979],[-2.18433,43.01702],[-2.18465,43.01449],[-2.18747,43.01175],[-2.19024,43.01048],[-2.19083,43.0079],[-2.19312,43.00532],[-2.19275,43.0034],[-2.19332,43.00263],[-2.19696,43.00044],[-2.20243,42.99911],[-2.20208,42.99442],[-2.20303,42.99326],[-2.20531,42.99246],[-2.20749,42.98941],[-2.21341,42.98743],[-2.21165,42.9829],[-2.21012,42.98127],[-2.21265,42.97968],[-2.21746,42.97795],[-2.21803,42.97715],[-2.21678,42.97296],[-2.21943,42.96552],[-2.21629,42.96288],[-2.21541,42.95843],[-2.21317,42.95542],[-2.21361,42.95286],[-2.21027,42.94992],[-2.20275,42.94959],[-2.1987,42.95125],[-2.19463,42.95005],[-2.19026,42.94771],[-2.19055,42.94642],[-2.18867,42.94499],[-2.18643,42.94439],[-2.18343,42.94075],[-2.17993,42.9383],[-2.18068,42.935],[-2.16965,42.93568]]],[[[-2.12548,43.00014],[-2.1265,43.00177],[-2.12465,43.00375],[-2.12587,43.00429],[-2.1268,43.00396],[-2.1272,43.00464],[-2.13078,43.00411],[-2.13259,43.0049],[-2.13249,43.00613],[-2.13633,43.00642],[-2.13535,43.00728],[-2.13543,43.00827],[-2.14073,43.00475],[-2.1334,43.00209],[-2.12548,43.00014]]],[[[-2.12263,42.99269],[-2.11633,42.99428],[-2.11951,43.00024],[-2.12548,43.00014],[-2.12412,42.99724],[-2.12449,42.99587],[-2.12263,42.99269]]]]}},{"type":"Feature","properties":{"cod":"016","nombre":"Aia","comarca":"Urola Kosta","reparto":{"Zarautz":78,"Zizurkil":12,"Bidania":11}},"geometry":{"type":"MultiPolygon","coordinates":[[[[-2.14831,43.19402],[-2.15051,43.19709],[-2.15171,43.20108],[-2.14724,43.2051],[-2.14842,43.2077],[-2.14496,43.21068],[-2.13688,43.2124],[-2.13435,43.21777],[-2.13114,43.21907],[-2.13133,43.22166],[-2.12915,43.22188],[-2.12855,43.22337],[-2.12161,43.22471],[-2.11487,43.22768],[-2.1088,43.22839],[-2.10886,43.22999],[-2.10503,43.22968],[-2.09856,43.23117],[-2.08852,43.23869],[-2.08831,43.24077],[-2.08658,43.24192],[-2.08605,43.24099],[-2.08066,43.24208],[-2.08071,43.24282],[-2.08359,43.24264],[-2.08528,43.24351],[-2.08452,43.24425],[-2.08519,43.24556],[-2.08424,43.24636],[-2.08583,43.24832],[-2.08596,43.24969],[-2.08499,43.25103],[-2.08694,43.25266],[-2.0884,43.25518],[-2.08959,43.25542],[-2.09274,43.25819],[-2.0936,43.26405],[-2.09206,43.2659],[-2.09203,43.26759],[-2.09291,43.26815],[-2.09297,43.26938],[-2.09988,43.27053],[-2.10326,43.27279],[-2.10591,43.27363],[-2.10847,43.27195],[-2.11185,43.27156],[-2.1142,43.27203],[-2.1172,43.27498],[-2.12247,43.2744],[-2.13103,43.27467],[-2.13286,43.27629],[-2.13349,43.27941],[-2.13153,43.28357],[-2.13308,43.28397],[-2.13288,43.2849],[-2.12964,43.28574],[-2.13247,43.28845],[-2.13296,43.29046],[-2.13453,43.29154],[-2.1422,43.29341],[-2.14166,43.29132],[-2.1437,43.28976],[-2.14318,43.28212],[-2.14454,43.28098],[-2.14135,43.27962],[-2.1442,43.27826],[-2.14236,43.27655],[-2.14162,43.27359],[-2.14423,43.26601],[-2.14847,43.2622],[-2.15102,43.26276],[-2.16001,43.26206],[-2.1599,43.26019],[-2.1642,43.25787],[-2.16726,43.25701],[-2.16968,43.25495],[-2.17539,43.24892],[-2.179,43.24395],[-2.18636,43.24269],[-2.18946,43.24342],[-2.18957,43.24414],[-2.18165,43.24736],[-2.18538,43.25031],[-2.17838,43.26168],[-2.18058,43.26574],[-2.18032,43.26876],[-2.18136,43.27029],[-2.18108,43.27117],[-2.18304,43.27338],[-2.18348,43.2724],[-2.1855,43.27235],[-2.18574,43.2711],[-2.18657,43.2707],[-2.1864,43.27141],[-2.19083,43.27197],[-2.19053,43.27445],[-2.19367,43.27588],[-2.19655,43.27442],[-2.19622,43.27371],[-2.19874,43.27352],[-2.20204,43.27],[-2.20256,43.27035],[-2.20472,43.26862],[-2.20667,43.26934],[-2.20858,43.26584],[-2.21583,43.26011],[-2.20732,43.25484],[-2.21038,43.25184],[-2.21074,43.25014],[-2.21263,43.24765],[-2.21103,43.24735],[-2.2103,43.24654],[-2.2097,43.24138],[-2.20813,43.24123],[-2.20737,43.23964],[-2.20616,43.23911],[-2.20566,43.23742],[-2.20363,43.23642],[-2.20392,43.2354],[-2.20284,43.23406],[-2.20326,43.23318],[-2.20235,43.23125],[-2.20063,43.23044],[-2.20126,43.2298],[-2.2004,43.22836],[-2.20088,43.22701],[-2.19915,43.22362],[-2.19314,43.22017],[-2.19276,43.21794],[-2.19135,43.21785],[-2.18909,43.21425],[-2.18615,43.21371],[-2.18071,43.2103],[-2.17361,43.20897],[-2.16949,43.20602],[-2.16565,43.20454],[-2.15869,43.19504],[-2.15567,43.19495],[-2.15201,43.19327],[-2.14831,43.19402]],[[-2.11166,43.23678],[-2.10951,43.23708],[-2.10761,43.23897],[-2.10831,43.23739],[-2.107,43.23588],[-2.10791,43.23574],[-2.10877,43.23573],[-2.11026,43.23431],[-2.1108,43.2349],[-2.11009,43.23573],[-2.11166,43.23678]],[[-2.1912,43.26908],[-2.19441,43.26932],[-2.19545,43.26888],[-2.19822,43.27002],[-2.19732,43.27147],[-2.19492,43.27188],[-2.19357,43.27204],[-2.19389,43.27167],[-2.19233,43.27074],[-2.19017,43.27102],[-2.1894,43.27008],[-2.18839,43.27013],[-2.1912,43.26908]],[[-2.11466,43.23756],[-2.11356,43.23831],[-2.11596,43.23951],[-2.11669,43.24102],[-2.11583,43.24227],[-2.11711,43.24323],[-2.11611,43.24476],[-2.11317,43.24315],[-2.11159,43.24291],[-2.11309,43.24062],[-2.11163,43.23906],[-2.11291,43.23693],[-2.11492,43.23716],[-2.11466,43.23756]],[[-2.20347,43.25738],[-2.20701,43.2625],[-2.20152,43.26575],[-2.19919,43.26178],[-2.19786,43.25751],[-2.20347,43.25738]]]]}},{"type":"Feature","properties":{"cod":"017","nombre":"Azkoitia","comarca":"Urola Kosta","reparto":{"Altzola":92,"Bidania":8,"Arrasate":1}},"geometry":{"type":"MultiPolygon","coordinates":[[[[-2.34193,43.11991],[-2.33677,43.12071],[-2.33401,43.12562],[-2.33041,43.12936],[-2.32841,43.13031],[-2.32454,43.13132],[-2.32362,43.13109],[-2.3218,43.13197],[-2.31971,43.13155],[-2.31912,43.13074],[-2.30662,43.13119],[-2.30448,43.13401],[-2.30457,43.13691],[-2.30348,43.13968],[-2.29757,43.14141],[-2.29753,43.14402],[-2.29246,43.14591],[-2.29269,43.14835],[-2.29173,43.15031],[-2.29366,43.15141],[-2.29397,43.15326],[-2.29302,43.15516],[-2.29308,43.15803],[-2.29115,43.16008],[-2.29456,43.16185],[-2.29357,43.16265],[-2.29515,43.16463],[-2.29399,43.1651],[-2.29503,43.16651],[-2.29487,43.16827],[-2.29595,43.16885],[-2.2961,43.1702],[-2.29695,43.17018],[-2.29777,43.17126],[-2.29717,43.17151],[-2.29775,43.1728],[-2.2996,43.17265],[-2.29849,43.17466],[-2.29197,43.17364],[-2.29163,43.17527],[-2.2926,43.17866],[-2.29078,43.17895],[-2.29173,43.18018],[-2.29175,43.18227],[-2.28936,43.18756],[-2.29004,43.18782],[-2.2904,43.19056],[-2.29377,43.19724],[-2.29171,43.20111],[-2.30054,43.21327],[-2.30289,43.21473],[-2.30802,43.21642],[-2.31066,43.21818],[-2.31966,43.22155],[-2.33226,43.23015],[-2.33509,43.22916],[-2.33481,43.22753],[-2.33876,43.22364],[-2.33892,43.21926],[-2.34272,43.21631],[-2.34711,43.21727],[-2.34838,43.21552],[-2.35169,43.2138],[-2.35363,43.21283],[-2.35611,43.21385],[-2.35976,43.21367],[-2.35969,43.21165],[-2.35733,43.20938],[-2.36188,43.20313],[-2.36532,43.19968],[-2.36366,43.19588],[-2.36173,43.19455],[-2.36043,43.1915],[-2.36247,43.18712],[-2.36619,43.18551],[-2.36703,43.18301],[-2.3656,43.17959],[-2.36695,43.17852],[-2.3675,43.17663],[-2.36616,43.17454],[-2.36548,43.17002],[-2.36083,43.16513],[-2.36427,43.15986],[-2.36463,43.15782],[-2.36183,43.15217],[-2.36297,43.15045],[-2.36604,43.14914],[-2.36527,43.1425],[-2.35821,43.13827],[-2.35929,43.13272],[-2.35178,43.1328],[-2.35006,43.12603],[-2.34193,43.11991]]]]}},{"type":"Feature","properties":{"cod":"018","nombre":"Azpeitia","comarca":"Urola Kosta","reparto":{"Bidania":87,"Altzola":12,"Ordizia":1}},"geometry":{"type":"MultiPolygon","coordinates":[[[[-2.24183,43.10736],[-2.24191,43.10849],[-2.23925,43.10966],[-2.23751,43.11126],[-2.23334,43.11192],[-2.23199,43.11317],[-2.22889,43.1134],[-2.22696,43.11467],[-2.22718,43.11539],[-2.22878,43.11579],[-2.22605,43.1186],[-2.22554,43.12151],[-2.22708,43.12231],[-2.22509,43.12334],[-2.22652,43.12428],[-2.22467,43.12569],[-2.22475,43.12683],[-2.22671,43.128],[-2.2281,43.12784],[-2.23065,43.13048],[-2.23073,43.13152],[-2.23253,43.13334],[-2.23333,43.13714],[-2.23254,43.13671],[-2.22616,43.13901],[-2.22034,43.14431],[-2.20874,43.15067],[-2.20433,43.15454],[-2.20859,43.15723],[-2.21549,43.16333],[-2.22039,43.16465],[-2.22617,43.17105],[-2.22497,43.17203],[-2.2229,43.17245],[-2.22174,43.17434],[-2.22288,43.17494],[-2.22249,43.17638],[-2.22419,43.17658],[-2.22385,43.17771],[-2.22639,43.17911],[-2.22311,43.18128],[-2.2223,43.18391],[-2.22077,43.18534],[-2.21841,43.18688],[-2.21919,43.18862],[-2.22739,43.195],[-2.23089,43.19524],[-2.2281,43.19718],[-2.23137,43.20498],[-2.23767,43.21098],[-2.24139,43.21238],[-2.2454,43.21556],[-2.25012,43.217],[-2.2532,43.21701],[-2.25239,43.2161],[-2.25385,43.21536],[-2.25386,43.21346],[-2.25695,43.21326],[-2.25895,43.21451],[-2.25578,43.21904],[-2.25794,43.2252],[-2.26055,43.22415],[-2.26028,43.22322],[-2.26207,43.22243],[-2.26806,43.22102],[-2.27065,43.22119],[-2.27552,43.21846],[-2.27738,43.21658],[-2.27899,43.21616],[-2.28814,43.21817],[-2.28663,43.22154],[-2.28821,43.22355],[-2.29496,43.21643],[-2.30059,43.2133],[-2.29171,43.20111],[-2.29377,43.19724],[-2.2904,43.19056],[-2.29004,43.18782],[-2.28936,43.18756],[-2.29175,43.18227],[-2.29173,43.18018],[-2.29078,43.17895],[-2.2926,43.17866],[-2.29163,43.17527],[-2.29197,43.17364],[-2.29849,43.17466],[-2.2996,43.17265],[-2.29775,43.1728],[-2.29717,43.17151],[-2.29777,43.17126],[-2.29695,43.17018],[-2.2961,43.1702],[-2.29595,43.16885],[-2.29487,43.16827],[-2.29503,43.16651],[-2.29399,43.1651],[-2.29515,43.16463],[-2.29357,43.16265],[-2.29456,43.16185],[-2.29115,43.16008],[-2.29308,43.15803],[-2.29302,43.15516],[-2.29397,43.15326],[-2.29366,43.15141],[-2.29173,43.15031],[-2.29269,43.14835],[-2.29246,43.14591],[-2.29753,43.14402],[-2.29757,43.14141],[-2.30348,43.13968],[-2.30457,43.13691],[-2.30448,43.13401],[-2.30662,43.13119],[-2.30483,43.13058],[-2.30392,43.12752],[-2.30022,43.12644],[-2.29599,43.1234],[-2.29286,43.11983],[-2.29087,43.11938],[-2.28955,43.11819],[-2.28713,43.11487],[-2.28709,43.11114],[-2.28321,43.10721],[-2.27544,43.10669],[-2.27125,43.11128],[-2.26688,43.11284],[-2.25931,43.10942],[-2.25444,43.10574],[-2.25094,43.10558],[-2.24765,43.10719],[-2.24337,43.10691],[-2.24183,43.10736]]]]}},{"type":"Feature","properties":{"cod":"019","nombre":"Beasain","comarca":"Goierri","reparto":{"Ordizia":92,"Bidania":8}},"geometry":{"type":"MultiPolygon","coordinates":[[[[-2.21973,43.03521],[-2.21861,43.04082],[-2.21588,43.04309],[-2.21414,43.04305],[-2.20965,43.04127],[-2.20849,43.03903],[-2.20375,43.03882],[-2.19973,43.03753],[-2.19874,43.0379],[-2.19829,43.0395],[-2.19738,43.03907],[-2.19056,43.04124],[-2.1924,43.0422],[-2.19115,43.04861],[-2.1875,43.04766],[-2.18609,43.04788],[-2.18622,43.05187],[-2.18803,43.05789],[-2.19041,43.0601],[-2.19037,43.06125],[-2.18943,43.06148],[-2.19072,43.06398],[-2.19029,43.06585],[-2.19163,43.0669],[-2.19005,43.06808],[-2.19099,43.06957],[-2.19093,43.07215],[-2.19308,43.07487],[-2.20045,43.0777],[-2.20141,43.07969],[-2.20283,43.08008],[-2.20627,43.08315],[-2.20722,43.0859],[-2.20646,43.08869],[-2.20252,43.0914],[-2.20025,43.09919],[-2.20047,43.10089],[-2.19882,43.10255],[-2.20831,43.10582],[-2.2104,43.10702],[-2.21158,43.10868],[-2.21583,43.11032],[-2.21755,43.11205],[-2.21939,43.11238],[-2.22034,43.11347],[-2.22185,43.11402],[-2.22612,43.11405],[-2.22696,43.11467],[-2.22889,43.1134],[-2.23199,43.11317],[-2.23334,43.11192],[-2.23751,43.11126],[-2.23925,43.10966],[-2.24191,43.10849],[-2.24242,43.10162],[-2.24449,43.09953],[-2.24299,43.09822],[-2.23809,43.09719],[-2.23493,43.09362],[-2.24063,43.09155],[-2.23933,43.08942],[-2.24437,43.08683],[-2.24431,43.08195],[-2.24198,43.07835],[-2.24013,43.07709],[-2.2402,43.0747],[-2.2425,43.07351],[-2.24725,43.07336],[-2.24962,43.07214],[-2.24762,43.06963],[-2.24716,43.06792],[-2.24769,43.06794],[-2.2474,43.06637],[-2.24869,43.06291],[-2.24837,43.06163],[-2.24699,43.06039],[-2.24525,43.055],[-2.24358,43.05362],[-2.24346,43.05225],[-2.24094,43.05174],[-2.24127,43.04624],[-2.23609,43.04493],[-2.23559,43.0428],[-2.23051,43.04043],[-2.23065,43.03599],[-2.22909,43.0367],[-2.22533,43.03535],[-2.21973,43.03521]]]]}},{"type":"Feature","properties":{"cod":"020","nombre":"Beizama","comarca":"Urola Kosta","reparto":{"Bidania":100}},"geometry":{"type":"MultiPolygon","coordinates":[[[[-2.19882,43.10255],[-2.1955,43.10585],[-2.18984,43.10301],[-2.18433,43.10349],[-2.18261,43.10432],[-2.18248,43.1067],[-2.17811,43.11222],[-2.1797,43.11318],[-2.1779,43.11504],[-2.17815,43.11716],[-2.17566,43.11939],[-2.17563,43.12106],[-2.17818,43.12271],[-2.18123,43.12779],[-2.18238,43.13223],[-2.18836,43.13634],[-2.18959,43.13832],[-2.19015,43.13964],[-2.18871,43.1433],[-2.19241,43.14742],[-2.19722,43.15139],[-2.20727,43.15097],[-2.21138,43.14958],[-2.21432,43.14732],[-2.2181,43.14571],[-2.22652,43.13895],[-2.23254,43.13671],[-2.23333,43.13714],[-2.23358,43.13663],[-2.23065,43.13048],[-2.2281,43.12784],[-2.22671,43.128],[-2.22475,43.12683],[-2.22467,43.12569],[-2.22652,43.12428],[-2.22509,43.12334],[-2.22708,43.12231],[-2.22554,43.12151],[-2.22605,43.1186],[-2.22876,43.1157],[-2.22718,43.11539],[-2.22626,43.11408],[-2.22185,43.11402],[-2.2203,43.11345],[-2.21939,43.11238],[-2.21755,43.11205],[-2.21583,43.11032],[-2.21158,43.10868],[-2.2104,43.10702],[-2.20831,43.10582],[-2.19882,43.10255]]]]}},{"type":"Feature","properties":{"cod":"021","nombre":"Belauntza","comarca":"Tolosaldea","reparto":{"Berastegi":91,"Zizurkil":9}},"geometry":{"type":"MultiPolygon","coordinates":[[[[-2.01814,43.1286],[-2.01659,43.12904],[-2.01898,43.13526],[-2.02446,43.13374],[-2.03244,43.13994],[-2.03386,43.13844],[-2.03402,43.14198],[-2.03513,43.14239],[-2.03621,43.14193],[-2.03768,43.14322],[-2.03737,43.14501],[-2.05352,43.14154],[-2.05342,43.13976],[-2.05541,43.13928],[-2.05693,43.13714],[-2.05676,43.13575],[-2.05826,43.13396],[-2.05568,43.13427],[-2.0519,43.13007],[-2.04951,43.12891],[-2.0477,43.12914],[-2.04664,43.1319],[-2.0343,43.12982],[-2.03311,43.13079],[-2.02994,43.13143],[-2.02967,43.13063],[-2.02428,43.12784],[-2.01814,43.1286]]]]}},{"type":"Feature","properties":{"cod":"022","nombre":"Berastegi","comarca":"Tolosaldea","reparto":{"Berastegi":97,"Zizurkil":3}},"geometry":{"type":"MultiPolygon","coordinates":[[[[-1.9789,43.09009],[-1.97182,43.09127],[-1.96548,43.09542],[-1.96226,43.09538],[-1.95221,43.09724],[-1.94965,43.09693],[-1.94745,43.09767],[-1.94866,43.09981],[-1.94713,43.09999],[-1.94717,43.10084],[-1.94577,43.10144],[-1.94409,43.10341],[-1.93888,43.10483],[-1.93768,43.10659],[-1.93906,43.10738],[-1.93928,43.10861],[-1.9378,43.10942],[-1.93311,43.11014],[-1.92955,43.11293],[-1.92634,43.11355],[-1.92442,43.11517],[-1.92102,43.11988],[-1.92159,43.12237],[-1.91667,43.12787],[-1.91359,43.12893],[-1.90969,43.13211],[-1.90194,43.1358],[-1.90338,43.14235],[-1.9059,43.14489],[-1.90828,43.14602],[-1.9113,43.14597],[-1.91769,43.14839],[-1.92023,43.15015],[-1.91787,43.15981],[-1.91876,43.16014],[-1.92301,43.15855],[-1.92433,43.15901],[-1.92762,43.16204],[-1.92816,43.16384],[-1.93098,43.16445],[-1.93284,43.16405],[-1.93393,43.16442],[-1.93673,43.16299],[-1.93877,43.16378],[-1.93939,43.16269],[-1.94295,43.16343],[-1.94263,43.16456],[-1.94365,43.16429],[-1.94396,43.16522],[-1.9446,43.16474],[-1.947,43.16523],[-1.94764,43.16442],[-1.9489,43.16557],[-1.94995,43.16387],[-1.95171,43.16387],[-1.95202,43.1657],[-1.9534,43.16503],[-1.95298,43.16421],[-1.95476,43.16434],[-1.95716,43.16569],[-1.96035,43.1642],[-1.96109,43.16478],[-1.96071,43.16593],[-1.96242,43.1665],[-1.96347,43.16616],[-1.96356,43.16476],[-1.96907,43.16426],[-1.96934,43.16317],[-1.96691,43.16286],[-1.96659,43.16129],[-1.96477,43.16037],[-1.96618,43.15933],[-1.96542,43.15741],[-1.96829,43.15817],[-1.96853,43.15694],[-1.96731,43.15594],[-1.9655,43.15682],[-1.96515,43.15569],[-1.96278,43.15499],[-1.96309,43.15427],[-1.9649,43.15409],[-1.96435,43.15242],[-1.96479,43.14993],[-1.96406,43.14897],[-1.96587,43.14875],[-1.96643,43.14751],[-1.96753,43.14751],[-1.96779,43.14672],[-1.96888,43.1464],[-1.96883,43.14451],[-1.96949,43.14387],[-1.97556,43.14672],[-1.97837,43.14669],[-1.98216,43.14553],[-1.99357,43.13488],[-2.00478,43.12135],[-2.0055,43.11737],[-2.00181,43.11436],[-2.00167,43.11085],[-2.00036,43.10658],[-1.99768,43.10308],[-1.99639,43.09972],[-1.9931,43.09654],[-1.98854,43.09349],[-1.98142,43.09329],[-1.9789,43.09009]]],[[[-2.01746,43.13354],[-2.0131,43.13583],[-2.01056,43.13948],[-2.01159,43.1419],[-2.01043,43.14344],[-2.01292,43.14742],[-2.01226,43.14871],[-2.00947,43.1507],[-2.00668,43.15158],[-2.00287,43.15966],[-1.99678,43.16983],[-1.99361,43.17435],[-1.99072,43.17699],[-1.98815,43.18225],[-1.98363,43.18885],[-1.99056,43.1869],[-1.99379,43.18724],[-1.99603,43.18681],[-1.99665,43.18422],[-1.99425,43.18101],[-1.99624,43.18083],[-1.99817,43.17866],[-2.00278,43.17699],[-2.0048,43.17499],[-2.00493,43.17392],[-2.00344,43.17263],[-2.0028,43.16856],[-2.00329,43.16713],[-2.00776,43.16502],[-2.01099,43.15963],[-2.01186,43.15576],[-2.01461,43.15385],[-2.01463,43.1524],[-2.01301,43.15126],[-2.01297,43.1505],[-2.01726,43.14864],[-2.0179,43.14584],[-2.02069,43.14374],[-2.01898,43.13526],[-2.01659,43.12904],[-2.01746,43.13354]]]]}},{"type":"Feature","properties":{"cod":"023","nombre":"Berrobi","comarca":"Tolosaldea","reparto":{"Berastegi":96,"Zizurkil":4}},"geometry":{"type":"MultiPolygon","coordinates":[[[[-2.01898,43.13526],[-2.02069,43.14374],[-2.0179,43.14584],[-2.01726,43.14864],[-2.01297,43.1505],[-2.01301,43.15126],[-2.01464,43.15247],[-2.01461,43.15385],[-2.01327,43.15492],[-2.01186,43.15576],[-2.01148,43.1576],[-2.02401,43.15519],[-2.03042,43.15234],[-2.03372,43.15153],[-2.03408,43.15054],[-2.03798,43.1474],[-2.03744,43.14723],[-2.03768,43.14322],[-2.03621,43.14193],[-2.03513,43.14239],[-2.03408,43.14208],[-2.03386,43.13844],[-2.03244,43.13994],[-2.02446,43.13374],[-2.01898,43.13526]]]]}},{"type":"Feature","properties":{"cod":"024","nombre":"Bidania-Goiatz","comarca":"Tolosaldea","reparto":{"Bidania":99,"Ordizia":1}},"geometry":{"type":"MultiPolygon","coordinates":[[[[-2.1638,43.11287],[-2.15618,43.11884],[-2.15269,43.13128],[-2.14957,43.13492],[-2.14162,43.14029],[-2.14223,43.14215],[-2.14142,43.14472],[-2.13915,43.1494],[-2.13724,43.15136],[-2.139,43.15994],[-2.14478,43.16623],[-2.14787,43.16782],[-2.14995,43.16001],[-2.15497,43.15264],[-2.15654,43.15195],[-2.16441,43.15127],[-2.16681,43.14798],[-2.17205,43.1483],[-2.1783,43.1462],[-2.18829,43.15059],[-2.19125,43.1483],[-2.1933,43.1481],[-2.18871,43.1433],[-2.19015,43.13964],[-2.18836,43.13634],[-2.18238,43.13223],[-2.18123,43.12779],[-2.17818,43.12271],[-2.17563,43.12106],[-2.17599,43.11884],[-2.17815,43.11716],[-2.1779,43.11504],[-2.1797,43.11318],[-2.17814,43.11344],[-2.17487,43.11252],[-2.17202,43.11274],[-2.17034,43.11181],[-2.1681,43.11036],[-2.1661,43.11024],[-2.16453,43.1109],[-2.1638,43.11287]]],[[[-2.17939,43.10704],[-2.17815,43.10813],[-2.18051,43.10944],[-2.18113,43.10895],[-2.17939,43.10704]]],[[[-2.18021,43.09763],[-2.18093,43.10239],[-2.18261,43.10432],[-2.18433,43.10349],[-2.18984,43.10301],[-2.1955,43.10585],[-2.19882,43.10255],[-2.19447,43.10066],[-2.18865,43.09831],[-2.18021,43.09763]]]]}},{"type":"Feature","properties":{"cod":"025","nombre":"Zegama","comarca":"Goierri","reparto":{"Zegama":100}},"geometry":{"type":"MultiPolygon","coordinates":[[[[-2.27384,42.93135],[-2.27108,42.93335],[-2.25896,42.93916],[-2.25638,42.94278],[-2.25975,42.94858],[-2.26131,42.94932],[-2.25877,42.95888],[-2.26624,42.97717],[-2.2693,42.98075],[-2.26916,42.98438],[-2.27022,42.98964],[-2.27221,42.99386],[-2.27847,42.99482],[-2.28261,42.99628],[-2.28713,42.99382],[-2.2907,42.99618],[-2.29575,42.99619],[-2.30384,42.99771],[-2.31209,42.99721],[-2.31337,42.99199],[-2.32022,42.98873],[-2.32446,42.98443],[-2.32776,42.98244],[-2.33135,42.98172],[-2.33375,42.97976],[-2.33415,42.97687],[-2.34006,42.97212],[-2.34062,42.96974],[-2.33718,42.9624],[-2.33206,42.95742],[-2.32895,42.95536],[-2.32586,42.94867],[-2.3232,42.94574],[-2.31952,42.94392],[-2.31647,42.94345],[-2.3112,42.93956],[-2.30276,42.93621],[-2.30035,42.93555],[-2.29692,42.93617],[-2.28959,42.93616],[-2.28698,42.93522],[-2.28449,42.93514],[-2.28069,42.9332],[-2.27896,42.93149],[-2.27384,42.93135]]]]}},{"type":"Feature","properties":{"cod":"026","nombre":"Zerain","comarca":"Goierri","reparto":{"Zegama":100}},"geometry":{"type":"MultiPolygon","coordinates":[[[[-2.28788,42.99402],[-2.28577,42.99419],[-2.28261,42.99628],[-2.2794,43.00492],[-2.27445,43.00603],[-2.2709,43.00617],[-2.26526,43.00777],[-2.26417,43.0077],[-2.26313,43.0068],[-2.25788,43.01014],[-2.2592,43.01043],[-2.25979,43.01239],[-2.25674,43.01587],[-2.25842,43.01767],[-2.2675,43.01865],[-2.27723,43.01877],[-2.28346,43.01721],[-2.28654,43.01881],[-2.29088,43.01989],[-2.29797,43.0242],[-2.30225,43.02387],[-2.30517,43.02203],[-2.31528,43.0223],[-2.31762,43.01558],[-2.31209,42.99721],[-2.30384,42.99771],[-2.29575,42.99619],[-2.2907,42.99618],[-2.28788,42.99402]]]]}},{"type":"Feature","properties":{"cod":"027","nombre":"Zestoa","comarca":"Urola Kosta","reparto":{"Zarautz":46,"Bidania":26,"Altzola":22,"Mutriku":6}},"geometry":{"type":"MultiPolygon","coordinates":[[[[-2.19444,43.19773],[-2.1923,43.19998],[-2.1907,43.20004],[-2.18675,43.20177],[-2.18421,43.20362],[-2.18195,43.20585],[-2.18152,43.20731],[-2.18047,43.20745],[-2.1777,43.20601],[-2.17263,43.20837],[-2.17683,43.20986],[-2.18071,43.2103],[-2.18615,43.21371],[-2.18909,43.21425],[-2.19135,43.21785],[-2.19276,43.21794],[-2.19314,43.22017],[-2.19915,43.22362],[-2.20088,43.22701],[-2.2004,43.22836],[-2.20126,43.2298],[-2.20063,43.23044],[-2.20235,43.23125],[-2.20326,43.23318],[-2.20284,43.23406],[-2.20392,43.2354],[-2.20363,43.23642],[-2.20566,43.23742],[-2.20616,43.23911],[-2.20737,43.23964],[-2.20813,43.24123],[-2.2097,43.24138],[-2.2103,43.24654],[-2.21103,43.24735],[-2.21263,43.24765],[-2.21074,43.25014],[-2.21038,43.25184],[-2.20732,43.25484],[-2.21583,43.26011],[-2.22447,43.25592],[-2.22986,43.25486],[-2.23125,43.25467],[-2.23269,43.25528],[-2.23429,43.25356],[-2.23697,43.25275],[-2.23963,43.25268],[-2.2466,43.25442],[-2.24966,43.2537],[-2.25117,43.25259],[-2.25224,43.25287],[-2.25292,43.2551],[-2.25196,43.26126],[-2.25331,43.26333],[-2.25498,43.26391],[-2.25329,43.26813],[-2.25488,43.26886],[-2.25639,43.27103],[-2.25551,43.27412],[-2.2526,43.273],[-2.25188,43.27602],[-2.25282,43.2786],[-2.25453,43.27912],[-2.25524,43.28049],[-2.25455,43.28254],[-2.25544,43.28321],[-2.25586,43.28251],[-2.2574,43.28234],[-2.25888,43.27885],[-2.25805,43.27843],[-2.2586,43.27612],[-2.26062,43.2761],[-2.26374,43.27923],[-2.26474,43.28151],[-2.26638,43.28182],[-2.26661,43.28343],[-2.26556,43.28644],[-2.26315,43.28649],[-2.26398,43.28882],[-2.26872,43.29002],[-2.26772,43.28724],[-2.26601,43.28669],[-2.26744,43.28573],[-2.26733,43.28445],[-2.26885,43.2842],[-2.27266,43.28173],[-2.27491,43.28198],[-2.27451,43.28081],[-2.2753,43.27889],[-2.27659,43.2779],[-2.27671,43.27638],[-2.27913,43.27689],[-2.28015,43.27645],[-2.28101,43.27451],[-2.28956,43.26627],[-2.29321,43.26102],[-2.29608,43.25877],[-2.29471,43.252],[-2.29492,43.24345],[-2.28817,43.2441],[-2.28226,43.24371],[-2.27604,43.24197],[-2.27498,43.24113],[-2.27645,43.23688],[-2.27453,43.23603],[-2.27817,43.23221],[-2.28224,43.22947],[-2.28252,43.22847],[-2.28431,43.22779],[-2.28597,43.22592],[-2.28603,43.22473],[-2.28817,43.22364],[-2.28663,43.22154],[-2.28814,43.21817],[-2.27899,43.21616],[-2.27738,43.21658],[-2.27552,43.21846],[-2.27065,43.22119],[-2.26806,43.22102],[-2.26207,43.22243],[-2.26028,43.22322],[-2.26055,43.22415],[-2.25794,43.2252],[-2.25578,43.21904],[-2.25895,43.21451],[-2.25695,43.21326],[-2.25386,43.21346],[-2.25385,43.21536],[-2.25239,43.2161],[-2.2532,43.21701],[-2.25012,43.217],[-2.2454,43.21556],[-2.24139,43.21238],[-2.2386,43.21168],[-2.23169,43.20564],[-2.2281,43.19718],[-2.22041,43.19881],[-2.21516,43.20059],[-2.21364,43.19991],[-2.20563,43.20034],[-2.1988,43.19935],[-2.19444,43.19773]]]]}},{"type":"Feature","properties":{"cod":"028","nombre":"Zizurkil","comarca":"Tolosaldea","reparto":{"Zizurkil":98,"Zarautz":2}},"geometry":{"type":"MultiPolygon","coordinates":[[[[-2.07347,43.18078],[-2.07148,43.18125],[-2.06896,43.18463],[-2.06692,43.18551],[-2.06708,43.18659],[-2.06509,43.18601],[-2.06332,43.18721],[-2.05958,43.18654],[-2.05714,43.18713],[-2.05452,43.1865],[-2.05344,43.19134],[-2.05498,43.19452],[-2.05483,43.19577],[-2.05708,43.19564],[-2.0579,43.19834],[-2.06075,43.19929],[-2.06084,43.20003],[-2.06332,43.2014],[-2.06484,43.2016],[-2.06432,43.20262],[-2.06594,43.20308],[-2.06644,43.2047],[-2.06589,43.20582],[-2.06684,43.20652],[-2.06635,43.20743],[-2.06735,43.20798],[-2.06893,43.21128],[-2.07119,43.21104],[-2.07291,43.21392],[-2.07818,43.21601],[-2.07845,43.22006],[-2.07737,43.22127],[-2.07527,43.22209],[-2.07366,43.22398],[-2.07033,43.22427],[-2.06782,43.22611],[-2.06186,43.22157],[-2.05851,43.21983],[-2.05861,43.22695],[-2.05555,43.23085],[-2.05642,43.23315],[-2.05608,43.23504],[-2.05718,43.23588],[-2.0556,43.23712],[-2.05616,43.23911],[-2.05569,43.2399],[-2.05456,43.23986],[-2.05433,43.24136],[-2.05195,43.2422],[-2.05132,43.24354],[-2.05293,43.24345],[-2.05454,43.24415],[-2.05623,43.24595],[-2.05779,43.24543],[-2.0597,43.24354],[-2.06355,43.24328],[-2.06506,43.24225],[-2.06642,43.23921],[-2.07331,43.23984],[-2.07681,43.24116],[-2.07868,43.24267],[-2.08071,43.24282],[-2.08066,43.24208],[-2.08605,43.24099],[-2.08658,43.24192],[-2.08831,43.24077],[-2.08852,43.23869],[-2.0982,43.23132],[-2.10503,43.22968],[-2.10886,43.22999],[-2.10824,43.22648],[-2.1057,43.22583],[-2.10491,43.22484],[-2.10299,43.2241],[-2.09923,43.22035],[-2.094,43.21181],[-2.09032,43.20942],[-2.09016,43.20745],[-2.09331,43.20473],[-2.09131,43.20124],[-2.0861,43.19582],[-2.0846,43.19225],[-2.08209,43.19124],[-2.08183,43.19029],[-2.07964,43.19143],[-2.07425,43.19061],[-2.07473,43.18494],[-2.07347,43.18078]]],[[[-2.11161,43.24288],[-2.11638,43.24464],[-2.11711,43.24323],[-2.11583,43.24227],[-2.11669,43.24102],[-2.1158,43.23933],[-2.11356,43.23831],[-2.11492,43.23716],[-2.11291,43.23693],[-2.11163,43.23906],[-2.11309,43.24062],[-2.11161,43.24288]]],[[[-2.11045,43.23452],[-2.10877,43.23573],[-2.107,43.23588],[-2.10831,43.23739],[-2.10782,43.23887],[-2.10951,43.23708],[-2.11213,43.23677],[-2.11009,43.23573],[-2.11045,43.23452]]]]}},{"type":"Feature","properties":{"cod":"029","nombre":"Deba","comarca":"Deba Behea","reparto":{"Altzola":51,"Mutriku":49}},"geometry":{"type":"MultiPolygon","coordinates":[[[[-2.30059,43.2133],[-2.29496,43.21643],[-2.28976,43.2222],[-2.28864,43.22264],[-2.28724,43.22449],[-2.28603,43.22473],[-2.28597,43.22592],[-2.28431,43.22779],[-2.28252,43.22847],[-2.28224,43.22947],[-2.27817,43.23221],[-2.27453,43.23603],[-2.27645,43.23688],[-2.27498,43.24113],[-2.27604,43.24197],[-2.28248,43.24373],[-2.28817,43.2441],[-2.29492,43.24345],[-2.29471,43.252],[-2.29608,43.25877],[-2.29321,43.26102],[-2.28956,43.26627],[-2.28101,43.27451],[-2.28015,43.27645],[-2.27913,43.27689],[-2.27671,43.27638],[-2.27659,43.2779],[-2.2753,43.27889],[-2.27451,43.28081],[-2.27491,43.28198],[-2.27273,43.28172],[-2.27088,43.28256],[-2.26885,43.2842],[-2.26733,43.28445],[-2.26744,43.28573],[-2.26601,43.28669],[-2.26772,43.28724],[-2.26872,43.29002],[-2.28539,43.29488],[-2.28615,43.2965],[-2.29293,43.29606],[-2.30203,43.29733],[-2.30345,43.29851],[-2.3042,43.29738],[-2.3066,43.29905],[-2.30738,43.29857],[-2.30739,43.29923],[-2.30842,43.29846],[-2.3119,43.30044],[-2.31312,43.30012],[-2.31233,43.2981],[-2.31377,43.298],[-2.3148,43.29873],[-2.31734,43.29916],[-2.31719,43.29785],[-2.31799,43.29744],[-2.31818,43.29701],[-2.31947,43.29836],[-2.32071,43.29867],[-2.32147,43.29721],[-2.32694,43.29774],[-2.33315,43.30093],[-2.33866,43.30161],[-2.34004,43.30322],[-2.3408,43.30323],[-2.34108,43.30259],[-2.34289,43.3036],[-2.34364,43.30315],[-2.34577,43.3033],[-2.34605,43.30105],[-2.34784,43.30026],[-2.35317,43.30005],[-2.35433,43.30056],[-2.35416,43.30171],[-2.35597,43.2931],[-2.35656,43.29273],[-2.3562,43.29369],[-2.35661,43.29271],[-2.35742,43.29288],[-2.3581,43.28913],[-2.35949,43.28852],[-2.36088,43.28903],[-2.36154,43.29141],[-2.36365,43.29316],[-2.36643,43.29308],[-2.3683,43.29109],[-2.36826,43.28655],[-2.36688,43.28372],[-2.3683,43.28175],[-2.36519,43.28058],[-2.36537,43.2787],[-2.36732,43.27755],[-2.36943,43.27829],[-2.37075,43.27964],[-2.37325,43.2792],[-2.37518,43.27559],[-2.37285,43.27449],[-2.37152,43.27235],[-2.37296,43.26813],[-2.36862,43.26736],[-2.36471,43.26352],[-2.36321,43.26297],[-2.35757,43.25519],[-2.3495,43.24838],[-2.34877,43.24736],[-2.34896,43.24434],[-2.35009,43.24376],[-2.34723,43.24232],[-2.34785,43.24099],[-2.34465,43.23772],[-2.33644,43.2352],[-2.33226,43.23015],[-2.31966,43.22155],[-2.31066,43.21818],[-2.30802,43.21642],[-2.30289,43.21473],[-2.30059,43.2133]]]]}},{"type":"Feature","properties":{"cod":"030","nombre":"Eibar","comarca":"Deba Behea","reparto":{"Altzola":100}},"geometry":{"type":"MultiPolygon","coordinates":[[[[-2.45936,43.16409],[-2.45129,43.17079],[-2.44352,43.16996],[-2.44197,43.17436],[-2.43985,43.17618],[-2.43947,43.18169],[-2.44087,43.18362],[-2.4398,43.18615],[-2.4362,43.18904],[-2.43706,43.19385],[-2.43379,43.1966],[-2.43404,43.19928],[-2.43243,43.20041],[-2.43486,43.20221],[-2.43714,43.20653],[-2.44183,43.21099],[-2.44476,43.21403],[-2.44606,43.21419],[-2.44748,43.21575],[-2.44975,43.21623],[-2.45096,43.21783],[-2.45671,43.21927],[-2.45828,43.21918],[-2.46255,43.22303],[-2.47393,43.22182],[-2.48304,43.22451],[-2.49079,43.22417],[-2.49391,43.22589],[-2.49773,43.22014],[-2.49755,43.2181],[-2.49964,43.21386],[-2.49883,43.21151],[-2.49941,43.20961],[-2.49627,43.20755],[-2.49507,43.20501],[-2.49116,43.20199],[-2.48692,43.20143],[-2.48817,43.19887],[-2.48647,43.19625],[-2.48895,43.19375],[-2.48771,43.18958],[-2.49248,43.18088],[-2.4902,43.17965],[-2.48984,43.1773],[-2.48522,43.17232],[-2.4813,43.17521],[-2.47735,43.17417],[-2.47447,43.17178],[-2.47409,43.17004],[-2.45936,43.16409]]]]}},{"type":"Feature","properties":{"cod":"031","nombre":"Elduain","comarca":"Tolosaldea","reparto":{"Berastegi":96,"Zizurkil":4}},"geometry":{"type":"MultiPolygon","coordinates":[[[[-2.0055,43.11737],[-2.00478,43.12135],[-1.99842,43.12923],[-1.99357,43.13488],[-1.98216,43.14553],[-1.97837,43.14669],[-1.97556,43.14672],[-1.96949,43.14387],[-1.96883,43.14451],[-1.96888,43.1464],[-1.96779,43.14672],[-1.96753,43.14751],[-1.96643,43.14751],[-1.96587,43.14875],[-1.96406,43.14897],[-1.96479,43.14993],[-1.96435,43.15242],[-1.9649,43.15409],[-1.96309,43.15427],[-1.96278,43.15499],[-1.96515,43.15569],[-1.9655,43.15682],[-1.96731,43.15594],[-1.96853,43.15694],[-1.96829,43.15817],[-1.96542,43.15741],[-1.96618,43.15933],[-1.96477,43.16037],[-1.96659,43.16129],[-1.96691,43.16286],[-1.96934,43.16317],[-1.96907,43.16426],[-1.96356,43.16476],[-1.96347,43.16616],[-1.96242,43.1665],[-1.96071,43.16593],[-1.96109,43.16478],[-1.96035,43.1642],[-1.95716,43.16569],[-1.95476,43.16434],[-1.95298,43.16421],[-1.9534,43.16503],[-1.95202,43.1657],[-1.95171,43.16387],[-1.94995,43.16387],[-1.9489,43.16557],[-1.94764,43.16442],[-1.947,43.16523],[-1.9446,43.16474],[-1.944,43.16524],[-1.94365,43.16429],[-1.94263,43.16456],[-1.9427,43.16309],[-1.94104,43.16336],[-1.93939,43.16269],[-1.93877,43.16378],[-1.93673,43.16299],[-1.93393,43.16442],[-1.93284,43.16405],[-1.93098,43.16445],[-1.92816,43.16384],[-1.92762,43.16204],[-1.92433,43.15901],[-1.92301,43.15855],[-1.91876,43.16014],[-1.91787,43.15981],[-1.91547,43.16472],[-1.9159,43.16662],[-1.91671,43.16934],[-1.91943,43.17061],[-1.92088,43.17259],[-1.92965,43.17422],[-1.93804,43.18028],[-1.94389,43.18073],[-1.94842,43.18239],[-1.95442,43.18599],[-1.95627,43.18869],[-1.95896,43.18935],[-1.96293,43.19174],[-1.96688,43.19532],[-1.9688,43.19448],[-1.97852,43.19389],[-1.98146,43.19247],[-1.98295,43.19125],[-1.98363,43.18885],[-1.98815,43.18225],[-1.99072,43.17699],[-1.99361,43.17435],[-1.99678,43.16983],[-2.00287,43.15966],[-2.00668,43.15158],[-2.00947,43.1507],[-2.01226,43.14871],[-2.01292,43.14742],[-2.01043,43.14344],[-2.01159,43.1419],[-2.01056,43.13948],[-2.0131,43.13583],[-2.01746,43.13354],[-2.01659,43.12904],[-2.01747,43.1271],[-2.00803,43.12225],[-2.0055,43.11737]]]]}},{"type":"Feature","properties":{"cod":"032","nombre":"Elgoibar","comarca":"Deba Behea","reparto":{"Altzola":100}},"geometry":{"type":"MultiPolygon","coordinates":[[[[-2.367,43.17834],[-2.3656,43.17959],[-2.36697,43.18202],[-2.36656,43.18508],[-2.36252,43.18706],[-2.36043,43.19145],[-2.36173,43.19455],[-2.36366,43.19588],[-2.36533,43.1996],[-2.35733,43.20938],[-2.35972,43.21178],[-2.35892,43.21755],[-2.36422,43.22135],[-2.36581,43.22716],[-2.36947,43.22872],[-2.37165,43.23051],[-2.37594,43.23114],[-2.37675,43.23338],[-2.37963,43.23492],[-2.38168,43.23735],[-2.39206,43.23849],[-2.39454,43.24194],[-2.39671,43.2433],[-2.39743,43.24284],[-2.40082,43.24422],[-2.40517,43.24376],[-2.40792,43.24206],[-2.41319,43.24408],[-2.43412,43.24254],[-2.43673,43.24375],[-2.44311,43.24114],[-2.44456,43.23947],[-2.44406,43.23826],[-2.44702,43.23509],[-2.45623,43.22794],[-2.46195,43.22491],[-2.4626,43.22325],[-2.46204,43.22205],[-2.45835,43.21921],[-2.45096,43.21783],[-2.44975,43.21623],[-2.44748,43.21575],[-2.44606,43.21419],[-2.44476,43.21403],[-2.44186,43.2109],[-2.43714,43.20653],[-2.43486,43.20221],[-2.43243,43.20041],[-2.43404,43.19928],[-2.43379,43.1966],[-2.43706,43.19385],[-2.43646,43.19284],[-2.43596,43.19378],[-2.42964,43.19541],[-2.42744,43.19537],[-2.42606,43.19644],[-2.42406,43.19659],[-2.42024,43.19559],[-2.41462,43.19246],[-2.4069,43.19158],[-2.40057,43.18788],[-2.39566,43.18657],[-2.3931,43.18509],[-2.38924,43.18461],[-2.3842,43.18155],[-2.37767,43.17917],[-2.37334,43.17597],[-2.3675,43.17667],[-2.367,43.17834]]]]}},{"type":"Feature","properties":{"cod":"033","nombre":"Elgeta","comarca":"Deba Garaia","reparto":{"Arrasate":91,"Altzola":9}},"geometry":{"type":"MultiPolygon","coordinates":[[[[-2.46386,43.13491],[-2.46622,43.14105],[-2.46431,43.14131],[-2.45479,43.1514],[-2.45547,43.1572],[-2.45896,43.15882],[-2.45936,43.16409],[-2.47409,43.17004],[-2.47447,43.17178],[-2.47719,43.1741],[-2.4813,43.17521],[-2.48522,43.17232],[-2.492,43.16907],[-2.49975,43.16783],[-2.50224,43.16603],[-2.50762,43.16667],[-2.50804,43.16532],[-2.50733,43.16446],[-2.50901,43.16288],[-2.50983,43.16076],[-2.50441,43.15522],[-2.50329,43.15515],[-2.50085,43.15207],[-2.50095,43.15055],[-2.50262,43.14873],[-2.50175,43.146],[-2.50328,43.14455],[-2.50276,43.14381],[-2.50366,43.14259],[-2.50273,43.14164],[-2.50406,43.13977],[-2.50276,43.14006],[-2.50251,43.134],[-2.50107,43.13015],[-2.49631,43.12339],[-2.47261,43.12174],[-2.46386,43.13491]]]]}},{"type":"Feature","properties":{"cod":"034","nombre":"Eskoriatza","comarca":"Deba Garaia","reparto":{"Arrasate":100}},"geometry":{"type":"MultiPolygon","coordinates":[[[[-2.49817,42.96018],[-2.493,42.96174],[-2.48727,42.96469],[-2.48335,42.96489],[-2.4996,43.00022],[-2.50166,43.00638],[-2.49814,43.00846],[-2.49929,43.01187],[-2.49724,43.01199],[-2.49981,43.01638],[-2.49833,43.01849],[-2.49796,43.02046],[-2.5011,43.02317],[-2.50097,43.02032],[-2.5057,43.01764],[-2.50852,43.01677],[-2.51066,43.01812],[-2.50927,43.01953],[-2.5097,43.02457],[-2.51556,43.02953],[-2.51451,43.03213],[-2.52153,43.03764],[-2.52484,43.04536],[-2.52671,43.04567],[-2.53006,43.04497],[-2.53238,43.04095],[-2.53412,43.03984],[-2.5361,43.03659],[-2.54108,43.03334],[-2.54056,43.02545],[-2.54928,43.02],[-2.55503,43.0211],[-2.55658,43.01985],[-2.56004,43.01861],[-2.56294,43.01853],[-2.57068,43.01465],[-2.58036,43.0082],[-2.58167,43.00786],[-2.58406,43.00857],[-2.58985,43.0073],[-2.59181,43.00819],[-2.59611,43.00879],[-2.60057,43.00104],[-2.59889,42.99384],[-2.59277,42.98748],[-2.59316,42.9869],[-2.59231,42.9855],[-2.57732,42.99232],[-2.57195,42.9933],[-2.56821,42.99183],[-2.56025,42.99283],[-2.55022,42.98688],[-2.54624,42.98575],[-2.53873,42.98155],[-2.53537,42.97687],[-2.5347,42.97328],[-2.51124,42.96402],[-2.51083,42.96305],[-2.50507,42.96019],[-2.5012,42.95948],[-2.49817,42.96018]]]]}},{"type":"Feature","properties":{"cod":"035","nombre":"Ezkio-Itsaso","comarca":"Goierri","reparto":{"Ordizia":99,"Bidania":1}},"geometry":{"type":"MultiPolygon","coordinates":[[[[-2.26196,43.05377],[-2.25907,43.05717],[-2.25285,43.05754],[-2.25102,43.05822],[-2.24628,43.05819],[-2.24869,43.06291],[-2.2474,43.06637],[-2.24769,43.06794],[-2.24716,43.06792],[-2.24762,43.06963],[-2.24962,43.07214],[-2.24725,43.07336],[-2.2425,43.07351],[-2.2402,43.0747],[-2.24013,43.07709],[-2.24198,43.07835],[-2.24431,43.08195],[-2.24437,43.08683],[-2.23933,43.08942],[-2.24063,43.09155],[-2.23493,43.09362],[-2.23809,43.09719],[-2.24299,43.09822],[-2.24449,43.09953],[-2.24239,43.10199],[-2.2418,43.10484],[-2.24248,43.10601],[-2.24183,43.10736],[-2.24337,43.10691],[-2.24765,43.10719],[-2.25094,43.10558],[-2.25444,43.10574],[-2.25931,43.10942],[-2.26688,43.11284],[-2.27125,43.11128],[-2.27544,43.10669],[-2.28044,43.10671],[-2.28235,43.10395],[-2.28735,43.10044],[-2.2883,43.09909],[-2.28828,43.09536],[-2.29019,43.09364],[-2.29028,43.09106],[-2.29116,43.0897],[-2.2965,43.08605],[-2.29676,43.08031],[-2.29736,43.07934],[-2.2979,43.0797],[-2.29874,43.07848],[-2.2997,43.07835],[-2.30384,43.07065],[-2.30156,43.06728],[-2.29984,43.06766],[-2.30004,43.06879],[-2.29911,43.06922],[-2.29445,43.0677],[-2.28907,43.06894],[-2.28771,43.06989],[-2.28641,43.06945],[-2.28391,43.06673],[-2.28032,43.06672],[-2.2781,43.06589],[-2.27616,43.06322],[-2.2765,43.06229],[-2.27288,43.06001],[-2.27166,43.0602],[-2.27145,43.05969],[-2.26874,43.05905],[-2.26356,43.05556],[-2.26334,43.05362],[-2.26196,43.05377]]]]}},{"type":"Feature","properties":{"cod":"036","nombre":"Hondarribia","comarca":"Bidasoa Behea","reparto":{"Pasaia":100}},"geometry":{"type":"MultiPolygon","coordinates":[[[[-1.84596,43.33034],[-1.83729,43.33144],[-1.82676,43.33644],[-1.82111,43.33988],[-1.80685,43.34317],[-1.80131,43.3455],[-1.79804,43.34897],[-1.793,43.35053],[-1.79129,43.35236],[-1.79084,43.35443],[-1.78167,43.36282],[-1.78196,43.36477],[-1.78448,43.36581],[-1.78893,43.36921],[-1.79074,43.37182],[-1.79017,43.376],[-1.7872,43.38],[-1.78913,43.38065],[-1.7908,43.37859],[-1.79169,43.37868],[-1.79414,43.38006],[-1.79591,43.38237],[-1.79567,43.38371],[-1.79337,43.38558],[-1.79111,43.38438],[-1.79004,43.38515],[-1.79099,43.38491],[-1.79262,43.38596],[-1.79029,43.38759],[-1.79093,43.38787],[-1.7904,43.38857],[-1.78855,43.38638],[-1.78938,43.38548],[-1.78789,43.38619],[-1.78981,43.38878],[-1.78825,43.39093],[-1.79067,43.39101],[-1.79101,43.39171],[-1.78849,43.3931],[-1.79107,43.39284],[-1.79089,43.39368],[-1.79205,43.39388],[-1.7904,43.39529],[-1.79138,43.3956],[-1.79104,43.39595],[-1.79346,43.39494],[-1.79302,43.39398],[-1.7978,43.39267],[-1.80057,43.39084],[-1.80199,43.39072],[-1.8016,43.38994],[-1.80325,43.3882],[-1.80423,43.38846],[-1.80404,43.38894],[-1.8054,43.38803],[-1.80545,43.3894],[-1.80781,43.38829],[-1.80912,43.3886],[-1.81301,43.38764],[-1.81394,43.38788],[-1.81532,43.38627],[-1.8172,43.38653],[-1.82059,43.38506],[-1.82164,43.38351],[-1.82227,43.38561],[-1.82303,43.3849],[-1.82376,43.38552],[-1.82481,43.38439],[-1.82592,43.38452],[-1.82691,43.38513],[-1.82825,43.38408],[-1.83004,43.38416],[-1.83086,43.38362],[-1.83161,43.38422],[-1.83386,43.38364],[-1.83385,43.38307],[-1.83733,43.38151],[-1.83737,43.3823],[-1.8394,43.38085],[-1.83995,43.38114],[-1.84109,43.37939],[-1.8419,43.37957],[-1.84136,43.37845],[-1.8425,43.3784],[-1.84313,43.37749],[-1.84391,43.37765],[-1.84379,43.37814],[-1.84568,43.37632],[-1.84746,43.37836],[-1.84867,43.37787],[-1.84878,43.37975],[-1.85071,43.37776],[-1.85228,43.37758],[-1.85295,43.37582],[-1.85402,43.37561],[-1.8547,43.37456],[-1.85541,43.37513],[-1.85576,43.37477],[-1.85675,43.37547],[-1.85706,43.37516],[-1.85717,43.37565],[-1.85924,43.37462],[-1.86142,43.37024],[-1.86342,43.37182],[-1.86332,43.37243],[-1.86471,43.37183],[-1.86501,43.37252],[-1.86822,43.36945],[-1.87086,43.36924],[-1.87117,43.36797],[-1.86741,43.36258],[-1.86024,43.34875],[-1.84938,43.33023],[-1.84596,43.33034]]]]}},{"type":"Feature","properties":{"cod":"037","nombre":"Gaintza","comarca":"Goierri","reparto":{"Ordizia":100}},"geometry":{"type":"MultiPolygon","coordinates":[[[[-2.12099,43.04087],[-2.11977,43.04182],[-2.11874,43.04676],[-2.11549,43.04876],[-2.11394,43.05113],[-2.11403,43.0522],[-2.11642,43.05513],[-2.11722,43.05898],[-2.11918,43.06078],[-2.11927,43.06231],[-2.11792,43.06331],[-2.11805,43.06506],[-2.11926,43.0655],[-2.11997,43.06666],[-2.11961,43.06799],[-2.12048,43.06868],[-2.12327,43.06737],[-2.12783,43.06683],[-2.12932,43.06594],[-2.13327,43.06474],[-2.13491,43.06481],[-2.13606,43.06393],[-2.14216,43.06191],[-2.1488,43.05509],[-2.14891,43.05271],[-2.14606,43.0469],[-2.14163,43.04131],[-2.14054,43.04104],[-2.13458,43.04337],[-2.13216,43.04297],[-2.12933,43.04335],[-2.12514,43.04251],[-2.12409,43.04157],[-2.12256,43.04191],[-2.12181,43.04046],[-2.12099,43.04087]]]]}},{"type":"Feature","properties":{"cod":"038","nombre":"Gabiria","comarca":"Goierri","reparto":{"Ordizia":65,"Zegama":35}},"geometry":{"type":"MultiPolygon","coordinates":[[[[-2.30918,43.03327],[-2.29827,43.03607],[-2.29422,43.03458],[-2.29306,43.03599],[-2.28781,43.03766],[-2.28805,43.03832],[-2.28596,43.03996],[-2.27761,43.03837],[-2.27064,43.03833],[-2.27125,43.04009],[-2.26438,43.05174],[-2.26134,43.0523],[-2.26122,43.05295],[-2.2622,43.05389],[-2.26334,43.05362],[-2.26356,43.05556],[-2.26874,43.05905],[-2.27145,43.05969],[-2.27166,43.0602],[-2.27288,43.06001],[-2.27611,43.06221],[-2.2764,43.06374],[-2.2781,43.06589],[-2.28032,43.06672],[-2.28391,43.06673],[-2.28637,43.06944],[-2.28763,43.0699],[-2.28907,43.06894],[-2.29431,43.0677],[-2.29911,43.06922],[-2.30004,43.06879],[-2.29984,43.06766],[-2.30156,43.06728],[-2.30384,43.07065],[-2.30655,43.06696],[-2.32102,43.06538],[-2.32705,43.06171],[-2.32754,43.05951],[-2.3267,43.05656],[-2.32339,43.05416],[-2.3211,43.05015],[-2.32028,43.04322],[-2.32114,43.04205],[-2.31115,43.03306],[-2.30918,43.03327]]]]}},{"type":"Feature","properties":{"cod":"039","nombre":"Getaria","comarca":"Urola Kosta","reparto":{"Zarautz":100}},"geometry":{"type":"MultiPolygon","coordinates":[[[[-2.20713,43.27293],[-2.19874,43.27352],[-2.19367,43.27588],[-2.19461,43.27869],[-2.19356,43.28133],[-2.19583,43.28146],[-2.19594,43.28186],[-2.19391,43.28269],[-2.19234,43.28487],[-2.18932,43.28661],[-2.18931,43.29247],[-2.19075,43.29419],[-2.19083,43.29554],[-2.19179,43.29555],[-2.19134,43.2983],[-2.19182,43.2981],[-2.19272,43.29946],[-2.19765,43.29908],[-2.20116,43.30088],[-2.20161,43.30292],[-2.19902,43.30398],[-2.20046,43.30344],[-2.20135,43.30389],[-2.20134,43.30516],[-2.20268,43.30483],[-2.20158,43.30675],[-2.20039,43.3067],[-2.20081,43.30524],[-2.19999,43.30634],[-2.19746,43.30542],[-2.19817,43.30385],[-2.19648,43.30559],[-2.19977,43.30696],[-2.19883,43.30928],[-2.19944,43.30962],[-2.19876,43.31003],[-2.19993,43.3102],[-2.20082,43.31168],[-2.20263,43.3118],[-2.20238,43.31094],[-2.20268,43.31011],[-2.20336,43.31064],[-2.20302,43.30972],[-2.20386,43.30797],[-2.20337,43.30687],[-2.20452,43.3056],[-2.20755,43.30509],[-2.20914,43.3063],[-2.21036,43.30623],[-2.21201,43.30731],[-2.21439,43.30769],[-2.21556,43.30915],[-2.22097,43.30959],[-2.22329,43.31077],[-2.22838,43.31114],[-2.23377,43.30917],[-2.23987,43.30865],[-2.23976,43.30496],[-2.24154,43.30398],[-2.24497,43.30353],[-2.24676,43.30089],[-2.246,43.29972],[-2.24651,43.2989],[-2.24191,43.29514],[-2.22815,43.29057],[-2.22362,43.28832],[-2.22231,43.28609],[-2.21825,43.28591],[-2.21625,43.28355],[-2.21294,43.28257],[-2.21234,43.28099],[-2.21373,43.2788],[-2.21362,43.27457],[-2.21326,43.27422],[-2.2111,43.27495],[-2.20713,43.27293]]]]}},{"type":"Feature","properties":{"cod":"040","nombre":"Hernani","comarca":"Donostialdea","reparto":{"Miramon":81,"Berastegi":19}},"geometry":{"type":"MultiPolygon","coordinates":[[[[-1.92381,43.17297],[-1.92088,43.17259],[-1.92059,43.17362],[-1.92297,43.17881],[-1.92156,43.18366],[-1.92208,43.18672],[-1.91947,43.18986],[-1.91797,43.19002],[-1.91502,43.19337],[-1.91375,43.19867],[-1.91124,43.20273],[-1.91169,43.20744],[-1.91343,43.21021],[-1.91242,43.21563],[-1.91377,43.21914],[-1.91298,43.22134],[-1.91605,43.223],[-1.91481,43.22379],[-1.91446,43.225],[-1.91108,43.22738],[-1.91194,43.22885],[-1.91166,43.22973],[-1.90854,43.23195],[-1.90849,43.23376],[-1.90993,43.23558],[-1.90092,43.23714],[-1.89894,43.23979],[-1.89941,43.24185],[-1.89237,43.24451],[-1.89298,43.25031],[-1.90082,43.25185],[-1.90077,43.25052],[-1.90212,43.24998],[-1.90405,43.25115],[-1.9045,43.25502],[-1.9055,43.25656],[-1.91522,43.25339],[-1.91978,43.25932],[-1.92208,43.25867],[-1.92496,43.25942],[-1.92502,43.25865],[-1.92638,43.2585],[-1.92697,43.2566],[-1.92801,43.25685],[-1.9284,43.25625],[-1.92961,43.25656],[-1.93114,43.25588],[-1.93267,43.255],[-1.93352,43.25331],[-1.93927,43.2524],[-1.9383,43.25466],[-1.93936,43.2575],[-1.93887,43.25893],[-1.94021,43.26021],[-1.93906,43.26094],[-1.93874,43.26229],[-1.94085,43.26373],[-1.94091,43.26558],[-1.94348,43.26786],[-1.94705,43.26803],[-1.94943,43.26696],[-1.95349,43.26926],[-1.95953,43.27358],[-1.95758,43.27702],[-1.95981,43.27505],[-1.96434,43.27501],[-1.96766,43.27588],[-1.96687,43.27695],[-1.9707,43.27788],[-1.97469,43.28115],[-1.98409,43.28335],[-1.98667,43.28257],[-1.98936,43.28026],[-1.98922,43.27927],[-1.99048,43.27834],[-1.99143,43.27791],[-1.99469,43.27852],[-1.99342,43.28113],[-1.99744,43.2811],[-1.99978,43.27989],[-2.00161,43.27988],[-2.00104,43.27847],[-2.0026,43.2774],[-2.00576,43.27769],[-2.00708,43.27728],[-2.00655,43.27396],[-2.00372,43.27186],[-2.00466,43.26991],[-2.00011,43.26699],[-1.99829,43.2669],[-1.9984,43.26534],[-2.00036,43.2655],[-2.00004,43.26103],[-1.99033,43.26016],[-1.9842,43.25776],[-1.98038,43.25904],[-1.97742,43.25842],[-1.9783,43.25701],[-1.97707,43.25421],[-1.97733,43.25127],[-1.97649,43.24931],[-1.97596,43.24939],[-1.97589,43.24746],[-1.9741,43.24553],[-1.96813,43.24532],[-1.96713,43.24609],[-1.96514,43.24332],[-1.96226,43.24323],[-1.96205,43.24209],[-1.96335,43.24051],[-1.95127,43.23271],[-1.94649,43.22834],[-1.94261,43.22757],[-1.94162,43.22906],[-1.93389,43.22691],[-1.93391,43.22627],[-1.93289,43.22668],[-1.93014,43.2238],[-1.92682,43.22343],[-1.93014,43.22226],[-1.93112,43.22352],[-1.93302,43.22385],[-1.93855,43.2193],[-1.94898,43.21779],[-1.95012,43.21703],[-1.95175,43.21423],[-1.94215,43.21008],[-1.9413,43.2087],[-1.94171,43.20662],[-1.94052,43.20459],[-1.9428,43.20339],[-1.94267,43.20256],[-1.9438,43.20184],[-1.94298,43.19946],[-1.94393,43.19813],[-1.94439,43.19472],[-1.9457,43.1933],[-1.95838,43.18925],[-1.95627,43.18869],[-1.95442,43.18599],[-1.94781,43.18209],[-1.94375,43.1807],[-1.93804,43.18028],[-1.93217,43.17625],[-1.93148,43.17506],[-1.92708,43.17341],[-1.92381,43.17297]]]]}},{"type":"Feature","properties":{"cod":"041","nombre":"Hernialde","comarca":"Tolosaldea","reparto":{"Zizurkil":55,"Bidania":45}},"geometry":{"type":"MultiPolygon","coordinates":[[[[-2.08844,43.14628],[-2.08483,43.14818],[-2.07222,43.15029],[-2.07214,43.15367],[-2.07975,43.1578],[-2.07948,43.15925],[-2.08222,43.16031],[-2.08802,43.16046],[-2.09003,43.16156],[-2.09111,43.16095],[-2.09605,43.16088],[-2.09923,43.15925],[-2.10819,43.15816],[-2.11175,43.1585],[-2.11607,43.15616],[-2.12084,43.15616],[-2.12131,43.15206],[-2.11558,43.15032],[-2.10925,43.14998],[-2.10414,43.14844],[-2.10293,43.14881],[-2.09791,43.14829],[-2.0952,43.14898],[-2.09,43.1462],[-2.08844,43.14628]]]]}},{"type":"Feature","properties":{"cod":"042","nombre":"Ibarra","comarca":"Tolosaldea","reparto":{"Zizurkil":73,"Berastegi":27}},"geometry":{"type":"MultiPolygon","coordinates":[[[[-2.06388,43.12127],[-2.06168,43.1224],[-2.05792,43.12235],[-2.05829,43.12578],[-2.05702,43.12565],[-2.05532,43.1275],[-2.05429,43.12706],[-2.05318,43.12849],[-2.0524,43.12747],[-2.05203,43.12829],[-2.04951,43.12891],[-2.0519,43.13007],[-2.05568,43.13427],[-2.05826,43.13396],[-2.05676,43.13575],[-2.05693,43.13714],[-2.05541,43.13928],[-2.05342,43.13976],[-2.05352,43.14154],[-2.03737,43.14501],[-2.03798,43.1474],[-2.03408,43.15054],[-2.03372,43.15153],[-2.03042,43.15234],[-2.02401,43.15519],[-2.01148,43.1576],[-2.01018,43.16071],[-2.0253,43.15825],[-2.02482,43.16055],[-2.02709,43.16242],[-2.03127,43.16013],[-2.03003,43.15695],[-2.04063,43.15433],[-2.05224,43.15064],[-2.05563,43.14891],[-2.06478,43.13879],[-2.06695,43.13983],[-2.07107,43.13373],[-2.06992,43.13211],[-2.06823,43.1318],[-2.06711,43.13043],[-2.06859,43.12797],[-2.06812,43.12465],[-2.06568,43.12191],[-2.06476,43.12232],[-2.06388,43.12127]]]]}},{"type":"Feature","properties":{"cod":"043","nombre":"Idiazabal","comarca":"Goierri","reparto":{"Zegama":60,"Ordizia":40}},"geometry":{"type":"MultiPolygon","coordinates":[[[[-2.25565,42.94791],[-2.25095,42.94856],[-2.23987,42.94612],[-2.22631,42.9478],[-2.21223,42.95163],[-2.21366,42.95295],[-2.21317,42.95542],[-2.21541,42.95843],[-2.21629,42.96288],[-2.21943,42.96552],[-2.21678,42.97296],[-2.21796,42.97745],[-2.21012,42.98127],[-2.21165,42.9829],[-2.21341,42.98743],[-2.20749,42.98941],[-2.20531,42.99246],[-2.20319,42.99314],[-2.20208,42.99442],[-2.20243,42.99911],[-2.20546,43.00026],[-2.2077,43.0036],[-2.21162,43.00544],[-2.21508,43.00886],[-2.21528,43.01748],[-2.21634,43.02194],[-2.21794,43.02438],[-2.2216,43.02637],[-2.21973,43.03178],[-2.21973,43.03521],[-2.22533,43.03535],[-2.22909,43.0367],[-2.23065,43.03599],[-2.23325,43.03609],[-2.23681,43.03472],[-2.2395,43.0324],[-2.2411,43.03305],[-2.24484,43.03218],[-2.24612,43.02897],[-2.2472,43.0284],[-2.24768,43.02039],[-2.24972,43.0168],[-2.24669,43.01469],[-2.24657,43.01334],[-2.24561,43.01316],[-2.24492,43.01114],[-2.24431,43.00705],[-2.24721,42.99994],[-2.24624,42.99722],[-2.24679,42.9956],[-2.24437,42.99536],[-2.24445,42.98954],[-2.24693,42.98542],[-2.25235,42.98167],[-2.25363,42.97507],[-2.25574,42.97243],[-2.25854,42.97171],[-2.26268,42.96889],[-2.25877,42.95888],[-2.26131,42.94932],[-2.25975,42.94858],[-2.25836,42.94663],[-2.25565,42.94791]]]]}},{"type":"Feature","properties":{"cod":"044","nombre":"Ikaztegieta","comarca":"Tolosaldea","reparto":{"Ordizia":56,"Bidania":44}},"geometry":{"type":"MultiPolygon","coordinates":[[[[-2.12569,43.08419],[-2.1232,43.08347],[-2.12101,43.08459],[-2.11863,43.08434],[-2.11845,43.08519],[-2.11583,43.08662],[-2.11455,43.08657],[-2.11048,43.0903],[-2.10518,43.09313],[-2.10386,43.09581],[-2.10551,43.09683],[-2.10823,43.09404],[-2.11021,43.09333],[-2.11254,43.09339],[-2.11383,43.09436],[-2.11448,43.0959],[-2.11818,43.09487],[-2.11994,43.09645],[-2.12385,43.09699],[-2.12643,43.09675],[-2.12758,43.09576],[-2.13022,43.09515],[-2.13352,43.09502],[-2.13378,43.09319],[-2.13144,43.09315],[-2.13304,43.09184],[-2.13274,43.09139],[-2.12954,43.08899],[-2.13103,43.08806],[-2.12785,43.08418],[-2.12569,43.08419]]]]}},{"type":"Feature","properties":{"cod":"045","nombre":"Irun","comarca":"Bidasoa Behea","reparto":{"Pasaia":100}},"geometry":{"type":"MultiPolygon","coordinates":[[[[-1.72938,43.29368],[-1.7293,43.29482],[-1.73343,43.30211],[-1.73436,43.30754],[-1.73557,43.30999],[-1.73663,43.31075],[-1.7388,43.31069],[-1.7404,43.31133],[-1.73999,43.31249],[-1.73774,43.31367],[-1.74169,43.31677],[-1.73817,43.32087],[-1.73741,43.32282],[-1.73724,43.32396],[-1.73868,43.32584],[-1.73714,43.33009],[-1.74146,43.33163],[-1.74932,43.33112],[-1.75269,43.33327],[-1.75289,43.33487],[-1.75152,43.33609],[-1.75167,43.33773],[-1.75308,43.34103],[-1.75493,43.34241],[-1.7574,43.34378],[-1.75981,43.34421],[-1.76224,43.34412],[-1.76859,43.34223],[-1.77231,43.34254],[-1.7766,43.34432],[-1.77773,43.34803],[-1.78219,43.34803],[-1.784,43.34868],[-1.78937,43.35233],[-1.79024,43.35367],[-1.7898,43.35532],[-1.79322,43.35034],[-1.79683,43.3497],[-1.80131,43.3455],[-1.80685,43.34317],[-1.82111,43.33988],[-1.82676,43.33644],[-1.83729,43.33144],[-1.84938,43.33023],[-1.85211,43.32536],[-1.84969,43.32506],[-1.84369,43.31977],[-1.84019,43.31829],[-1.83316,43.31267],[-1.82833,43.31202],[-1.82014,43.30747],[-1.81422,43.30581],[-1.81314,43.30415],[-1.80851,43.30077],[-1.80113,43.2976],[-1.79905,43.29613],[-1.79483,43.29623],[-1.78823,43.29252],[-1.78347,43.28688],[-1.77315,43.28895],[-1.76785,43.2878],[-1.76704,43.28651],[-1.76477,43.28585],[-1.76336,43.28756],[-1.76123,43.28785],[-1.7612,43.28958],[-1.75569,43.2904],[-1.75395,43.28916],[-1.75148,43.29049],[-1.75158,43.29129],[-1.74986,43.29285],[-1.74661,43.2934],[-1.74527,43.2931],[-1.74319,43.29458],[-1.74094,43.29351],[-1.73978,43.29598],[-1.73784,43.29597],[-1.73783,43.29505],[-1.73605,43.29462],[-1.73407,43.2952],[-1.73317,43.29419],[-1.72938,43.29368]],[[-1.76625,43.34274],[-1.76449,43.34298],[-1.76625,43.34274]]]]}},{"type":"Feature","properties":{"cod":"046","nombre":"Irura","comarca":"Tolosaldea","reparto":{"Zizurkil":100}},"geometry":{"type":"MultiPolygon","coordinates":[[[[-2.06611,43.15753],[-2.06592,43.15704],[-2.06248,43.15914],[-2.06055,43.15928],[-2.05764,43.15849],[-2.05267,43.15926],[-2.04979,43.15933],[-2.04804,43.15855],[-2.04496,43.15953],[-2.04078,43.15937],[-2.04561,43.16576],[-2.05227,43.17197],[-2.05506,43.17585],[-2.0578,43.17652],[-2.05978,43.1743],[-2.06675,43.1698],[-2.06965,43.16929],[-2.07114,43.1674],[-2.07132,43.16504],[-2.07043,43.16385],[-2.06808,43.16311],[-2.06628,43.15961],[-2.06611,43.15753]]]]}},{"type":"Feature","properties":{"cod":"047","nombre":"Itsasondo","comarca":"Goierri","reparto":{"Ordizia":100}},"geometry":{"type":"MultiPolygon","coordinates":[[[[-2.17253,43.06243],[-2.173,43.06327],[-2.17204,43.064],[-2.16704,43.06399],[-2.16511,43.06613],[-2.1613,43.06485],[-2.16098,43.06557],[-2.15856,43.06646],[-2.1577,43.06755],[-2.15816,43.06857],[-2.15706,43.06924],[-2.15827,43.07343],[-2.15619,43.07503],[-2.15862,43.07787],[-2.16045,43.07689],[-2.16181,43.07726],[-2.16331,43.07685],[-2.16417,43.07823],[-2.16509,43.07843],[-2.16556,43.08076],[-2.16714,43.08119],[-2.16682,43.08282],[-2.16778,43.08347],[-2.16719,43.0864],[-2.16886,43.08694],[-2.16878,43.08847],[-2.16766,43.08875],[-2.16808,43.08976],[-2.169,43.09065],[-2.17008,43.09073],[-2.17104,43.09238],[-2.17227,43.09238],[-2.17348,43.09325],[-2.17495,43.09354],[-2.18023,43.09765],[-2.18865,43.09831],[-2.19882,43.10255],[-2.20047,43.10089],[-2.20025,43.09919],[-2.20252,43.0914],[-2.20646,43.08869],[-2.2073,43.08688],[-2.20656,43.08454],[-2.18999,43.08035],[-2.18559,43.07681],[-2.18247,43.07298],[-2.18204,43.06829],[-2.17985,43.06505],[-2.17845,43.06123],[-2.17685,43.06045],[-2.17455,43.06056],[-2.17253,43.06243]]]]}},{"type":"Feature","properties":{"cod":"048","nombre":"Larraul","comarca":"Tolosaldea","reparto":{"Zizurkil":54,"Bidania":46}},"geometry":{"type":"MultiPolygon","coordinates":[[[[-2.14754,43.17351],[-2.14367,43.17778],[-2.13217,43.18059],[-2.1293,43.18179],[-2.1201,43.18291],[-2.11377,43.18277],[-2.10375,43.18083],[-2.09973,43.1816],[-2.09472,43.1815],[-2.09317,43.18292],[-2.09142,43.18335],[-2.08971,43.18509],[-2.08912,43.18635],[-2.09019,43.18657],[-2.09708,43.19074],[-2.10944,43.1945],[-2.11817,43.19098],[-2.12456,43.19234],[-2.12739,43.19359],[-2.12902,43.19327],[-2.13101,43.19447],[-2.14054,43.19112],[-2.14329,43.18754],[-2.14373,43.18498],[-2.14829,43.18327],[-2.15344,43.1789],[-2.14967,43.17652],[-2.14754,43.17351]]]]}},{"type":"Feature","properties":{"cod":"049","nombre":"Lazkao","comarca":"Goierri","reparto":{"Ordizia":100}},"geometry":{"type":"MultiPolygon","coordinates":[[[[-2.19709,43.0004],[-2.19284,43.00318],[-2.19312,43.00532],[-2.19083,43.0079],[-2.19024,43.01048],[-2.18747,43.01175],[-2.18465,43.01449],[-2.18433,43.01702],[-2.17527,43.01979],[-2.17216,43.01917],[-2.16952,43.0196],[-2.16902,43.02069],[-2.16706,43.02091],[-2.16586,43.01902],[-2.16498,43.01941],[-2.16171,43.01898],[-2.15859,43.0199],[-2.15884,43.02091],[-2.15411,43.02169],[-2.15605,43.02429],[-2.15618,43.02929],[-2.15962,43.03024],[-2.16031,43.03265],[-2.15885,43.03299],[-2.15927,43.03507],[-2.1612,43.03575],[-2.16228,43.0384],[-2.16378,43.03805],[-2.16649,43.0405],[-2.1676,43.03998],[-2.16876,43.04257],[-2.17098,43.03997],[-2.17479,43.03872],[-2.17638,43.03968],[-2.17771,43.04215],[-2.17929,43.04294],[-2.1855,43.04399],[-2.18609,43.04788],[-2.1875,43.04766],[-2.19115,43.04861],[-2.1924,43.0422],[-2.19056,43.04124],[-2.19738,43.03907],[-2.19829,43.0395],[-2.19868,43.03812],[-2.19518,43.03308],[-2.19005,43.02904],[-2.19143,43.02751],[-2.19149,43.02329],[-2.19372,43.01964],[-2.19294,43.01664],[-2.19383,43.0166],[-2.19717,43.01431],[-2.1997,43.01505],[-2.20291,43.01391],[-2.20245,43.01189],[-2.19988,43.00835],[-2.19994,43.00728],[-2.20258,43.00321],[-2.20577,43.00092],[-2.20546,43.00026],[-2.20243,42.99911],[-2.19709,43.0004]]],[[[-2.159,43.0176],[-2.15987,43.01799],[-2.16122,43.01735],[-2.159,43.0176]]],[[[-2.12494,42.98423],[-2.11402,42.98849],[-2.1152,42.9905],[-2.12125,42.98987],[-2.12266,42.99349],[-2.12437,42.9956],[-2.13444,42.99709],[-2.13792,42.99929],[-2.14203,42.99958],[-2.14215,43.00185],[-2.14073,43.00475],[-2.14468,43.00556],[-2.14071,43.01032],[-2.14193,43.011],[-2.14169,43.01297],[-2.14345,43.01292],[-2.14642,43.01475],[-2.14699,43.01595],[-2.15224,43.01141],[-2.15639,43.01339],[-2.14353,42.99965],[-2.14172,42.99512],[-2.14059,42.99406],[-2.13893,42.99341],[-2.13411,42.99322],[-2.13006,42.99197],[-2.12821,42.99065],[-2.12878,42.98566],[-2.12494,42.98423]]]]}},{"type":"Feature","properties":{"cod":"050","nombre":"Leaburu","comarca":"Tolosaldea","reparto":{"Berastegi":98,"Bidania":2}},"geometry":{"type":"MultiPolygon","coordinates":[[[[-2.05948,43.11283],[-2.05889,43.1141],[-2.0571,43.11452],[-2.05576,43.11652],[-2.05261,43.11721],[-2.05019,43.11952],[-2.04257,43.12093],[-2.04067,43.12049],[-2.03575,43.12432],[-2.03459,43.12523],[-2.03517,43.12832],[-2.0343,43.12982],[-2.04664,43.1319],[-2.0477,43.12914],[-2.05203,43.12829],[-2.0524,43.12747],[-2.05318,43.12849],[-2.05429,43.12706],[-2.05532,43.1275],[-2.05702,43.12565],[-2.05829,43.12578],[-2.05792,43.12235],[-2.06168,43.1224],[-2.06388,43.12127],[-2.06476,43.12232],[-2.06582,43.12207],[-2.06597,43.11925],[-2.06746,43.11773],[-2.06976,43.11878],[-2.07743,43.11819],[-2.07379,43.11672],[-2.0752,43.11371],[-2.07313,43.11411],[-2.07225,43.11198],[-2.06792,43.11007],[-2.06287,43.10895],[-2.06254,43.11017],[-2.0637,43.11187],[-2.05948,43.11283]]]]}},{"type":"Feature","properties":{"cod":"051","nombre":"Legazpi","comarca":"Goierri","reparto":{"Zegama":80,"Arrasate":19,"Ordizia":1}},"geometry":{"type":"MultiPolygon","coordinates":[[[[-2.34061,42.96973],[-2.34006,42.97212],[-2.33415,42.97687],[-2.33375,42.97976],[-2.33068,42.98206],[-2.32776,42.98244],[-2.32446,42.98443],[-2.32022,42.98873],[-2.31337,42.99199],[-2.31209,42.99721],[-2.31762,43.01558],[-2.31115,43.03306],[-2.32114,43.04205],[-2.32028,43.04322],[-2.3211,43.05015],[-2.32339,43.05416],[-2.32663,43.05645],[-2.32735,43.05821],[-2.32705,43.06171],[-2.32102,43.06538],[-2.32199,43.06666],[-2.32755,43.06959],[-2.33038,43.07242],[-2.325,43.07822],[-2.32718,43.0783],[-2.3301,43.07937],[-2.33261,43.08073],[-2.33625,43.08421],[-2.34423,43.08688],[-2.34482,43.08762],[-2.34975,43.08796],[-2.35511,43.07708],[-2.3538,43.07491],[-2.35876,43.07306],[-2.364,43.07222],[-2.36574,43.07024],[-2.37351,43.0692],[-2.37569,43.06668],[-2.37839,43.06495],[-2.37632,43.06328],[-2.37444,43.05949],[-2.37458,43.05739],[-2.37095,43.05323],[-2.36476,43.05057],[-2.36026,43.04739],[-2.3606,43.04605],[-2.36551,43.04396],[-2.36818,43.03754],[-2.35955,43.03263],[-2.358,43.02961],[-2.35644,43.02839],[-2.36144,43.02346],[-2.35941,43.02183],[-2.35983,43.01838],[-2.35891,43.01708],[-2.35949,43.0163],[-2.35885,43.01404],[-2.35605,43.0105],[-2.35153,43.00761],[-2.35148,43.0061],[-2.35466,43.00436],[-2.35509,42.99979],[-2.35695,42.99961],[-2.36663,42.99315],[-2.37272,42.98693],[-2.36738,42.98556],[-2.36568,42.98011],[-2.36282,42.97863],[-2.36057,42.97862],[-2.35765,42.97706],[-2.35573,42.97688],[-2.35472,42.97585],[-2.3522,42.97575],[-2.35211,42.97467],[-2.34874,42.9752],[-2.34622,42.97247],[-2.34443,42.97184],[-2.34334,42.97019],[-2.34061,42.96973]]]]}},{"type":"Feature","properties":{"cod":"052","nombre":"Legorreta","comarca":"Tolosaldea","reparto":{"Ordizia":77,"Bidania":23}},"geometry":{"type":"MultiPolygon","coordinates":[[[[-2.15365,43.07343],[-2.15255,43.07282],[-2.15156,43.07427],[-2.14656,43.07564],[-2.14396,43.07353],[-2.14312,43.07373],[-2.14204,43.07683],[-2.13887,43.07854],[-2.13646,43.07895],[-2.13497,43.08012],[-2.13463,43.07969],[-2.13084,43.08107],[-2.12943,43.08079],[-2.12791,43.08234],[-2.12784,43.08194],[-2.12565,43.08206],[-2.12567,43.08418],[-2.12744,43.08397],[-2.12832,43.08464],[-2.13103,43.08806],[-2.12954,43.08899],[-2.13304,43.09184],[-2.13144,43.09315],[-2.13378,43.09319],[-2.13352,43.09502],[-2.13667,43.09758],[-2.14093,43.09796],[-2.1434,43.09937],[-2.14911,43.0995],[-2.15474,43.10061],[-2.15685,43.10239],[-2.15705,43.10473],[-2.16071,43.10666],[-2.16351,43.10655],[-2.1651,43.10534],[-2.16774,43.10013],[-2.16875,43.09834],[-2.17236,43.0978],[-2.18059,43.10098],[-2.18021,43.09763],[-2.17495,43.09354],[-2.17227,43.09238],[-2.17122,43.09249],[-2.17008,43.09073],[-2.16826,43.08999],[-2.16766,43.08875],[-2.16878,43.08847],[-2.16886,43.08694],[-2.16718,43.08639],[-2.16793,43.08511],[-2.16777,43.08344],[-2.16682,43.0828],[-2.16716,43.08122],[-2.16563,43.08087],[-2.1651,43.07844],[-2.16407,43.07814],[-2.16363,43.07703],[-2.16058,43.07687],[-2.15862,43.07787],[-2.1543,43.07474],[-2.15473,43.07397],[-2.15365,43.07343]]]]}},{"type":"Feature","properties":{"cod":"053","nombre":"Lezo","comarca":"Donostialdea","reparto":{"Pasaia":100}},"geometry":{"type":"MultiPolygon","coordinates":[[[[-1.89045,43.31111],[-1.88931,43.31222],[-1.88951,43.31433],[-1.8887,43.31585],[-1.88337,43.3187],[-1.87696,43.31966],[-1.87312,43.31896],[-1.87118,43.32067],[-1.85911,43.32155],[-1.85582,43.3228],[-1.85211,43.32536],[-1.84938,43.33023],[-1.85716,43.34337],[-1.87869,43.33576],[-1.89413,43.33282],[-1.89708,43.33155],[-1.89957,43.33146],[-1.89979,43.33088],[-1.90019,43.32915],[-1.90149,43.32824],[-1.90682,43.32822],[-1.90979,43.32736],[-1.91004,43.32323],[-1.90324,43.32367],[-1.90189,43.32276],[-1.90259,43.32162],[-1.90159,43.32015],[-1.90327,43.31824],[-1.90339,43.31699],[-1.90016,43.31551],[-1.89972,43.31598],[-1.89859,43.31526],[-1.89748,43.31566],[-1.89345,43.31369],[-1.89045,43.31111]]]]}},{"type":"Feature","properties":{"cod":"054","nombre":"Lizartza","comarca":"Tolosaldea","reparto":{"Berastegi":100}},"geometry":{"type":"MultiPolygon","coordinates":[[[[-2.03127,43.07392],[-2.02556,43.0767],[-2.02328,43.07551],[-2.02166,43.07709],[-2.02227,43.07837],[-2.01933,43.07965],[-2.01788,43.07887],[-2.01804,43.07761],[-2.01622,43.07495],[-2.01301,43.07441],[-2.01225,43.07336],[-2.01018,43.07327],[-2.00954,43.08181],[-2.0087,43.08335],[-2.0133,43.08602],[-2.01177,43.08925],[-2.02189,43.09817],[-2.01774,43.10275],[-2.01403,43.10373],[-2.01618,43.10438],[-2.01988,43.10406],[-2.02215,43.1046],[-2.02392,43.10541],[-2.02648,43.10815],[-2.02975,43.10989],[-2.03127,43.11],[-2.03239,43.10916],[-2.03376,43.10911],[-2.03343,43.11051],[-2.03211,43.1115],[-2.03331,43.11285],[-2.03779,43.11472],[-2.04153,43.11366],[-2.0447,43.11472],[-2.04533,43.11575],[-2.04637,43.11492],[-2.04987,43.11445],[-2.05512,43.11595],[-2.05537,43.11668],[-2.05633,43.11524],[-2.05483,43.11439],[-2.05832,43.1145],[-2.05948,43.11283],[-2.05757,43.11235],[-2.05679,43.11111],[-2.05672,43.10691],[-2.05271,43.09754],[-2.05278,43.09537],[-2.05017,43.09145],[-2.04924,43.08813],[-2.04406,43.08434],[-2.04345,43.08253],[-2.0415,43.08145],[-2.03988,43.07587],[-2.03282,43.07314],[-2.03127,43.07392]]],[[[-2.00507,43.10144],[-2.005,43.10417],[-2.01182,43.10401],[-2.00507,43.10144]]],[[[-1.98294,43.08122],[-1.98434,43.0827],[-1.98003,43.08246],[-1.98193,43.08599],[-1.98537,43.0882],[-1.98557,43.08584],[-1.98778,43.08527],[-1.99124,43.085],[-1.9915,43.08336],[-1.99351,43.08166],[-1.9917,43.08096],[-1.98941,43.07864],[-1.98294,43.08122]]],[[[-1.97113,43.08514],[-1.96964,43.08661],[-1.97031,43.08996],[-1.97182,43.09127],[-1.97419,43.09078],[-1.97345,43.0883],[-1.97438,43.08794],[-1.97486,43.08659],[-1.97203,43.08459],[-1.97113,43.08514]]]]}},{"type":"Feature","properties":{"cod":"055","nombre":"Mondrag�n","comarca":"Deba Garaia","reparto":{"Arrasate":100}},"geometry":{"type":"MultiPolygon","coordinates":[[[[-2.47402,43.04009],[-2.47058,43.04218],[-2.4679,43.04478],[-2.46254,43.04586],[-2.45998,43.04906],[-2.46021,43.04975],[-2.45851,43.05046],[-2.45896,43.05118],[-2.45826,43.05234],[-2.45996,43.05279],[-2.4628,43.05554],[-2.46587,43.05733],[-2.46569,43.05995],[-2.46017,43.06423],[-2.45584,43.07216],[-2.45193,43.07474],[-2.45025,43.07511],[-2.44654,43.08238],[-2.44918,43.07973],[-2.45155,43.08061],[-2.4546,43.07819],[-2.45665,43.07869],[-2.45766,43.07732],[-2.46075,43.07739],[-2.46105,43.07587],[-2.46212,43.07542],[-2.46513,43.07815],[-2.46491,43.08003],[-2.46621,43.08104],[-2.46613,43.08172],[-2.47003,43.08528],[-2.47075,43.08674],[-2.47033,43.08777],[-2.47222,43.08909],[-2.47368,43.09233],[-2.47722,43.09417],[-2.48235,43.09485],[-2.48541,43.09474],[-2.48733,43.09378],[-2.49043,43.09352],[-2.49574,43.09212],[-2.5026,43.09539],[-2.50505,43.09476],[-2.5137,43.09001],[-2.51495,43.09099],[-2.51577,43.09068],[-2.51731,43.09114],[-2.51766,43.09185],[-2.52019,43.09236],[-2.523,43.09456],[-2.52583,43.09568],[-2.52903,43.09421],[-2.5344,43.09353],[-2.53904,43.09201],[-2.54431,43.09163],[-2.54639,43.08801],[-2.54501,43.08696],[-2.54722,43.08451],[-2.54106,43.07643],[-2.54632,43.07628],[-2.54807,43.07449],[-2.54231,43.07009],[-2.54253,43.0667],[-2.54079,43.06274],[-2.5343,43.05939],[-2.52997,43.05498],[-2.5286,43.05191],[-2.51722,43.05307],[-2.5094,43.04976],[-2.49996,43.04839],[-2.49875,43.04709],[-2.49573,43.04951],[-2.4936,43.04806],[-2.49255,43.04248],[-2.49194,43.04192],[-2.49069,43.04243],[-2.4878,43.03889],[-2.47855,43.03927],[-2.47402,43.04009]]]]}},{"type":"Feature","properties":{"cod":"056","nombre":"Mutriku","comarca":"Deba Behea","reparto":{"Mutriku":90,"Altzola":10}},"geometry":{"type":"MultiPolygon","coordinates":[[[[-2.40673,43.26644],[-2.40368,43.26756],[-2.40143,43.26936],[-2.3957,43.27046],[-2.39317,43.26937],[-2.38725,43.26842],[-2.37543,43.26984],[-2.37296,43.26813],[-2.37146,43.27204],[-2.37285,43.27449],[-2.37515,43.27549],[-2.37394,43.27882],[-2.37089,43.27967],[-2.3693,43.27822],[-2.36719,43.27755],[-2.36571,43.27832],[-2.36493,43.27966],[-2.36528,43.28063],[-2.3683,43.28175],[-2.36689,43.28354],[-2.36826,43.28655],[-2.36861,43.29012],[-2.36786,43.29178],[-2.36643,43.29308],[-2.36365,43.29316],[-2.36154,43.29141],[-2.36159,43.2901],[-2.36056,43.28882],[-2.35904,43.28858],[-2.35767,43.2896],[-2.35532,43.3012],[-2.35686,43.30172],[-2.35701,43.30245],[-2.35588,43.30296],[-2.35658,43.30312],[-2.35581,43.30328],[-2.35676,43.30362],[-2.35613,43.30374],[-2.35655,43.30413],[-2.35699,43.30378],[-2.35711,43.30433],[-2.35799,43.30422],[-2.35763,43.30484],[-2.35813,43.3042],[-2.36404,43.30645],[-2.36474,43.30573],[-2.36585,43.30571],[-2.3694,43.30759],[-2.37042,43.30892],[-2.37011,43.30946],[-2.37109,43.30927],[-2.37119,43.30967],[-2.37327,43.3096],[-2.3744,43.30829],[-2.37661,43.30875],[-2.37872,43.30793],[-2.38043,43.30812],[-2.38071,43.30862],[-2.38062,43.30805],[-2.38343,43.30676],[-2.38388,43.30728],[-2.38275,43.30839],[-2.38339,43.30793],[-2.38333,43.30846],[-2.38204,43.30897],[-2.38104,43.30865],[-2.38191,43.30911],[-2.38068,43.31002],[-2.37991,43.30983],[-2.37832,43.31216],[-2.37551,43.31142],[-2.37656,43.3125],[-2.38038,43.31244],[-2.38068,43.31281],[-2.37955,43.31319],[-2.38111,43.31361],[-2.38251,43.31519],[-2.38454,43.31598],[-2.38614,43.31565],[-2.38724,43.31607],[-2.38817,43.31737],[-2.38957,43.31758],[-2.39134,43.31909],[-2.39298,43.31931],[-2.39496,43.32084],[-2.39592,43.32044],[-2.39653,43.32116],[-2.39808,43.32107],[-2.40023,43.32243],[-2.40083,43.32195],[-2.40097,43.32251],[-2.4013,43.32177],[-2.40319,43.32284],[-2.40396,43.3222],[-2.40459,43.32298],[-2.40493,43.32239],[-2.40548,43.32321],[-2.4066,43.32324],[-2.40716,43.3226],[-2.4077,43.32391],[-2.4084,43.32325],[-2.40797,43.3229],[-2.40873,43.3236],[-2.40903,43.32297],[-2.41046,43.32429],[-2.41042,43.32352],[-2.41186,43.32426],[-2.41103,43.32249],[-2.41292,43.32161],[-2.41327,43.32057],[-2.41546,43.31976],[-2.41786,43.31452],[-2.41996,43.3125],[-2.42548,43.31058],[-2.42941,43.30815],[-2.43216,43.30455],[-2.43261,43.30109],[-2.43697,43.2996],[-2.43936,43.29703],[-2.4397,43.29517],[-2.43879,43.29419],[-2.44008,43.29137],[-2.43969,43.2882],[-2.42949,43.28193],[-2.42684,43.27951],[-2.4269,43.27783],[-2.42471,43.27548],[-2.4224,43.27554],[-2.41961,43.27197],[-2.41928,43.26956],[-2.41787,43.26745],[-2.40973,43.26779],[-2.40673,43.26644]]]]}},{"type":"Feature","properties":{"cod":"057","nombre":"Mutiloa","comarca":"Goierri","reparto":{"Zegama":68,"Ordizia":32}},"geometry":{"type":"MultiPolygon","coordinates":[[[[-2.28346,43.01721],[-2.27723,43.01877],[-2.27328,43.01895],[-2.261,43.01797],[-2.25908,43.02045],[-2.25353,43.0199],[-2.25265,43.02047],[-2.24914,43.02037],[-2.24885,43.02094],[-2.24775,43.02085],[-2.24784,43.02554],[-2.25345,43.02743],[-2.2552,43.028],[-2.25784,43.03052],[-2.26082,43.03082],[-2.26258,43.03509],[-2.26496,43.03552],[-2.2673,43.03783],[-2.26872,43.03763],[-2.27104,43.03852],[-2.27175,43.03812],[-2.27761,43.03837],[-2.28596,43.03996],[-2.28805,43.03832],[-2.28781,43.03766],[-2.29306,43.03599],[-2.29422,43.03458],[-2.29827,43.03607],[-2.31115,43.03306],[-2.31528,43.0223],[-2.30517,43.02203],[-2.30225,43.02387],[-2.29797,43.0242],[-2.29088,43.01989],[-2.28654,43.01881],[-2.28346,43.01721]]]]}},{"type":"Feature","properties":{"cod":"058","nombre":"Olaberria","comarca":"Goierri","reparto":{"Ordizia":100}},"geometry":{"type":"MultiPolygon","coordinates":[[[[-2.20536,43.00115],[-2.20258,43.00321],[-2.19989,43.00752],[-2.20291,43.01391],[-2.1997,43.01505],[-2.19717,43.01431],[-2.19383,43.0166],[-2.19294,43.01664],[-2.19372,43.01964],[-2.19149,43.02331],[-2.19143,43.02751],[-2.19004,43.02927],[-2.19518,43.03308],[-2.19868,43.03812],[-2.19973,43.03753],[-2.20375,43.03882],[-2.20849,43.03903],[-2.20961,43.04125],[-2.21414,43.04305],[-2.21588,43.04309],[-2.21852,43.04097],[-2.21982,43.03606],[-2.21973,43.03178],[-2.2216,43.02637],[-2.21794,43.02438],[-2.21634,43.02194],[-2.21528,43.01748],[-2.21469,43.00817],[-2.21162,43.00544],[-2.2077,43.0036],[-2.20577,43.00092],[-2.20536,43.00115]]]]}},{"type":"Feature","properties":{"cod":"059","nombre":"O�ati","comarca":"Deba Garaia","reparto":{"Arrasate":62,"Zegama":38}},"geometry":{"type":"MultiPolygon","coordinates":[[[[-2.35824,42.94833],[-2.35487,42.94967],[-2.35355,42.95327],[-2.35494,42.95663],[-2.36298,42.96262],[-2.36198,42.96683],[-2.36565,42.96948],[-2.36799,42.97574],[-2.36568,42.98011],[-2.36738,42.98556],[-2.37272,42.98693],[-2.36663,42.99315],[-2.35695,42.99961],[-2.35509,42.99979],[-2.35466,43.00436],[-2.35148,43.0061],[-2.35153,43.00761],[-2.35605,43.0105],[-2.35885,43.01404],[-2.35949,43.0163],[-2.35891,43.01708],[-2.35983,43.01838],[-2.35941,43.02183],[-2.36144,43.02346],[-2.35644,43.02839],[-2.358,43.02961],[-2.35955,43.03263],[-2.36818,43.03754],[-2.36551,43.04396],[-2.3606,43.04605],[-2.36023,43.04735],[-2.36476,43.05057],[-2.37095,43.05323],[-2.37458,43.05739],[-2.37455,43.05981],[-2.37742,43.06461],[-2.38225,43.0669],[-2.39232,43.06751],[-2.39516,43.07202],[-2.39865,43.07294],[-2.40098,43.07607],[-2.40205,43.07636],[-2.40556,43.07516],[-2.41003,43.07501],[-2.41435,43.07306],[-2.41805,43.07376],[-2.42003,43.07573],[-2.42297,43.07674],[-2.43168,43.07574],[-2.43514,43.07823],[-2.43879,43.07941],[-2.44209,43.07912],[-2.44715,43.08035],[-2.44654,43.08238],[-2.45025,43.07511],[-2.45193,43.07474],[-2.45584,43.07216],[-2.46017,43.06423],[-2.46569,43.05995],[-2.46587,43.05733],[-2.4628,43.05554],[-2.45996,43.05279],[-2.45826,43.05234],[-2.45896,43.05118],[-2.45851,43.05046],[-2.46021,43.04975],[-2.45998,43.04906],[-2.46267,43.04578],[-2.45821,43.04367],[-2.45781,43.04135],[-2.452,43.03309],[-2.45179,43.02487],[-2.46171,43.00722],[-2.46596,43.00363],[-2.47129,42.99727],[-2.47217,42.99469],[-2.47165,42.98983],[-2.47259,42.98543],[-2.47349,42.98351],[-2.4783,42.97946],[-2.47945,42.96586],[-2.47721,42.96635],[-2.46448,42.96193],[-2.46099,42.9592],[-2.45621,42.95854],[-2.45501,42.95666],[-2.45284,42.95584],[-2.44906,42.9563],[-2.44178,42.95898],[-2.43052,42.95787],[-2.42209,42.95572],[-2.41559,42.95886],[-2.40633,42.95965],[-2.40413,42.95706],[-2.39999,42.95669],[-2.39777,42.95368],[-2.39413,42.95219],[-2.38964,42.95269],[-2.37736,42.94826],[-2.37428,42.94815],[-2.37005,42.94904],[-2.36643,42.94727],[-2.36284,42.94686],[-2.36216,42.9477],[-2.36056,42.94753],[-2.35824,42.94833]]]]}},{"type":"Feature","properties":{"cod":"060","nombre":"Orexa","comarca":"Tolosaldea","reparto":{"Berastegi":100}},"geometry":{"type":"MultiPolygon","coordinates":[[[[-2.01018,43.07327],[-2.00164,43.07652],[-1.99578,43.07671],[-1.99038,43.0798],[-1.99351,43.08166],[-1.9915,43.08336],[-1.99124,43.085],[-1.98762,43.08518],[-1.98557,43.08584],[-1.98537,43.0882],[-1.98262,43.09054],[-1.98227,43.08934],[-1.98097,43.08929],[-1.98288,43.09174],[-1.98941,43.09102],[-1.9912,43.09452],[-1.99075,43.09486],[-1.99639,43.09972],[-1.99668,43.1007],[-1.99889,43.10188],[-2.00101,43.10172],[-2.00356,43.10382],[-2.005,43.10417],[-2.00507,43.10144],[-2.01182,43.10401],[-2.01774,43.10275],[-2.02189,43.09817],[-2.01177,43.08925],[-2.0133,43.08602],[-2.0087,43.08335],[-2.00954,43.08181],[-2.01018,43.07327]]],[[[-1.97804,43.08277],[-1.98277,43.08262],[-1.98434,43.0827],[-1.98294,43.08122],[-1.97788,43.08198],[-1.97804,43.08277]]]]}},{"type":"Feature","properties":{"cod":"061","nombre":"Orio","comarca":"Urola Kosta","reparto":{"Zarautz":100}},"geometry":{"type":"MultiPolygon","coordinates":[[[[-2.0936,43.26979],[-2.09255,43.27151],[-2.09629,43.27715],[-2.09575,43.27906],[-2.09351,43.28096],[-2.0951,43.28459],[-2.09108,43.28682],[-2.09001,43.28678],[-2.08927,43.2877],[-2.09022,43.28904],[-2.09009,43.29024],[-2.08681,43.29368],[-2.08456,43.29454],[-2.08488,43.29903],[-2.08672,43.30093],[-2.08461,43.30243],[-2.08472,43.3042],[-2.08331,43.30573],[-2.08288,43.30751],[-2.0848,43.30774],[-2.08938,43.30609],[-2.09002,43.30636],[-2.08939,43.30682],[-2.09628,43.30419],[-2.10225,43.30341],[-2.10457,43.30125],[-2.10746,43.30175],[-2.10939,43.30102],[-2.10997,43.30002],[-2.11132,43.30011],[-2.11354,43.29912],[-2.11512,43.29701],[-2.11976,43.29583],[-2.12156,43.29385],[-2.12265,43.29382],[-2.12303,43.29447],[-2.12394,43.294],[-2.12532,43.29192],[-2.12773,43.29073],[-2.13096,43.29088],[-2.13241,43.29174],[-2.12795,43.28657],[-2.12841,43.28417],[-2.12743,43.28564],[-2.12692,43.28472],[-2.12745,43.28298],[-2.12851,43.28321],[-2.12862,43.28385],[-2.1294,43.28279],[-2.13154,43.28302],[-2.12954,43.28484],[-2.13114,43.28541],[-2.13288,43.2849],[-2.13308,43.28397],[-2.13153,43.28357],[-2.13349,43.27941],[-2.13286,43.27629],[-2.1302,43.2744],[-2.1172,43.27498],[-2.1142,43.27203],[-2.11185,43.27156],[-2.10847,43.27195],[-2.10525,43.27359],[-2.09988,43.27053],[-2.09684,43.26977],[-2.0936,43.26979]]]]}},{"type":"Feature","properties":{"cod":"062","nombre":"Ormaiztegi","comarca":"Goierri","reparto":{"Ordizia":100}},"geometry":{"type":"MultiPolygon","coordinates":[[[[-2.24784,43.02554],[-2.2472,43.0284],[-2.24612,43.02897],[-2.24484,43.03218],[-2.2411,43.03305],[-2.2395,43.0324],[-2.23681,43.03472],[-2.23325,43.03609],[-2.23065,43.03599],[-2.23014,43.03955],[-2.2322,43.04164],[-2.23559,43.0428],[-2.23609,43.04493],[-2.24127,43.04624],[-2.24094,43.05174],[-2.24346,43.05225],[-2.24354,43.05356],[-2.24525,43.055],[-2.24626,43.05819],[-2.25102,43.05822],[-2.2521,43.05773],[-2.25749,43.05759],[-2.26029,43.05639],[-2.26202,43.05397],[-2.26134,43.0523],[-2.26438,43.05174],[-2.27139,43.03921],[-2.27039,43.03807],[-2.2673,43.03783],[-2.26464,43.03535],[-2.26258,43.03509],[-2.26082,43.03082],[-2.25789,43.03054],[-2.25514,43.02797],[-2.24784,43.02554]]]]}},{"type":"Feature","properties":{"cod":"063","nombre":"Oiartzun","comarca":"Donostialdea","reparto":{"Pasaia":77,"Miramon":23}},"geometry":{"type":"MultiPolygon","coordinates":[[[[-1.82559,43.22825],[-1.82254,43.23137],[-1.82295,43.23279],[-1.82215,43.23291],[-1.82181,43.23387],[-1.82247,43.23588],[-1.82097,43.23725],[-1.8198,43.23735],[-1.81921,43.23901],[-1.81804,43.23895],[-1.81701,43.23797],[-1.8161,43.23913],[-1.81472,43.23862],[-1.81312,43.23885],[-1.8127,43.23953],[-1.80737,43.23917],[-1.80557,43.24021],[-1.80398,43.24456],[-1.79794,43.24513],[-1.79469,43.24673],[-1.79576,43.25368],[-1.79299,43.25638],[-1.794,43.26077],[-1.79523,43.2626],[-1.79518,43.26463],[-1.79128,43.2693],[-1.79338,43.27218],[-1.7942,43.27647],[-1.78678,43.27984],[-1.78321,43.28459],[-1.7836,43.28514],[-1.78283,43.2866],[-1.78823,43.29252],[-1.79483,43.29623],[-1.79905,43.29613],[-1.80113,43.2976],[-1.80823,43.30048],[-1.81314,43.30415],[-1.81422,43.30581],[-1.82014,43.30747],[-1.82833,43.31202],[-1.83316,43.31267],[-1.84019,43.31829],[-1.84369,43.31977],[-1.84969,43.32506],[-1.85211,43.32536],[-1.85582,43.3228],[-1.85911,43.32155],[-1.87118,43.32067],[-1.87312,43.31896],[-1.87696,43.31966],[-1.88337,43.3187],[-1.8887,43.31585],[-1.88951,43.31433],[-1.88931,43.31222],[-1.88554,43.31059],[-1.88221,43.31029],[-1.88249,43.30701],[-1.88595,43.30615],[-1.88632,43.30505],[-1.8853,43.3032],[-1.8869,43.30414],[-1.88756,43.30393],[-1.88792,43.30255],[-1.8917,43.29925],[-1.89311,43.29696],[-1.89734,43.29344],[-1.89703,43.2915],[-1.89453,43.28965],[-1.89563,43.28849],[-1.89371,43.2881],[-1.89214,43.28675],[-1.89203,43.28332],[-1.86732,43.27145],[-1.85953,43.26877],[-1.85871,43.26663],[-1.85729,43.26606],[-1.85695,43.26455],[-1.84933,43.26386],[-1.85083,43.25675],[-1.85085,43.24965],[-1.84926,43.2445],[-1.86051,43.2378],[-1.86271,43.23477],[-1.86567,43.23226],[-1.86813,43.23114],[-1.87206,43.23073],[-1.873,43.23164],[-1.87456,43.23061],[-1.87349,43.22921],[-1.87364,43.22674],[-1.87284,43.22636],[-1.86898,43.23],[-1.86755,43.22997],[-1.86716,43.22614],[-1.86535,43.22474],[-1.86623,43.22392],[-1.86462,43.22212],[-1.8667,43.21812],[-1.86339,43.21609],[-1.86279,43.21426],[-1.86381,43.21266],[-1.862,43.21189],[-1.86043,43.21255],[-1.86069,43.21771],[-1.8577,43.21803],[-1.85935,43.21666],[-1.85725,43.21645],[-1.85572,43.21547],[-1.8543,43.21598],[-1.85463,43.21759],[-1.85748,43.2187],[-1.85574,43.2196],[-1.85384,43.21831],[-1.85285,43.21922],[-1.85344,43.22105],[-1.85052,43.2231],[-1.85071,43.22386],[-1.85242,43.22475],[-1.85273,43.22591],[-1.84999,43.22849],[-1.84857,43.22752],[-1.84981,43.22649],[-1.84981,43.22481],[-1.8473,43.22361],[-1.84504,43.22546],[-1.84191,43.22473],[-1.84101,43.22395],[-1.83607,43.22606],[-1.83535,43.22429],[-1.83448,43.22424],[-1.83389,43.22504],[-1.83491,43.22616],[-1.83455,43.22725],[-1.83522,43.2285],[-1.83437,43.22908],[-1.8323,43.22739],[-1.83031,43.22909],[-1.82757,43.22809],[-1.82559,43.22825]]]]}},{"type":"Feature","properties":{"cod":"064","nombre":"Pasaia","comarca":"Donostialdea","reparto":{"Pasaia":100}},"geometry":{"type":"MultiPolygon","coordinates":[[[[-1.91557,43.31719],[-1.91497,43.31789],[-1.91411,43.31761],[-1.91362,43.31922],[-1.92323,43.3232],[-1.92427,43.32205],[-1.93183,43.32204],[-1.93198,43.3228],[-1.92573,43.32298],[-1.92483,43.3248],[-1.9218,43.32551],[-1.92159,43.32641],[-1.92267,43.32703],[-1.92316,43.32835],[-1.92561,43.32978],[-1.9256,43.33179],[-1.9263,43.33256],[-1.92816,43.33215],[-1.93095,43.33294],[-1.93095,43.33049],[-1.9334,43.33019],[-1.93661,43.32796],[-1.93775,43.32833],[-1.9388,43.32788],[-1.93694,43.32252],[-1.93747,43.32193],[-1.93932,43.32212],[-1.93868,43.32],[-1.92942,43.32155],[-1.92173,43.32142],[-1.92194,43.321],[-1.91937,43.3197],[-1.91858,43.31737],[-1.91879,43.3146],[-1.92096,43.31259],[-1.91862,43.31305],[-1.91657,43.31485],[-1.91674,43.31581],[-1.91557,43.31719]]],[[[-1.91004,43.32323],[-1.90979,43.32736],[-1.90682,43.32822],[-1.90149,43.32824],[-1.90019,43.32915],[-1.89957,43.33146],[-1.89708,43.33155],[-1.89413,43.33282],[-1.8816,43.33494],[-1.85713,43.34334],[-1.86741,43.36258],[-1.87117,43.36797],[-1.87185,43.36434],[-1.87277,43.36355],[-1.87575,43.36284],[-1.87566,43.36159],[-1.87658,43.36146],[-1.87611,43.36112],[-1.87806,43.35653],[-1.88061,43.35276],[-1.88295,43.35105],[-1.88325,43.34959],[-1.88715,43.34899],[-1.88785,43.34804],[-1.89175,43.34625],[-1.89325,43.34624],[-1.89389,43.34509],[-1.89558,43.3453],[-1.89587,43.34465],[-1.89643,43.3439],[-1.90009,43.34329],[-1.89954,43.34293],[-1.90299,43.34141],[-1.90929,43.34035],[-1.91125,43.33853],[-1.9128,43.33871],[-1.91703,43.33661],[-1.92808,43.33575],[-1.92706,43.33572],[-1.92721,43.33507],[-1.92326,43.33324],[-1.92398,43.33278],[-1.92354,43.33032],[-1.92043,43.32724],[-1.91988,43.32549],[-1.917,43.32416],[-1.91643,43.32313],[-1.91258,43.32081],[-1.91201,43.32129],[-1.91156,43.32063],[-1.91038,43.32069],[-1.90975,43.32224],[-1.91107,43.32275],[-1.91004,43.32323]]]]}},{"type":"Feature","properties":{"cod":"065","nombre":"Soraluze-Placencia de las Armas","comarca":"Deba Behea","reparto":{"Altzola":100}},"geometry":{"type":"MultiPolygon","coordinates":[[[[-2.39028,43.16477],[-2.38262,43.16741],[-2.38181,43.16846],[-2.37661,43.16988],[-2.37529,43.17122],[-2.37331,43.17598],[-2.37975,43.18022],[-2.3842,43.18155],[-2.38935,43.18466],[-2.3931,43.18509],[-2.39566,43.18657],[-2.40057,43.18788],[-2.4069,43.19158],[-2.41462,43.19246],[-2.42024,43.19559],[-2.42406,43.19659],[-2.42606,43.19644],[-2.42738,43.19539],[-2.42964,43.19541],[-2.43596,43.19378],[-2.4362,43.18904],[-2.4398,43.18615],[-2.44087,43.18362],[-2.44047,43.18317],[-2.43947,43.18169],[-2.43995,43.17899],[-2.43946,43.1775],[-2.43998,43.17597],[-2.44199,43.17433],[-2.44322,43.17071],[-2.44019,43.16996],[-2.43965,43.16911],[-2.4342,43.16832],[-2.43552,43.1678],[-2.43679,43.16619],[-2.43163,43.16612],[-2.4296,43.16797],[-2.42552,43.16617],[-2.42374,43.16774],[-2.42264,43.16638],[-2.42107,43.16617],[-2.4202,43.16382],[-2.41687,43.16316],[-2.41325,43.16499],[-2.41026,43.16314],[-2.40611,43.16213],[-2.40428,43.16208],[-2.4004,43.16304],[-2.4003,43.16348],[-2.3996,43.16204],[-2.39593,43.16195],[-2.39308,43.16351],[-2.39276,43.16436],[-2.39028,43.16477]]]]}},{"type":"Feature","properties":{"cod":"066","nombre":"Errezil","comarca":"Urola Kosta","reparto":{"Bidania":100}},"geometry":{"type":"MultiPolygon","coordinates":[[[[-2.1783,43.1462],[-2.17205,43.1483],[-2.16681,43.14798],[-2.16441,43.15127],[-2.15654,43.15195],[-2.15497,43.15264],[-2.15226,43.15626],[-2.14995,43.16001],[-2.14787,43.16782],[-2.15302,43.17026],[-2.14754,43.17351],[-2.14967,43.17652],[-2.15344,43.1789],[-2.14829,43.18327],[-2.14905,43.18514],[-2.15127,43.18726],[-2.14831,43.19402],[-2.15201,43.19327],[-2.15567,43.19495],[-2.15869,43.19504],[-2.16565,43.20454],[-2.16949,43.20602],[-2.17263,43.20837],[-2.1777,43.20601],[-2.18047,43.20745],[-2.18152,43.20731],[-2.18195,43.20585],[-2.18421,43.20362],[-2.18675,43.20177],[-2.1907,43.20004],[-2.1923,43.19998],[-2.19444,43.19773],[-2.1988,43.19935],[-2.20563,43.20034],[-2.21364,43.19991],[-2.21516,43.20059],[-2.22041,43.19881],[-2.2281,43.19718],[-2.23089,43.19524],[-2.22739,43.195],[-2.22222,43.19148],[-2.22091,43.1897],[-2.21919,43.18862],[-2.21841,43.18688],[-2.22151,43.18488],[-2.22311,43.18128],[-2.22529,43.18032],[-2.22642,43.17893],[-2.22385,43.17771],[-2.22419,43.17658],[-2.22259,43.17649],[-2.22288,43.17494],[-2.22174,43.17434],[-2.2229,43.17245],[-2.22497,43.17203],[-2.22617,43.17105],[-2.22039,43.16465],[-2.21549,43.16333],[-2.20859,43.15723],[-2.20433,43.15454],[-2.20874,43.15067],[-2.19722,43.15139],[-2.1933,43.1481],[-2.19125,43.1483],[-2.18829,43.15059],[-2.1783,43.1462]]],[[[-2.17219,43.0986],[-2.17223,43.10217],[-2.18035,43.10534],[-2.18248,43.1067],[-2.18216,43.10366],[-2.18059,43.10098],[-2.17236,43.0978],[-2.17219,43.0986]]]]}},{"type":"Feature","properties":{"cod":"067","nombre":"Errenteria","comarca":"Donostialdea","reparto":{"Miramon":82,"Pasaia":18}},"geometry":{"type":"MultiPolygon","coordinates":[[[[-1.87995,43.21204],[-1.87782,43.21069],[-1.87532,43.21036],[-1.87534,43.21336],[-1.87826,43.21365],[-1.87592,43.2158],[-1.87618,43.2172],[-1.87701,43.21731],[-1.87856,43.21473],[-1.87967,43.21439],[-1.88029,43.21501],[-1.87926,43.21711],[-1.88118,43.2181],[-1.87765,43.21889],[-1.87542,43.21821],[-1.87414,43.22014],[-1.87484,43.22055],[-1.8811,43.22051],[-1.88061,43.22178],[-1.87795,43.22336],[-1.8804,43.22532],[-1.87812,43.22738],[-1.88099,43.22807],[-1.8808,43.22966],[-1.87819,43.23013],[-1.87704,43.23204],[-1.87456,43.23061],[-1.873,43.23164],[-1.87206,43.23073],[-1.86813,43.23114],[-1.86599,43.23209],[-1.86271,43.23477],[-1.86051,43.2378],[-1.84926,43.2445],[-1.85085,43.24965],[-1.85083,43.25675],[-1.84933,43.26386],[-1.85695,43.26455],[-1.85729,43.26606],[-1.85871,43.26663],[-1.85953,43.26877],[-1.86732,43.27145],[-1.89203,43.28332],[-1.89214,43.28675],[-1.89371,43.2881],[-1.89563,43.28849],[-1.89453,43.28965],[-1.89703,43.2915],[-1.89734,43.29344],[-1.89311,43.29696],[-1.8917,43.29925],[-1.88792,43.30255],[-1.88756,43.30393],[-1.8869,43.30414],[-1.8853,43.3032],[-1.88622,43.3058],[-1.88558,43.30643],[-1.88249,43.30701],[-1.88221,43.31029],[-1.88554,43.31059],[-1.88931,43.31222],[-1.89071,43.31116],[-1.89345,43.31369],[-1.89748,43.31566],[-1.89859,43.31526],[-1.89972,43.31598],[-1.90016,43.31551],[-1.90339,43.31699],[-1.90327,43.31824],[-1.90159,43.32015],[-1.90259,43.32162],[-1.90369,43.32134],[-1.90366,43.32225],[-1.90452,43.32255],[-1.90783,43.32147],[-1.90977,43.31921],[-1.91359,43.31901],[-1.91411,43.31761],[-1.91497,43.31789],[-1.91562,43.31721],[-1.9139,43.31478],[-1.91681,43.30632],[-1.9151,43.30005],[-1.91366,43.29748],[-1.91563,43.29353],[-1.92058,43.2982],[-1.92543,43.30081],[-1.92625,43.30183],[-1.92852,43.30079],[-1.92934,43.29889],[-1.93218,43.2979],[-1.92575,43.29317],[-1.92222,43.29239],[-1.92089,43.28951],[-1.91754,43.288],[-1.9161,43.28655],[-1.91278,43.2813],[-1.91359,43.27735],[-1.91486,43.27657],[-1.91506,43.27514],[-1.91893,43.27372],[-1.91892,43.27319],[-1.9161,43.27173],[-1.9172,43.27044],[-1.91742,43.2685],[-1.91692,43.26791],[-1.91353,43.26777],[-1.91259,43.26588],[-1.91365,43.26538],[-1.91278,43.26335],[-1.91181,43.26328],[-1.90973,43.26508],[-1.90774,43.26561],[-1.90409,43.26569],[-1.9024,43.2665],[-1.89712,43.26605],[-1.89653,43.26313],[-1.89454,43.26125],[-1.89468,43.25974],[-1.89369,43.2587],[-1.89587,43.25574],[-1.8951,43.25443],[-1.89646,43.25362],[-1.89648,43.25275],[-1.89523,43.25192],[-1.8953,43.25066],[-1.89298,43.25031],[-1.8933,43.24896],[-1.89217,43.24717],[-1.89237,43.24451],[-1.89941,43.24185],[-1.89894,43.23979],[-1.90066,43.23735],[-1.89863,43.23201],[-1.89922,43.22976],[-1.89639,43.2278],[-1.89088,43.22669],[-1.89078,43.22324],[-1.88819,43.22028],[-1.89358,43.21859],[-1.89479,43.21771],[-1.89913,43.2206],[-1.90588,43.22131],[-1.91045,43.22291],[-1.91099,43.22182],[-1.91005,43.22065],[-1.90444,43.21984],[-1.90329,43.21864],[-1.90384,43.21764],[-1.90764,43.21734],[-1.90819,43.21663],[-1.9051,43.21521],[-1.90425,43.21412],[-1.90434,43.21219],[-1.90326,43.21131],[-1.89974,43.21108],[-1.89538,43.20958],[-1.89244,43.2104],[-1.89176,43.20837],[-1.89042,43.20732],[-1.88961,43.20763],[-1.88843,43.21128],[-1.88963,43.21357],[-1.88937,43.21462],[-1.88732,43.21456],[-1.8848,43.21268],[-1.88343,43.21095],[-1.88372,43.20848],[-1.88228,43.20667],[-1.8812,43.2077],[-1.88222,43.20952],[-1.88226,43.21148],[-1.88114,43.21233],[-1.87995,43.21204]]]]}},{"type":"Feature","properties":{"cod":"068","nombre":"Leintz-Gatzaga","comarca":"Deba Garaia","reparto":{"Arrasate":100}},"geometry":{"type":"MultiPolygon","coordinates":[[[[-2.5449,42.95049],[-2.54213,42.95013],[-2.53963,42.95369],[-2.53803,42.95745],[-2.53896,42.96289],[-2.54033,42.96521],[-2.53807,42.9688],[-2.53563,42.97015],[-2.5347,42.97328],[-2.53537,42.97687],[-2.53746,42.98003],[-2.54176,42.98363],[-2.55022,42.98688],[-2.56025,42.99283],[-2.56821,42.99183],[-2.57195,42.9933],[-2.57762,42.99223],[-2.5789,42.99121],[-2.59231,42.9855],[-2.59316,42.9869],[-2.59933,42.98537],[-2.60126,42.98443],[-2.60271,42.98226],[-2.59376,42.97304],[-2.58911,42.97318],[-2.58796,42.97227],[-2.58677,42.96995],[-2.5816,42.96632],[-2.58065,42.96376],[-2.57601,42.96258],[-2.57335,42.96308],[-2.57158,42.96093],[-2.56647,42.96186],[-2.55884,42.96086],[-2.55689,42.95972],[-2.5511,42.95887],[-2.54825,42.95347],[-2.5449,42.95049]]]]}},{"type":"Feature","properties":{"cod":"069","nombre":"San Sebasti�n","comarca":"Donostialdea","reparto":{"Miramon":74,"Pasaia":17,"Zarautz":5,"Zizurkil":3}},"geometry":{"type":"MultiPolygon","coordinates":[[[[-1.95981,43.27505],[-1.95758,43.27702],[-1.95537,43.28326],[-1.95314,43.28446],[-1.95197,43.28635],[-1.94989,43.28572],[-1.9487,43.28744],[-1.94295,43.28967],[-1.94069,43.29167],[-1.94021,43.29259],[-1.94343,43.29388],[-1.94314,43.29608],[-1.94467,43.29833],[-1.94225,43.29969],[-1.94226,43.30183],[-1.94105,43.30262],[-1.93783,43.30272],[-1.93309,43.30161],[-1.93105,43.30348],[-1.92908,43.30244],[-1.92638,43.30199],[-1.92543,43.30081],[-1.92058,43.2982],[-1.91563,43.29353],[-1.91366,43.29748],[-1.9151,43.30005],[-1.91681,43.30632],[-1.9139,43.31478],[-1.91557,43.31719],[-1.91674,43.31581],[-1.91657,43.31485],[-1.91862,43.31305],[-1.92108,43.31266],[-1.91879,43.3146],[-1.91858,43.31737],[-1.91937,43.3197],[-1.92194,43.321],[-1.92173,43.32142],[-1.92942,43.32155],[-1.93868,43.32],[-1.93932,43.32212],[-1.93747,43.32193],[-1.93694,43.32252],[-1.93899,43.3276],[-1.93775,43.32833],[-1.9375,43.32787],[-1.93584,43.32828],[-1.93518,43.32936],[-1.9334,43.33019],[-1.93095,43.33049],[-1.93102,43.33375],[-1.93177,43.33382],[-1.93156,43.33536],[-1.93093,43.33552],[-1.93191,43.33579],[-1.9362,43.33523],[-1.93918,43.33578],[-1.9412,43.33554],[-1.94107,43.33518],[-1.94275,43.33504],[-1.9421,43.33488],[-1.94267,43.33456],[-1.94528,43.33425],[-1.94495,43.33356],[-1.94572,43.33339],[-1.9458,43.33258],[-1.94736,43.3319],[-1.94984,43.33262],[-1.95035,43.33462],[-1.94969,43.33463],[-1.95172,43.33506],[-1.95112,43.33527],[-1.95334,43.33643],[-1.95441,43.33587],[-1.95575,43.33664],[-1.95554,43.33559],[-1.96252,43.33818],[-1.96244,43.3365],[-1.96365,43.33654],[-1.96332,43.33587],[-1.9655,43.33643],[-1.96682,43.33592],[-1.96791,43.33402],[-1.9732,43.3358],[-1.97148,43.33254],[-1.97237,43.33182],[-1.97217,43.33003],[-1.97717,43.32723],[-1.97981,43.32752],[-1.98061,43.32792],[-1.97994,43.32872],[-1.9806,43.32872],[-1.98139,43.32659],[-1.97957,43.32379],[-1.98057,43.32343],[-1.98271,43.32607],[-1.98906,43.32762],[-1.99104,43.3275],[-1.99298,43.32525],[-1.99454,43.3246],[-1.99318,43.32335],[-1.99045,43.32227],[-1.99064,43.32288],[-1.9882,43.32352],[-1.98783,43.3229],[-1.98964,43.32283],[-1.98756,43.32285],[-1.9872,43.32208],[-1.98994,43.32253],[-1.98792,43.32182],[-1.98753,43.31877],[-1.98947,43.31699],[-1.99311,43.31582],[-1.99736,43.31587],[-2.00121,43.31724],[-2.00421,43.31892],[-2.00341,43.32035],[-2.00742,43.32377],[-2.00689,43.32396],[-2.00942,43.3243],[-2.01306,43.32369],[-2.0124,43.32219],[-2.01354,43.32109],[-2.01526,43.32085],[-2.01938,43.32207],[-2.02084,43.32143],[-2.02143,43.3222],[-2.02273,43.32242],[-2.02476,43.32078],[-2.02758,43.32045],[-2.02908,43.32051],[-2.02939,43.32113],[-2.02974,43.32071],[-2.03083,43.32093],[-2.03354,43.31958],[-2.03713,43.31888],[-2.0378,43.31768],[-2.03887,43.31731],[-2.03962,43.31806],[-2.04047,43.31736],[-2.04533,43.31721],[-2.04651,43.31493],[-2.05169,43.31317],[-2.05721,43.31242],[-2.05986,43.31276],[-2.06249,43.31129],[-2.06385,43.31235],[-2.06537,43.31237],[-2.06698,43.31133],[-2.07057,43.31104],[-2.07245,43.30817],[-2.07382,43.30757],[-2.07855,43.30867],[-2.08301,43.30802],[-2.08348,43.30774],[-2.08274,43.30691],[-2.08472,43.3042],[-2.08461,43.30243],[-2.08672,43.30093],[-2.08488,43.29903],[-2.08455,43.29478],[-2.07844,43.29498],[-2.06667,43.29791],[-2.06184,43.29745],[-2.06078,43.29673],[-2.05821,43.29642],[-2.05607,43.29715],[-2.05408,43.29699],[-2.05259,43.2981],[-2.04986,43.29848],[-2.04323,43.29509],[-2.0374,43.29645],[-2.03328,43.29347],[-2.03229,43.29406],[-2.03024,43.29331],[-2.029,43.29394],[-2.02915,43.29208],[-2.02688,43.28902],[-2.0267,43.28625],[-2.02609,43.28563],[-2.02378,43.2857],[-2.0228,43.28329],[-2.02311,43.2821],[-2.02182,43.28041],[-2.01849,43.28034],[-2.01526,43.27862],[-2.009,43.27754],[-2.00733,43.27814],[-2.00358,43.27723],[-2.00104,43.27847],[-2.00161,43.27988],[-1.99978,43.27989],[-1.99744,43.2811],[-1.99522,43.28122],[-1.99342,43.28113],[-1.99469,43.27852],[-1.99113,43.27792],[-1.98922,43.27927],[-1.98936,43.28026],[-1.98667,43.28257],[-1.98409,43.28335],[-1.97469,43.28115],[-1.9707,43.27788],[-1.96687,43.27695],[-1.96766,43.27588],[-1.96434,43.27501],[-1.95981,43.27505]]],[[[-1.99794,43.32257],[-2.00108,43.32195],[-2.00085,43.321],[-2.00195,43.32069],[-2.00119,43.32062],[-1.99989,43.32037],[-1.99729,43.32147],[-1.9969,43.32218],[-1.99794,43.32257]]],[[[-1.89819,43.25112],[-1.8953,43.25066],[-1.89523,43.25192],[-1.89647,43.25273],[-1.89646,43.25362],[-1.89512,43.25439],[-1.89587,43.25574],[-1.89371,43.25803],[-1.89468,43.25974],[-1.89454,43.26125],[-1.89652,43.26311],[-1.89691,43.26519],[-1.89719,43.26612],[-1.89881,43.26652],[-1.90009,43.26612],[-1.90242,43.2665],[-1.90681,43.26533],[-1.90774,43.26561],[-1.90973,43.26508],[-1.91181,43.26328],[-1.91367,43.26318],[-1.91382,43.26186],[-1.91572,43.26182],[-1.91978,43.25932],[-1.91522,43.25339],[-1.9055,43.25656],[-1.9045,43.25502],[-1.90405,43.25115],[-1.90212,43.24998],[-1.90077,43.25052],[-1.90082,43.25185],[-1.89819,43.25112]]],[[[-1.89493,43.21791],[-1.88819,43.22028],[-1.89078,43.22324],[-1.89088,43.22669],[-1.8952,43.2274],[-1.89904,43.22937],[-1.89874,43.23257],[-1.90066,43.23735],[-1.90259,43.23657],[-1.90463,43.2368],[-1.90993,43.23558],[-1.90849,43.23376],[-1.90887,43.23155],[-1.9106,43.23077],[-1.91194,43.22885],[-1.90862,43.22486],[-1.90862,43.22375],[-1.90979,43.22281],[-1.90588,43.22131],[-1.89969,43.22079],[-1.89493,43.21791]]],[[[-2.04168,43.24114],[-2.04202,43.2463],[-2.04008,43.24606],[-2.03967,43.24512],[-2.03788,43.24573],[-2.03612,43.24387],[-2.03369,43.24321],[-2.03218,43.24203],[-2.03024,43.24224],[-2.02911,43.24127],[-2.02134,43.24757],[-2.01957,43.26027],[-2.02207,43.26685],[-2.02466,43.26956],[-2.02687,43.27086],[-2.02731,43.27243],[-2.02963,43.27407],[-2.03272,43.27456],[-2.03319,43.27146],[-2.03506,43.27232],[-2.03567,43.2743],[-2.03886,43.27272],[-2.03757,43.27182],[-2.03603,43.27263],[-2.03526,43.27149],[-2.03796,43.26857],[-2.03519,43.26586],[-2.03405,43.26587],[-2.03387,43.2646],[-2.03495,43.26464],[-2.03501,43.26392],[-2.03265,43.26173],[-2.03607,43.26031],[-2.04061,43.26357],[-2.03965,43.2646],[-2.04065,43.26612],[-2.04115,43.2658],[-2.04263,43.26646],[-2.04327,43.26483],[-2.04447,43.26584],[-2.04628,43.26399],[-2.04453,43.26369],[-2.04474,43.26335],[-2.04714,43.26234],[-2.05049,43.26195],[-2.05059,43.25934],[-2.05411,43.25344],[-2.05618,43.25058],[-2.05971,43.24911],[-2.06151,43.249],[-2.0612,43.24826],[-2.05704,43.24802],[-2.05757,43.24689],[-2.05526,43.24458],[-2.05293,43.24345],[-2.05005,43.24376],[-2.04868,43.245],[-2.047,43.24507],[-2.04168,43.24114]],[[-2.03,43.26826],[-2.03231,43.26847],[-2.03348,43.26972],[-2.03225,43.27043],[-2.03043,43.26931],[-2.03,43.26826]],[[-2.03267,43.27169],[-2.03267,43.27151],[-2.03267,43.27169]],[[-2.03245,43.27096],[-2.0331,43.27144],[-2.0323,43.27133],[-2.03091,43.27091],[-2.03232,43.27057],[-2.03245,43.27096]]]]}},{"type":"Feature","properties":{"cod":"070","nombre":"Segura","comarca":"Goierri","reparto":{"Zegama":92,"Ordizia":8}},"geometry":{"type":"MultiPolygon","coordinates":[[[[-2.26149,42.96969],[-2.25854,42.97171],[-2.25574,42.97243],[-2.25363,42.97507],[-2.25235,42.98167],[-2.24693,42.98542],[-2.24445,42.98954],[-2.24437,42.99536],[-2.24679,42.9956],[-2.24624,42.99722],[-2.24721,42.99994],[-2.24438,43.00733],[-2.24464,43.01158],[-2.24574,43.0133],[-2.24657,43.01334],[-2.24674,43.01475],[-2.24972,43.0168],[-2.24775,43.02085],[-2.24885,43.02094],[-2.25046,43.0201],[-2.25265,43.02047],[-2.25348,43.0199],[-2.25895,43.02046],[-2.261,43.01797],[-2.25842,43.01767],[-2.25674,43.01587],[-2.25979,43.01239],[-2.2592,43.01043],[-2.25788,43.01014],[-2.25886,43.0092],[-2.26313,43.0068],[-2.26417,43.0077],[-2.26526,43.00777],[-2.2709,43.00617],[-2.27445,43.00603],[-2.2794,43.00492],[-2.28261,42.99628],[-2.27847,42.99482],[-2.27674,42.99488],[-2.27187,42.99351],[-2.27023,42.98973],[-2.26916,42.98438],[-2.2693,42.98075],[-2.26624,42.97717],[-2.26556,42.97431],[-2.26268,42.96889],[-2.26149,42.96969]]]]}},{"type":"Feature","properties":{"cod":"071","nombre":"Tolosa","comarca":"Tolosaldea","reparto":{"Bidania":50,"Berastegi":32,"Zizurkil":16,"Ordizia":2}},"geometry":{"type":"MultiPolygon","coordinates":[[[[-2.13352,43.09502],[-2.13022,43.09515],[-2.12758,43.09576],[-2.12643,43.09675],[-2.12385,43.09699],[-2.11994,43.09645],[-2.11853,43.09503],[-2.11742,43.09486],[-2.1131,43.09668],[-2.11468,43.09826],[-2.1175,43.09918],[-2.11843,43.10197],[-2.1202,43.10342],[-2.12337,43.1086],[-2.12537,43.11563],[-2.11587,43.11554],[-2.11249,43.11651],[-2.10649,43.11675],[-2.10116,43.11382],[-2.09436,43.1134],[-2.08951,43.11225],[-2.08924,43.11315],[-2.0862,43.11357],[-2.08119,43.11142],[-2.07868,43.11333],[-2.07711,43.11294],[-2.07485,43.11347],[-2.07533,43.11412],[-2.07379,43.11672],[-2.07743,43.11819],[-2.06976,43.11878],[-2.06746,43.11773],[-2.06597,43.11925],[-2.06582,43.12207],[-2.06804,43.1245],[-2.06849,43.12652],[-2.06854,43.12824],[-2.06711,43.13043],[-2.06823,43.1318],[-2.06992,43.13211],[-2.07107,43.13373],[-2.06695,43.13983],[-2.06478,43.13879],[-2.05563,43.14891],[-2.05224,43.15064],[-2.04063,43.15433],[-2.03003,43.15695],[-2.03127,43.16013],[-2.03779,43.1591],[-2.04496,43.15953],[-2.04804,43.15855],[-2.04979,43.15933],[-2.05764,43.15849],[-2.06055,43.15928],[-2.06248,43.15914],[-2.06592,43.15704],[-2.06668,43.15755],[-2.07174,43.1504],[-2.08483,43.14818],[-2.08844,43.14628],[-2.08997,43.1462],[-2.0952,43.14898],[-2.09791,43.14829],[-2.10127,43.14892],[-2.10414,43.14844],[-2.10925,43.14998],[-2.11733,43.15066],[-2.12131,43.15206],[-2.12084,43.15616],[-2.12343,43.15642],[-2.12359,43.15055],[-2.1227,43.14831],[-2.1118,43.13869],[-2.11503,43.13488],[-2.11462,43.13071],[-2.11271,43.12654],[-2.1129,43.12516],[-2.1173,43.12581],[-2.11721,43.12428],[-2.12097,43.12483],[-2.12638,43.12056],[-2.12605,43.11901],[-2.12767,43.11587],[-2.13333,43.11746],[-2.14126,43.11758],[-2.15426,43.11227],[-2.15845,43.11203],[-2.1613,43.10888],[-2.16071,43.10666],[-2.15696,43.10463],[-2.15702,43.10282],[-2.15577,43.10108],[-2.14914,43.0995],[-2.1434,43.09937],[-2.14093,43.09796],[-2.13678,43.09762],[-2.13352,43.09502]]],[[[-2.04094,43.0297],[-2.03148,43.03187],[-2.03056,43.03649],[-2.02818,43.03834],[-2.02556,43.0424],[-2.0206,43.04765],[-2.01858,43.05318],[-2.01978,43.05701],[-2.01959,43.05892],[-2.02115,43.06032],[-2.02248,43.06516],[-2.0324,43.07292],[-2.03515,43.07436],[-2.03978,43.07579],[-2.04158,43.07447],[-2.04579,43.07293],[-2.05109,43.07411],[-2.05196,43.07461],[-2.05258,43.07652],[-2.05505,43.07821],[-2.05608,43.08019],[-2.05968,43.08155],[-2.0597,43.08328],[-2.06083,43.08331],[-2.06287,43.08573],[-2.07038,43.08827],[-2.07132,43.08727],[-2.07048,43.08297],[-2.06772,43.07897],[-2.06811,43.07497],[-2.07046,43.07197],[-2.07248,43.06925],[-2.07217,43.06784],[-2.07555,43.06388],[-2.07511,43.06348],[-2.07026,43.06178],[-2.06652,43.06194],[-2.06243,43.06124],[-2.05844,43.06153],[-2.05441,43.06049],[-2.05133,43.0608],[-2.04348,43.0597],[-2.04388,43.0581],[-2.04284,43.05448],[-2.04302,43.05369],[-2.04455,43.05278],[-2.04323,43.04689],[-2.04482,43.04258],[-2.04236,43.04092],[-2.04094,43.0297]]],[[[-2.01018,43.16071],[-2.00925,43.16229],[-2.01371,43.16311],[-2.01608,43.16087],[-2.01875,43.15981],[-2.02269,43.15945],[-2.02482,43.16055],[-2.0253,43.15825],[-2.01018,43.16071]]]]}},{"type":"Feature","properties":{"cod":"072","nombre":"Urnieta","comarca":"Donostialdea","reparto":{"Miramon":77,"Zizurkil":14,"Berastegi":9}},"geometry":{"type":"MultiPolygon","coordinates":[[[[-1.95838,43.18925],[-1.9457,43.1933],[-1.94439,43.19472],[-1.94393,43.19813],[-1.94298,43.19946],[-1.9438,43.20184],[-1.94267,43.20256],[-1.9428,43.20339],[-1.94052,43.20459],[-1.94171,43.20662],[-1.9413,43.2087],[-1.94215,43.21008],[-1.95175,43.21423],[-1.95012,43.21703],[-1.94898,43.21779],[-1.93855,43.2193],[-1.93302,43.22385],[-1.93112,43.22352],[-1.93014,43.22226],[-1.92682,43.22343],[-1.93014,43.2238],[-1.93289,43.22668],[-1.93391,43.22627],[-1.93389,43.22691],[-1.94162,43.22906],[-1.94261,43.22757],[-1.94649,43.22834],[-1.95127,43.23271],[-1.96335,43.24051],[-1.96205,43.24209],[-1.96226,43.24323],[-1.96514,43.24332],[-1.96713,43.24609],[-1.96813,43.24532],[-1.9741,43.24553],[-1.97589,43.24746],[-1.97596,43.24939],[-1.97649,43.24931],[-1.97731,43.25131],[-1.97707,43.25421],[-1.9783,43.25701],[-1.97735,43.25833],[-1.97819,43.25879],[-1.9805,43.25902],[-1.9842,43.25776],[-1.99033,43.26016],[-2.0,43.26102],[-2.00058,43.25856],[-2.00524,43.25725],[-2.00296,43.25203],[-2.00502,43.24787],[-2.00998,43.24334],[-2.00324,43.23504],[-1.99735,43.22948],[-1.99591,43.22689],[-1.99068,43.22277],[-1.97565,43.21347],[-1.9765,43.21105],[-1.97613,43.21044],[-1.97518,43.21045],[-1.97568,43.20819],[-1.97491,43.206],[-1.97281,43.20356],[-1.96984,43.20163],[-1.96416,43.19907],[-1.96688,43.19532],[-1.96371,43.19228],[-1.95838,43.18925]]]]}},{"type":"Feature","properties":{"cod":"073","nombre":"Usurbil","comarca":"Donostialdea","reparto":{"Zarautz":48,"Miramon":38,"Zizurkil":14}},"geometry":{"type":"MultiPolygon","coordinates":[[[[-2.06642,43.23921],[-2.06506,43.24225],[-2.06355,43.24328],[-2.0597,43.24354],[-2.05779,43.24543],[-2.0563,43.24594],[-2.05757,43.24689],[-2.05704,43.24802],[-2.0612,43.24826],[-2.06151,43.249],[-2.05971,43.24911],[-2.05618,43.25058],[-2.05459,43.25207],[-2.05281,43.25645],[-2.05059,43.25934],[-2.05048,43.26196],[-2.04714,43.26234],[-2.04474,43.26335],[-2.04453,43.26369],[-2.04628,43.26399],[-2.04447,43.26584],[-2.04327,43.26483],[-2.04263,43.26646],[-2.04115,43.2658],[-2.04065,43.26612],[-2.03965,43.2646],[-2.04061,43.26357],[-2.03607,43.26031],[-2.03265,43.26173],[-2.03501,43.26392],[-2.03495,43.26464],[-2.03387,43.2646],[-2.03405,43.26587],[-2.03519,43.26586],[-2.03796,43.26857],[-2.03526,43.27149],[-2.03603,43.27263],[-2.03757,43.27182],[-2.03886,43.27272],[-2.03567,43.2743],[-2.03506,43.27232],[-2.03319,43.27146],[-2.03272,43.27456],[-2.02963,43.27407],[-2.02766,43.27273],[-2.02239,43.27279],[-2.02231,43.27451],[-2.01919,43.27486],[-2.01725,43.27696],[-2.01737,43.27977],[-2.01849,43.28034],[-2.02182,43.28041],[-2.02311,43.2821],[-2.0228,43.28329],[-2.02378,43.2857],[-2.02609,43.28563],[-2.0267,43.28625],[-2.02688,43.28902],[-2.02915,43.29208],[-2.029,43.29394],[-2.03024,43.29331],[-2.03229,43.29406],[-2.03328,43.29347],[-2.0374,43.29645],[-2.04323,43.29509],[-2.05019,43.29852],[-2.05259,43.2981],[-2.05408,43.29699],[-2.05607,43.29715],[-2.05807,43.29643],[-2.06078,43.29673],[-2.06184,43.29745],[-2.06664,43.29791],[-2.07844,43.29498],[-2.08455,43.29478],[-2.08681,43.29368],[-2.09015,43.29016],[-2.08927,43.2877],[-2.09001,43.28678],[-2.09108,43.28682],[-2.09494,43.28484],[-2.09351,43.28096],[-2.09625,43.27788],[-2.09585,43.27574],[-2.09255,43.27151],[-2.09357,43.26968],[-2.09203,43.26759],[-2.09206,43.2659],[-2.0936,43.26405],[-2.09308,43.25916],[-2.08966,43.25547],[-2.0884,43.25518],[-2.08694,43.25266],[-2.08499,43.25103],[-2.08596,43.24969],[-2.08583,43.24832],[-2.08424,43.24636],[-2.08519,43.24556],[-2.08452,43.24425],[-2.08528,43.24351],[-2.08358,43.24264],[-2.07866,43.24266],[-2.07681,43.24116],[-2.07331,43.23984],[-2.06642,43.23921]]],[[[-2.03232,43.27057],[-2.03091,43.27091],[-2.0323,43.27133],[-2.0331,43.27144],[-2.03232,43.27057]]],[[[-2.02986,43.26798],[-2.03037,43.2694],[-2.03225,43.27043],[-2.03348,43.26972],[-2.03231,43.26847],[-2.0313,43.26865],[-2.02986,43.26798]]],[[[-2.03274,43.27166],[-2.03264,43.27152],[-2.03274,43.27166]]]]}},{"type":"Feature","properties":{"cod":"074","nombre":"Bergara","comarca":"Deba Garaia","reparto":{"Arrasate":75,"Altzola":25}},"geometry":{"type":"MultiPolygon","coordinates":[[[[-2.41799,43.07373],[-2.41407,43.07305],[-2.41041,43.07572],[-2.40704,43.07718],[-2.40775,43.08066],[-2.40659,43.08298],[-2.40767,43.08489],[-2.40715,43.08661],[-2.40822,43.08893],[-2.40291,43.09839],[-2.40456,43.10054],[-2.40363,43.1021],[-2.4036,43.10759],[-2.40095,43.10804],[-2.40041,43.10911],[-2.40284,43.11213],[-2.39715,43.11837],[-2.39307,43.11907],[-2.38831,43.12581],[-2.37817,43.12728],[-2.37736,43.12793],[-2.36849,43.12693],[-2.36445,43.12422],[-2.36142,43.12426],[-2.35932,43.12353],[-2.35808,43.12363],[-2.3562,43.12509],[-2.35207,43.12568],[-2.35001,43.12703],[-2.35089,43.12866],[-2.35061,43.13002],[-2.35166,43.13061],[-2.3511,43.13156],[-2.35178,43.1328],[-2.35929,43.13272],[-2.35821,43.13827],[-2.36527,43.1425],[-2.36604,43.14914],[-2.36297,43.15045],[-2.36182,43.15227],[-2.36463,43.15782],[-2.36427,43.15986],[-2.36083,43.16513],[-2.36215,43.16636],[-2.36519,43.16942],[-2.3667,43.17554],[-2.3675,43.17667],[-2.36892,43.17677],[-2.37331,43.17598],[-2.37529,43.17122],[-2.37661,43.16988],[-2.38181,43.16846],[-2.38262,43.16741],[-2.39028,43.16477],[-2.39276,43.16436],[-2.39308,43.16351],[-2.39648,43.1619],[-2.3996,43.16204],[-2.4003,43.16348],[-2.4004,43.16304],[-2.40428,43.16208],[-2.40611,43.16213],[-2.41026,43.16314],[-2.41325,43.16499],[-2.41687,43.16316],[-2.4185,43.16344],[-2.4202,43.16382],[-2.42107,43.16617],[-2.42264,43.16638],[-2.42374,43.16774],[-2.42552,43.16617],[-2.4296,43.16797],[-2.43163,43.16612],[-2.43679,43.16619],[-2.43552,43.1678],[-2.4342,43.16832],[-2.43485,43.16861],[-2.43965,43.16911],[-2.44019,43.16996],[-2.44318,43.17068],[-2.44352,43.16996],[-2.45129,43.17079],[-2.45936,43.16409],[-2.45896,43.15882],[-2.45547,43.1572],[-2.45479,43.1514],[-2.46431,43.14131],[-2.46622,43.14105],[-2.46386,43.13491],[-2.47261,43.12174],[-2.49631,43.12339],[-2.50107,43.11898],[-2.50474,43.09661],[-2.50071,43.09626],[-2.50181,43.09499],[-2.49966,43.09379],[-2.49573,43.09212],[-2.49124,43.09296],[-2.48915,43.09398],[-2.48733,43.09378],[-2.48432,43.09491],[-2.47722,43.09417],[-2.47364,43.09229],[-2.47222,43.08909],[-2.47033,43.08777],[-2.47075,43.08674],[-2.47003,43.08528],[-2.46613,43.08172],[-2.46621,43.08104],[-2.46491,43.08003],[-2.46513,43.07815],[-2.46212,43.07542],[-2.46105,43.07587],[-2.46075,43.07739],[-2.45766,43.07732],[-2.45665,43.07869],[-2.4546,43.07819],[-2.45155,43.08061],[-2.44918,43.07973],[-2.44654,43.08238],[-2.44715,43.08035],[-2.44209,43.07912],[-2.43879,43.07941],[-2.43514,43.07823],[-2.43168,43.07574],[-2.42297,43.07674],[-2.42003,43.07573],[-2.41799,43.07373]]]]}},{"type":"Feature","properties":{"cod":"075","nombre":"Villabona","comarca":"Tolosaldea","reparto":{"Zizurkil":99,"Berastegi":1}},"geometry":{"type":"MultiPolygon","coordinates":[[[[-2.04078,43.15937],[-2.03779,43.1591],[-2.03127,43.16013],[-2.02709,43.16242],[-2.02561,43.16092],[-2.02269,43.15945],[-2.01683,43.16051],[-2.01371,43.16311],[-2.00925,43.16229],[-2.00776,43.16502],[-2.003,43.16751],[-2.00332,43.17214],[-2.00493,43.17392],[-2.00478,43.17502],[-2.00278,43.17699],[-1.99817,43.17866],[-1.99624,43.18083],[-1.99425,43.18101],[-1.9966,43.18406],[-1.99609,43.18624],[-1.99663,43.18685],[-1.99813,43.18705],[-2.00222,43.18587],[-2.00614,43.18802],[-2.00685,43.18895],[-2.0059,43.18999],[-2.0062,43.19162],[-2.00874,43.19285],[-2.01207,43.19768],[-2.01327,43.19832],[-2.01929,43.1951],[-2.02269,43.19595],[-2.02421,43.19886],[-2.02683,43.20025],[-2.02831,43.20038],[-2.03007,43.20069],[-2.03326,43.19952],[-2.03585,43.20164],[-2.03776,43.20174],[-2.03897,43.20246],[-2.04095,43.20028],[-2.04125,43.19783],[-2.04219,43.19695],[-2.04849,43.19658],[-2.05193,43.19802],[-2.05506,43.19521],[-2.05344,43.19134],[-2.05452,43.1865],[-2.05714,43.18713],[-2.05958,43.18654],[-2.06332,43.18721],[-2.06509,43.18601],[-2.06708,43.18659],[-2.06692,43.18551],[-2.06896,43.18463],[-2.07148,43.18125],[-2.07365,43.18058],[-2.0699,43.17752],[-2.06431,43.17881],[-2.05512,43.17589],[-2.05227,43.17197],[-2.04561,43.16576],[-2.04078,43.15937]]]]}},{"type":"Feature","properties":{"cod":"076","nombre":"Ordizia","comarca":"Goierri","reparto":{"Ordizia":100}},"geometry":{"type":"MultiPolygon","coordinates":[[[[-2.17479,43.03872],[-2.17098,43.03997],[-2.16722,43.04402],[-2.16757,43.04463],[-2.16594,43.0476],[-2.16179,43.05059],[-2.16297,43.05315],[-2.16661,43.05561],[-2.16996,43.05565],[-2.17101,43.0566],[-2.171,43.0573],[-2.1698,43.05705],[-2.16973,43.05992],[-2.17087,43.06152],[-2.17253,43.06243],[-2.17455,43.06056],[-2.17685,43.06045],[-2.17845,43.06123],[-2.17985,43.06505],[-2.18204,43.06829],[-2.18247,43.07298],[-2.18559,43.07681],[-2.18999,43.08035],[-2.20656,43.08454],[-2.20627,43.08315],[-2.2004,43.07846],[-2.20051,43.07776],[-2.19891,43.07676],[-2.1925,43.07449],[-2.19091,43.07211],[-2.19099,43.06957],[-2.19005,43.06808],[-2.19163,43.0669],[-2.19029,43.06585],[-2.19072,43.06398],[-2.18943,43.06148],[-2.19037,43.06125],[-2.19041,43.0601],[-2.18812,43.05805],[-2.18811,43.0565],[-2.18722,43.05544],[-2.18555,43.04402],[-2.17828,43.0426],[-2.17638,43.03968],[-2.17479,43.03872]]]]}},{"type":"Feature","properties":{"cod":"077","nombre":"Urretxu","comarca":"Goierri","reparto":{"Arrasate":52,"Ordizia":48}},"geometry":{"type":"MultiPolygon","coordinates":[[[[-2.33732,43.11191],[-2.3433,43.108],[-2.34646,43.10332],[-2.34352,43.10113],[-2.34606,43.09976],[-2.34975,43.08796],[-2.34482,43.08762],[-2.34423,43.08688],[-2.33872,43.08526],[-2.33625,43.08421],[-2.33261,43.08073],[-2.3301,43.07937],[-2.32718,43.0783],[-2.325,43.07822],[-2.32086,43.08783],[-2.31882,43.0892],[-2.31658,43.08943],[-2.31364,43.09142],[-2.3122,43.09422],[-2.31223,43.09486],[-2.31378,43.09517],[-2.31454,43.09671],[-2.31697,43.09821],[-2.31785,43.09962],[-2.31757,43.10183],[-2.31606,43.10403],[-2.31781,43.10518],[-2.31679,43.10829],[-2.32021,43.10851],[-2.32283,43.11127],[-2.32392,43.11363],[-2.32485,43.11356],[-2.3259,43.1115],[-2.32732,43.11189],[-2.32742,43.11377],[-2.33115,43.11445],[-2.33223,43.11402],[-2.33355,43.11127],[-2.33732,43.11191]]]]}},{"type":"Feature","properties":{"cod":"078","nombre":"Zaldibia","comarca":"Goierri","reparto":{"Ordizia":100}},"geometry":{"type":"MultiPolygon","coordinates":[[[[-2.12125,42.98987],[-2.11531,42.99053],[-2.11562,42.99426],[-2.11461,42.99996],[-2.11028,43.00989],[-2.11601,43.01552],[-2.11931,43.02205],[-2.11866,43.03023],[-2.11535,43.03108],[-2.11368,43.03249],[-2.11993,43.03827],[-2.12256,43.04191],[-2.12409,43.04157],[-2.12514,43.04251],[-2.12891,43.04331],[-2.13221,43.04297],[-2.13447,43.04337],[-2.14054,43.04104],[-2.14165,43.04132],[-2.14606,43.0469],[-2.14891,43.05271],[-2.15056,43.05327],[-2.15013,43.05492],[-2.15155,43.05626],[-2.15359,43.05507],[-2.15645,43.05469],[-2.15797,43.05331],[-2.16093,43.05252],[-2.16157,43.05331],[-2.16287,43.05288],[-2.16179,43.05059],[-2.16594,43.0476],[-2.16757,43.04463],[-2.16722,43.04402],[-2.16876,43.04257],[-2.1676,43.03998],[-2.16649,43.0405],[-2.16378,43.03805],[-2.16228,43.0384],[-2.1612,43.03575],[-2.15927,43.03507],[-2.15885,43.03299],[-2.16031,43.03265],[-2.16019,43.03153],[-2.15962,43.03024],[-2.15774,43.02992],[-2.15618,43.02929],[-2.15605,43.02429],[-2.15411,43.02169],[-2.15884,43.02091],[-2.15859,43.0199],[-2.16171,43.01898],[-2.15411,43.01609],[-2.15409,43.01524],[-2.15299,43.01571],[-2.15352,43.01748],[-2.15151,43.01772],[-2.15006,43.01898],[-2.14787,43.01493],[-2.14699,43.01595],[-2.14642,43.01475],[-2.14345,43.01292],[-2.14169,43.01297],[-2.14193,43.011],[-2.14071,43.01032],[-2.14468,43.00556],[-2.14073,43.00475],[-2.13543,43.00827],[-2.13535,43.00728],[-2.13637,43.00646],[-2.13246,43.00612],[-2.13283,43.00523],[-2.13219,43.00462],[-2.13077,43.00411],[-2.12707,43.00465],[-2.1268,43.00396],[-2.12589,43.00429],[-2.1247,43.00385],[-2.1265,43.00177],[-2.12548,43.00014],[-2.11951,43.00024],[-2.11633,42.99428],[-2.12263,42.99269],[-2.12125,42.98987]]],[[[-2.12557,42.99596],[-2.12437,42.9956],[-2.12448,42.99878],[-2.12548,43.00014],[-2.1334,43.00209],[-2.13932,43.00459],[-2.14078,43.00474],[-2.142,43.0024],[-2.14203,42.99958],[-2.13792,42.99929],[-2.13444,42.99709],[-2.12557,42.99596]]],[[[-2.13319,42.98636],[-2.12991,42.98566],[-2.12879,42.98562],[-2.12821,42.99065],[-2.13228,42.99282],[-2.1337,42.99311],[-2.1319,42.99151],[-2.13319,42.98636]]]]}},{"type":"Feature","properties":{"cod":"079","nombre":"Zarautz","comarca":"Urola Kosta","reparto":{"Zarautz":100}},"geometry":{"type":"MultiPolygon","coordinates":[[[[-2.18205,43.24359],[-2.179,43.24395],[-2.17539,43.24892],[-2.16968,43.25495],[-2.16726,43.25701],[-2.1642,43.25787],[-2.1599,43.26019],[-2.16001,43.26206],[-2.15102,43.26276],[-2.14847,43.2622],[-2.14705,43.26344],[-2.14388,43.26652],[-2.14241,43.2724],[-2.14167,43.27303],[-2.14212,43.27608],[-2.1442,43.27826],[-2.14135,43.27962],[-2.14454,43.28098],[-2.14318,43.28212],[-2.1437,43.28976],[-2.14166,43.29132],[-2.1422,43.29341],[-2.14374,43.29258],[-2.14538,43.29282],[-2.14811,43.29415],[-2.1495,43.29603],[-2.15012,43.29569],[-2.15002,43.29447],[-2.15371,43.29322],[-2.1538,43.2914],[-2.15302,43.29076],[-2.1555,43.29275],[-2.15957,43.29127],[-2.1742,43.28922],[-2.17824,43.2899],[-2.17881,43.29144],[-2.18323,43.2942],[-2.18375,43.29492],[-2.18677,43.29298],[-2.18767,43.29291],[-2.18745,43.29359],[-2.18931,43.29247],[-2.18932,43.28661],[-2.19234,43.28487],[-2.19391,43.28269],[-2.19594,43.28186],[-2.19466,43.28121],[-2.19358,43.28138],[-2.19461,43.27869],[-2.19367,43.27588],[-2.19053,43.27445],[-2.19083,43.27197],[-2.1864,43.27141],[-2.18648,43.2707],[-2.18544,43.27239],[-2.18347,43.27241],[-2.18339,43.27347],[-2.18108,43.27117],[-2.18136,43.27029],[-2.18032,43.26876],[-2.18058,43.26574],[-2.17838,43.26168],[-2.18538,43.25031],[-2.18165,43.24736],[-2.18957,43.24414],[-2.18946,43.24342],[-2.18636,43.24269],[-2.18205,43.24359]]],[[[-2.20256,43.27035],[-2.20204,43.27],[-2.19874,43.27352],[-2.20572,43.27281],[-2.20667,43.26934],[-2.20472,43.26862],[-2.20256,43.27035]]],[[[-2.19874,43.27352],[-2.19622,43.27371],[-2.19655,43.27442],[-2.19874,43.27352]]],[[[-2.19786,43.25751],[-2.19919,43.26178],[-2.20152,43.26575],[-2.20233,43.26571],[-2.20701,43.2625],[-2.20347,43.25738],[-2.19786,43.25751]]],[[[-2.18922,43.26982],[-2.18839,43.27013],[-2.1894,43.27008],[-2.19017,43.27102],[-2.19233,43.27074],[-2.19389,43.27167],[-2.19356,43.27204],[-2.19499,43.27188],[-2.19732,43.27147],[-2.19822,43.27002],[-2.19545,43.26888],[-2.19441,43.26932],[-2.1912,43.26908],[-2.18922,43.26982]]],[[[-2.1497,43.29627],[-2.15078,43.29737],[-2.15055,43.29672],[-2.1497,43.29627]]]]}},{"type":"Feature","properties":{"cod":"080","nombre":"Zumarraga","comarca":"Goierri","reparto":{"Ordizia":67,"Bidania":25,"Arrasate":5,"Altzola":3}},"geometry":{"type":"MultiPolygon","coordinates":[[[[-2.32102,43.06538],[-2.30655,43.06696],[-2.2997,43.07835],[-2.29874,43.07848],[-2.2979,43.0797],[-2.29736,43.07934],[-2.29676,43.08031],[-2.2965,43.08605],[-2.29116,43.0897],[-2.29028,43.09106],[-2.29019,43.09364],[-2.28828,43.09536],[-2.2883,43.09909],[-2.28735,43.10044],[-2.28235,43.10395],[-2.28044,43.10671],[-2.28321,43.10721],[-2.28709,43.11114],[-2.28713,43.11487],[-2.28955,43.11819],[-2.29087,43.11938],[-2.29286,43.11983],[-2.29599,43.1234],[-2.30022,43.12644],[-2.30392,43.12752],[-2.30483,43.13058],[-2.30662,43.13119],[-2.31912,43.13074],[-2.31971,43.13155],[-2.3218,43.13197],[-2.33041,43.12936],[-2.33401,43.12562],[-2.33677,43.12071],[-2.34197,43.11991],[-2.34348,43.11809],[-2.34146,43.11719],[-2.34224,43.11481],[-2.34174,43.11406],[-2.33865,43.11406],[-2.33754,43.11196],[-2.33552,43.11191],[-2.33427,43.11123],[-2.33304,43.11168],[-2.33167,43.11443],[-2.32742,43.11377],[-2.32732,43.11189],[-2.32639,43.11151],[-2.32545,43.11167],[-2.32473,43.11367],[-2.32392,43.11363],[-2.32283,43.11127],[-2.32021,43.10851],[-2.31679,43.10829],[-2.31781,43.10518],[-2.31606,43.10403],[-2.31757,43.10183],[-2.31785,43.09962],[-2.31697,43.09821],[-2.31454,43.09671],[-2.31378,43.09517],[-2.31215,43.09476],[-2.31359,43.09146],[-2.31658,43.08943],[-2.31882,43.0892],[-2.32086,43.08783],[-2.32346,43.08299],[-2.3242,43.0791],[-2.33038,43.07242],[-2.32755,43.06959],[-2.32199,43.06666],[-2.32102,43.06538]]]]}},{"type":"Feature","properties":{"cod":"081","nombre":"Zumaia","comarca":"Urola Kosta","reparto":{"Zarautz":89,"Mutriku":11}},"geometry":{"type":"MultiPolygon","coordinates":[[[[-2.25329,43.26813],[-2.2525,43.27],[-2.25044,43.27094],[-2.24998,43.26993],[-2.2467,43.27001],[-2.24181,43.27375],[-2.23762,43.27518],[-2.23326,43.27582],[-2.23196,43.27532],[-2.2318,43.27416],[-2.22892,43.27261],[-2.22901,43.27158],[-2.22587,43.27026],[-2.2207,43.27201],[-2.2162,43.27229],[-2.21544,43.27176],[-2.21226,43.27263],[-2.20985,43.2719],[-2.20713,43.27293],[-2.2111,43.27495],[-2.21326,43.27422],[-2.21362,43.27457],[-2.21373,43.2788],[-2.21234,43.28099],[-2.21294,43.28257],[-2.21625,43.28355],[-2.21825,43.28591],[-2.22231,43.28609],[-2.22362,43.28832],[-2.22815,43.29057],[-2.24227,43.29539],[-2.24651,43.2989],[-2.246,43.29972],[-2.24676,43.30089],[-2.24561,43.30309],[-2.24728,43.30379],[-2.2469,43.30457],[-2.24851,43.30242],[-2.25305,43.29927],[-2.2506,43.29699],[-2.25151,43.29631],[-2.25244,43.29697],[-2.2535,43.29623],[-2.25431,43.29694],[-2.2535,43.29844],[-2.25428,43.29776],[-2.25481,43.29618],[-2.25213,43.29473],[-2.25302,43.29427],[-2.25449,43.29473],[-2.25654,43.29628],[-2.25395,43.29922],[-2.24593,43.3056],[-2.24655,43.30602],[-2.24809,43.30508],[-2.24919,43.30306],[-2.24993,43.30357],[-2.25158,43.30363],[-2.25212,43.30274],[-2.2605,43.30381],[-2.25988,43.30332],[-2.26068,43.30346],[-2.26053,43.30263],[-2.26104,43.30275],[-2.26014,43.30155],[-2.26194,43.30169],[-2.26233,43.30078],[-2.26415,43.30037],[-2.26365,43.30009],[-2.26816,43.30064],[-2.2685,43.30022],[-2.27022,43.30035],[-2.26983,43.29992],[-2.27078,43.29999],[-2.27261,43.29895],[-2.27557,43.29953],[-2.27608,43.29914],[-2.27547,43.29865],[-2.27942,43.29613],[-2.28446,43.2969],[-2.28615,43.2965],[-2.28539,43.29488],[-2.26398,43.28882],[-2.26315,43.28649],[-2.26556,43.28644],[-2.26661,43.28343],[-2.26638,43.28182],[-2.26474,43.28151],[-2.26374,43.27923],[-2.26062,43.2761],[-2.2586,43.27612],[-2.25805,43.27843],[-2.25888,43.27885],[-2.2574,43.28234],[-2.25586,43.28251],[-2.25544,43.28321],[-2.25455,43.28254],[-2.25524,43.28049],[-2.25453,43.27912],[-2.25282,43.2786],[-2.25188,43.27602],[-2.2526,43.273],[-2.25551,43.27412],[-2.25639,43.27103],[-2.25488,43.26886],[-2.25329,43.26813]]]]}},{"type":"Feature","properties":{"cod":"082","nombre":"Mendaro","comarca":"Deba Behea","reparto":{"Altzola":100}},"geometry":{"type":"MultiPolygon","coordinates":[[[[-2.34202,43.21721],[-2.33892,43.21926],[-2.33876,43.22364],[-2.33481,43.22753],[-2.33509,43.22916],[-2.33226,43.23015],[-2.33644,43.2352],[-2.34465,43.23772],[-2.346,43.23891],[-2.34785,43.24099],[-2.34723,43.24232],[-2.35009,43.24376],[-2.34896,43.24434],[-2.34877,43.24736],[-2.3495,43.24838],[-2.35757,43.25519],[-2.36313,43.26289],[-2.36471,43.26352],[-2.36881,43.26745],[-2.37296,43.26813],[-2.37543,43.26984],[-2.38725,43.26842],[-2.39317,43.26937],[-2.3957,43.27046],[-2.40143,43.26936],[-2.40593,43.26652],[-2.40983,43.2678],[-2.41787,43.26745],[-2.42489,43.25921],[-2.42895,43.25706],[-2.43142,43.25718],[-2.43318,43.25549],[-2.4331,43.25477],[-2.43507,43.25436],[-2.43904,43.25177],[-2.43842,43.25048],[-2.43929,43.24805],[-2.4371,43.24403],[-2.43443,43.24258],[-2.41836,43.24337],[-2.41555,43.24416],[-2.41298,43.24406],[-2.40792,43.24206],[-2.40517,43.24376],[-2.40082,43.24422],[-2.39743,43.24284],[-2.39671,43.2433],[-2.39332,43.24088],[-2.39283,43.23934],[-2.39158,43.23839],[-2.38168,43.23735],[-2.37963,43.23492],[-2.37675,43.23338],[-2.37594,43.23114],[-2.37165,43.23051],[-2.36947,43.22872],[-2.36581,43.22716],[-2.36422,43.22135],[-2.35892,43.21755],[-2.35976,43.21367],[-2.35611,43.21385],[-2.35363,43.21283],[-2.34838,43.21552],[-2.34711,43.21727],[-2.34272,43.21631],[-2.34202,43.21721]]]]}},{"type":"Feature","properties":{"cod":"083","nombre":"Lasarte-Oria","comarca":"Donostialdea","reparto":{"Miramon":100}},"geometry":{"type":"MultiPolygon","coordinates":[[[[-2.00998,43.24334],[-2.00502,43.24787],[-2.00388,43.25004],[-2.00296,43.25203],[-2.00524,43.25725],[-2.00058,43.25856],[-1.99985,43.26342],[-2.00036,43.2655],[-1.9984,43.26534],[-1.99829,43.2669],[-2.00011,43.26699],[-2.00466,43.26991],[-2.00372,43.27186],[-2.00655,43.27396],[-2.00708,43.27728],[-2.00576,43.27769],[-2.00733,43.27814],[-2.009,43.27754],[-2.01727,43.27937],[-2.01725,43.27696],[-2.01836,43.2755],[-2.01919,43.27486],[-2.02218,43.2746],[-2.02258,43.27292],[-2.02363,43.27249],[-2.02766,43.27273],[-2.02687,43.27086],[-2.02466,43.26956],[-2.02207,43.26685],[-2.01957,43.26027],[-2.02127,43.2477],[-2.02359,43.24525],[-2.0217,43.24326],[-2.02131,43.24033],[-2.02018,43.23937],[-2.01831,43.2395],[-2.00998,43.24334]]]]}},{"type":"Feature","properties":{"cod":"084","nombre":"Astigarraga","comarca":"Donostialdea","reparto":{"Miramon":100}},"geometry":{"type":"MultiPolygon","coordinates":[[[[-1.91978,43.25932],[-1.91572,43.26182],[-1.91382,43.26186],[-1.91372,43.26313],[-1.91278,43.26335],[-1.91365,43.26538],[-1.91259,43.26588],[-1.91353,43.26777],[-1.91692,43.26791],[-1.9173,43.27004],[-1.91613,43.27185],[-1.91853,43.27256],[-1.91893,43.27372],[-1.91506,43.27514],[-1.91486,43.27657],[-1.91359,43.27735],[-1.91278,43.2813],[-1.9161,43.28655],[-1.91754,43.288],[-1.92089,43.28951],[-1.92222,43.29239],[-1.92575,43.29317],[-1.93218,43.2979],[-1.92934,43.29889],[-1.92852,43.30079],[-1.92646,43.30143],[-1.92638,43.30199],[-1.92908,43.30244],[-1.93108,43.30348],[-1.93309,43.30161],[-1.93984,43.30287],[-1.94226,43.30183],[-1.94225,43.29969],[-1.94467,43.29833],[-1.94314,43.29608],[-1.94343,43.29388],[-1.94021,43.29259],[-1.94069,43.29167],[-1.94295,43.28967],[-1.9487,43.28744],[-1.94989,43.28572],[-1.95197,43.28635],[-1.95314,43.28446],[-1.95537,43.28326],[-1.95687,43.27943],[-1.95953,43.27358],[-1.94943,43.26696],[-1.94705,43.26803],[-1.94347,43.26786],[-1.94091,43.26558],[-1.94028,43.26304],[-1.9388,43.26249],[-1.93906,43.26094],[-1.94021,43.26021],[-1.93887,43.25893],[-1.93936,43.2575],[-1.9383,43.25466],[-1.93847,43.25307],[-1.93928,43.25241],[-1.93352,43.25331],[-1.93267,43.255],[-1.93114,43.25588],[-1.92961,43.25656],[-1.9284,43.25625],[-1.92801,43.25685],[-1.92697,43.2566],[-1.92638,43.2585],[-1.92502,43.25865],[-1.92496,43.25942],[-1.92208,43.25867],[-1.91978,43.25932]]]]}},{"type":"Feature","properties":{"cod":"085","nombre":"Baliarrain","comarca":"Tolosaldea","reparto":{"Ordizia":100}},"geometry":{"type":"MultiPolygon","coordinates":[[[[-2.12048,43.06868],[-2.11979,43.06967],[-2.12094,43.07135],[-2.12014,43.07296],[-2.12217,43.07474],[-2.12183,43.07545],[-2.12395,43.07666],[-2.12423,43.07832],[-2.12589,43.07994],[-2.12565,43.08206],[-2.12784,43.08194],[-2.12791,43.08234],[-2.12943,43.08079],[-2.13084,43.08107],[-2.13463,43.07969],[-2.13497,43.08012],[-2.13646,43.07895],[-2.13887,43.07854],[-2.14204,43.07683],[-2.14348,43.07043],[-2.14215,43.06431],[-2.13997,43.06257],[-2.13515,43.06464],[-2.13168,43.0651],[-2.12783,43.06683],[-2.12327,43.06737],[-2.12048,43.06868]]]]}},{"type":"Feature","properties":{"cod":"086","nombre":"Orendain","comarca":"Tolosaldea","reparto":{"Ordizia":97,"Bidania":3}},"geometry":{"type":"MultiPolygon","coordinates":[[[[-2.11026,43.06515],[-2.10314,43.06582],[-2.10038,43.06511],[-2.09886,43.0653],[-2.0994,43.06715],[-2.09809,43.07085],[-2.08709,43.07555],[-2.08842,43.07692],[-2.08808,43.07874],[-2.08924,43.08241],[-2.09036,43.08335],[-2.08941,43.08484],[-2.09383,43.08799],[-2.09432,43.08919],[-2.0992,43.08993],[-2.10162,43.0923],[-2.10417,43.09164],[-2.10688,43.09253],[-2.11048,43.0903],[-2.11455,43.08657],[-2.11583,43.08662],[-2.11845,43.08519],[-2.11863,43.08434],[-2.12101,43.08459],[-2.1232,43.08347],[-2.12567,43.08418],[-2.12589,43.07994],[-2.12423,43.07832],[-2.12395,43.07666],[-2.12183,43.07545],[-2.12217,43.07474],[-2.12011,43.0729],[-2.12094,43.07126],[-2.11988,43.07012],[-2.1205,43.0687],[-2.11961,43.06799],[-2.11997,43.06666],[-2.11926,43.0655],[-2.11847,43.06556],[-2.11803,43.06491],[-2.11369,43.06543],[-2.11026,43.06515]]]]}},{"type":"Feature","properties":{"cod":"087","nombre":"Altzaga","comarca":"Goierri","reparto":{"Ordizia":100}},"geometry":{"type":"MultiPolygon","coordinates":[[[[-2.14891,43.05271],[-2.1488,43.05509],[-2.14653,43.05776],[-2.14216,43.06191],[-2.13999,43.06255],[-2.14215,43.06431],[-2.14281,43.06618],[-2.14348,43.07043],[-2.14312,43.07373],[-2.14396,43.07353],[-2.14656,43.07564],[-2.15156,43.07427],[-2.15255,43.07282],[-2.15297,43.0735],[-2.15473,43.07397],[-2.1543,43.07474],[-2.15665,43.07622],[-2.15619,43.07503],[-2.15827,43.07343],[-2.15706,43.06924],[-2.15821,43.06809],[-2.1577,43.06755],[-2.15853,43.06648],[-2.16098,43.06557],[-2.16185,43.06456],[-2.15779,43.06283],[-2.15597,43.05854],[-2.15483,43.05819],[-2.15506,43.05512],[-2.15359,43.05507],[-2.15155,43.05626],[-2.15013,43.05492],[-2.15056,43.05327],[-2.14891,43.05271]]]]}},{"type":"Feature","properties":{"cod":"088","nombre":"Gaztelu","comarca":"Tolosaldea","reparto":{"Berastegi":100}},"geometry":{"type":"MultiPolygon","coordinates":[[[[-1.99715,43.10179],[-2.00036,43.10658],[-2.00167,43.11085],[-2.00181,43.11436],[-2.0055,43.11737],[-2.00803,43.12225],[-2.01747,43.1271],[-2.01659,43.12904],[-2.02428,43.12784],[-2.02967,43.13063],[-2.02994,43.13143],[-2.03311,43.13079],[-2.03517,43.12835],[-2.03459,43.12523],[-2.0366,43.12343],[-2.03844,43.12274],[-2.04067,43.12049],[-2.04257,43.12093],[-2.04667,43.12031],[-2.05019,43.11952],[-2.05261,43.11721],[-2.05527,43.11669],[-2.05512,43.11595],[-2.04987,43.11445],[-2.04637,43.11492],[-2.04533,43.11575],[-2.0447,43.11472],[-2.04153,43.11366],[-2.03733,43.11462],[-2.03331,43.11285],[-2.03211,43.1115],[-2.03343,43.11051],[-2.03377,43.10911],[-2.03239,43.10916],[-2.03127,43.11],[-2.02972,43.10988],[-2.02648,43.10815],[-2.02382,43.10534],[-2.02033,43.10411],[-2.01618,43.10438],[-2.01403,43.10373],[-2.005,43.10417],[-2.00356,43.10382],[-2.00101,43.10172],[-1.99889,43.10188],[-1.99668,43.1007],[-1.99715,43.10179]]],[[[-2.0244,43.06662],[-2.01847,43.0684],[-2.01785,43.06788],[-2.01592,43.06927],[-2.01347,43.07283],[-2.01225,43.07336],[-2.01301,43.07441],[-2.01583,43.07477],[-2.01683,43.07545],[-2.01804,43.07761],[-2.01788,43.07887],[-2.01917,43.07954],[-2.02227,43.07837],[-2.02166,43.07709],[-2.02328,43.07551],[-2.02556,43.0767],[-2.03282,43.07314],[-2.0244,43.06662]]],[[[-2.05479,43.11455],[-2.05613,43.11487],[-2.05646,43.11556],[-2.0571,43.11452],[-2.05479,43.11455]]],[[[-1.97788,43.08198],[-1.97203,43.08459],[-1.97486,43.08659],[-1.97438,43.08794],[-1.97345,43.0883],[-1.97419,43.09078],[-1.9789,43.09009],[-1.98142,43.09329],[-1.98854,43.09349],[-1.99075,43.09486],[-1.9912,43.09452],[-1.98941,43.09102],[-1.98288,43.09174],[-1.98097,43.08929],[-1.98227,43.08934],[-1.98262,43.09054],[-1.98537,43.0882],[-1.98193,43.08599],[-1.98003,43.08246],[-1.97804,43.08277],[-1.97788,43.08198]]]]}},{"type":"Feature","properties":{"cod":"996","nombre":"Isla de los Faisanes","comarca":"","reparto":{"Pasaia":100}},"geometry":{"type":"MultiPolygon","coordinates":[[[[-1.76547,43.34261],[-1.76427,43.34309],[-1.76495,43.34309],[-1.76675,43.34259],[-1.76547,43.34261]]]]}},{"type":"Feature","properties":{"cod":"997","nombre":"Parzoner�a de Gipuzkoa","comarca":"","reparto":{"Zegama":100}},"geometry":{"type":"MultiPolygon","coordinates":[[[[-2.23299,42.93214],[-2.22304,42.93415],[-2.22065,42.93387],[-2.2158,42.93754],[-2.21605,42.94327],[-2.211,42.94575],[-2.21026,42.94994],[-2.21223,42.95163],[-2.22631,42.9478],[-2.23987,42.94612],[-2.25095,42.94856],[-2.25565,42.94791],[-2.25836,42.94663],[-2.25693,42.9439],[-2.25638,42.94278],[-2.25445,42.94202],[-2.25173,42.93951],[-2.24979,42.93903],[-2.24461,42.93474],[-2.24289,42.93443],[-2.23806,42.93623],[-2.23318,42.93362],[-2.23299,42.93214]]]]}},{"type":"Feature","properties":{"cod":"998","nombre":"Enirio-Aralar","comarca":"","reparto":{"Ordizia":100}},"geometry":{"type":"MultiPolygon","coordinates":[[[[-2.10935,42.97064],[-2.09276,42.97234],[-2.08935,42.97467],[-2.08657,42.97463],[-2.08592,42.97538],[-2.08294,42.97589],[-2.07435,42.97629],[-2.05481,42.97589],[-2.05294,42.97611],[-2.05122,42.97933],[-2.04874,42.97923],[-2.04839,42.97858],[-2.04478,42.97875],[-2.04231,42.97892],[-2.03809,42.98095],[-2.03849,42.98305],[-2.0367,42.98555],[-2.03272,42.98684],[-2.0285,42.99867],[-2.03176,42.99816],[-2.03263,42.99934],[-2.03254,43.00308],[-2.0339,43.0094],[-2.0348,43.01148],[-2.03948,43.0158],[-2.03924,43.01922],[-2.04106,43.02198],[-2.03994,43.02634],[-2.04096,43.02737],[-2.04094,43.0297],[-2.04265,43.0295],[-2.0514,43.02679],[-2.0554,43.02429],[-2.05756,43.02428],[-2.06447,43.02659],[-2.07275,43.02448],[-2.07484,43.02244],[-2.0778,43.02397],[-2.08843,43.02273],[-2.09047,43.01951],[-2.09997,43.01327],[-2.11028,43.00989],[-2.11398,43.00224],[-2.11562,42.99426],[-2.1155,42.991],[-2.11387,42.98866],[-2.12494,42.98423],[-2.11891,42.9796],[-2.11828,42.97491],[-2.117,42.97338],[-2.11547,42.97282],[-2.11481,42.97093],[-2.10935,42.97064]]]]}},{"type":"Feature","properties":{"cod":"999","nombre":"Parzoner�a General de Gipuzkoa y Araba","comarca":"","reparto":{"Zegama":100}},"geometry":{"type":"MultiPolygon","coordinates":[[[[-2.23788,42.91304],[-2.23743,42.91637],[-2.23883,42.92107],[-2.23293,42.93309],[-2.23707,42.93577],[-2.23806,42.93623],[-2.24289,42.93443],[-2.24461,42.93474],[-2.24979,42.93903],[-2.25173,42.93951],[-2.25445,42.94202],[-2.25631,42.94279],[-2.25896,42.93916],[-2.27108,42.93335],[-2.27384,42.93135],[-2.27896,42.93149],[-2.28069,42.9332],[-2.28449,42.93514],[-2.28698,42.93522],[-2.28959,42.93616],[-2.29692,42.93617],[-2.30035,42.93555],[-2.30276,42.93621],[-2.3112,42.93956],[-2.31647,42.94345],[-2.31952,42.94392],[-2.3232,42.94574],[-2.32586,42.94867],[-2.32895,42.95536],[-2.33206,42.95742],[-2.33718,42.9624],[-2.34061,42.96973],[-2.34334,42.97019],[-2.34443,42.97184],[-2.34622,42.97247],[-2.34874,42.9752],[-2.35211,42.97467],[-2.35216,42.97572],[-2.35373,42.9757],[-2.35517,42.97604],[-2.35573,42.97688],[-2.35765,42.97706],[-2.36057,42.97862],[-2.36282,42.97863],[-2.36568,42.98011],[-2.36799,42.97574],[-2.36565,42.96948],[-2.36198,42.96683],[-2.36298,42.96262],[-2.35494,42.95663],[-2.35355,42.95327],[-2.35487,42.94967],[-2.35277,42.94804],[-2.35107,42.94251],[-2.33758,42.93529],[-2.33285,42.93358],[-2.32298,42.93156],[-2.31903,42.92947],[-2.31662,42.92915],[-2.31431,42.92668],[-2.30959,42.92605],[-2.30526,42.92742],[-2.30234,42.92579],[-2.30015,42.92283],[-2.29763,42.9149],[-2.29145,42.90756],[-2.29338,42.90563],[-2.29028,42.90216],[-2.2849,42.90106],[-2.27346,42.90111],[-2.26564,42.89914],[-2.26109,42.89906],[-2.25564,42.89788],[-2.25071,42.89547],[-2.24871,42.89704],[-2.24019,42.89507],[-2.23851,42.89558],[-2.23788,42.91304]]]]}}]}